"x1";"x2";"x3";"x4";"x5";"x6";"x7";"x8";"x9";"x10";"x11";"x12";"x13";"x14";"x15";"x16";"x17";"x18";"x19";"x20";"x21";"x22";"x23";"x24";"x25";"x26";"x27";"x28";"x29";"x30";"x31";"x32";"x33";"x34";"x35";"x36";"x37";"x38";"x39";"x40";"x41";"x42";"x43";"x44";"x45";"x46";"x47";"x48";"x49";"x50";"y"
4,33;-1,73;0,47;-9,52;3,21;0,74;22,71;-2,01;16,16;16,66;-12,5;-21,32;4,49;-16,76;-5,92;3,8;5,69;7,6;21,16;23,65;0,2;2,22;-11,51;-1,44;-2,89;-19,75;-2,16;-17,17;-7,17;-3,69;-7,65;12,38;-0,67;-0,99;-2,96;-0,83;8,05;-8,95;6,9;-20,95;6,59;12,31;3,61;-6,57;-10,73;8,77;-0,25;-0,66;0,5;-2,16;-0,31
9,01;-1,25;0,54;-2,87;1,54;9,06;16,62;3,2;0,62;-1,94;-14,68;-14,68;-4,36;-7,99;-3,27;-3,23;-1,42;2,14;12,18;23,01;8,28;-1,91;-15,29;-5,99;-0,24;-8,48;-0,49;-19,06;1,09;5,67;19,33;11,28;5,51;-0,56;2,24;3,89;-1,06;1,56;-11;-5,45;-0,24;-3,46;5,51;-0,29;2,11;2,26;-8,23;-1,28;-4,93;4,54;1,22
1,5;0,93;1,08;1,58;-9,84;-1,27;11,91;-2,91;-11,43;7,24;-9,97;1,71;7,57;6,78;-2,52;1,22;2,77;-0,43;5,95;18,49;2,79;3,7;-2,46;-1,42;-0,63;-10,64;-3,34;7,87;4,28;2,37;0,87;6,24;1,86;1,24;-3,15;3,01;10,07;6,54;-7,3;-11,03;0,58;8,75;-0,36;1,54;-3,68;7,67;-0,34;0,54;-2,26;2,86;3,43
12,21;2,87;4,6;-9,51;-3,72;6,89;26,02;7,49;2,62;5,1;-30,87;-25,09;-0,67;-4,88;-3,28;-0,33;-4,94;9,63;24;36,91;11,85;-1,05;-16,58;-8,01;-8,92;-11,68;0,6;-25,02;10,25;5,56;31,17;17,79;9,17;0,34;3,68;11,21;10,02;-7,59;-21,44;-9,12;1,61;-4,76;8,51;-5,88;3,2;2,28;-8,47;-3,99;-2,91;8,62;3,61
0,37;-0,47;2,66;-7,9;1,82;1,12;20,53;2,8;18,65;9,9;-15,29;-25,19;0,06;-14,94;-1,42;-3,62;2,03;3,67;19,62;16,57;-0,96;2,34;-6,29;-4,54;-3,31;-3,47;2,64;-19,46;1,16;-0,47;-0,48;-0,6;-0,78;-1,45;1,03;1,71;6,55;-11,71;-3,72;-5,48;3,39;-0,38;0,16;-0,55;-2,94;4,5;0,13;3,22;0,71;1,68;-0,44
5,01;1,18;-1,78;4,77;-2,06;1,34;6,02;4,75;-4,77;-4,69;-7,24;-0,71;1,47;0,88;-4,04;3,86;-0,2;2,54;3,27;11,02;3,82;3,47;-3,38;-3,01;-2,37;-4,51;-1,86;-3,24;0,93;5,08;10,02;12,86;10,86;-0,11;5,79;5,99;2,35;-0,9;0,26;-2,24;-2,85;-11,05;11,68;-1,34;5,97;1,31;-13,72;-6,15;-2,02;-3,46;2,61
8,75;7,17;-8,4;-5,98;0,96;-2,91;7,82;-5,33;2,58;12,78;-10,45;-8,43;-0,61;0,06;-3,55;-1,24;6,49;8,81;8,66;8,05;0,73;0,74;-3,93;-5,42;-3,6;-12,55;4,31;-14,45;-4,19;-3,46;-4,42;-0,78;-6,09;-3,09;0,34;1,81;4,94;-3,77;-0,55;-9,09;4,08;6,64;-16,33;-0,62;-6,43;9,97;16,17;4,49;0,34;0,96;-1,55
1,33;5,44;-4,34;-12,8;4,12;4,45;21,64;-0,73;14,81;-3,7;-7,5;-24,23;-0,23;-13,84;1,29;-2,74;5,62;5,4;19,21;16,44;-1,42;4,91;-4,25;-1,42;-12,42;-4,93;1,67;-19,72;-2,36;1,56;-6,55;6,14;8,3;-1,67;2,58;0,15;8,38;-8,67;4,08;-0,08;-5,45;-2,98;-1,17;7,43;5,41;6,89;5,3;-1,3;-2,58;-0,02;1,02
3,95;4,59;-4,55;8,88;-2,24;-8,18;8,13;1,33;-1,15;6,58;-7,15;-9,22;4,01;-2,94;2,91;-2,86;2,99;3,77;2,33;11,15;3,43;3,84;-3,14;3,98;9,01;-9,27;-2,47;-0,31;-4,31;-4,62;-4,79;4,63;1,45;0,97;0,29;1,69;7,91;-4,84;5,59;-14,68;-3,82;5,38;3,45;-2,83;-3,52;8,66;0,26;3;0,81;-0,11;1,45
-4,19;4,86;-2,06;6,08;4,42;0,87;-1,14;-5,87;-9,08;4,04;0,38;-6,05;4,57;-3,91;-1,18;5,56;3,84;-4,37;-11,24;4,77;0,75;3;0,72;-5,17;4,87;-4,1;3,37;6,91;1,16;3,22;6,96;-2,56;0,07;-0,16;0,87;-0,91;-4,83;-1,32;-6,66;-2,45;-2,48;1,63;3,37;4,66;-1,54;7,73;-3,45;-0,25;0,13;4,84;0,51
8,21;5,81;6,35;2,95;-1,15;-0,65;2,84;-3,07;-6,07;8,65;-7;7,18;-4,98;4,58;-0,53;-3,57;3,65;9,67;4,59;6,58;9,45;0,3;-3,29;-12,42;8,64;-11,25;5,58;-2,23;14,26;0,64;31,69;6,67;1,04;-1,03;0,48;11,6;1,3;2,42;-31,51;-6,93;2,02;6,01;-2,15;4,27;-5,53;7,64;4,85;-1,04;-2,36;14,92;6,42
-5,12;-3,06;9,33;3,22;3,8;-7,06;2,08;-1,12;8,84;6,59;-1,1;-7,94;11,72;-3,86;0,63;-6,77;1,81;-0,71;-4,22;-0,09;1,68;-5,83;8,55;-5,46;-5,04;-4,89;3,27;10,72;4,19;2,55;24,85;0,05;-2,5;-3,53;2,31;6,88;6,46;-12,39;-10,27;-1,99;1,26;-1,5;8,11;4,78;-2,18;6,72;-4,6;2,51;-3,78;4,29;2,73
-1,51;1,73;-3,41;5,98;-1,22;-6,46;1,61;-3,37;3,08;6,02;1,59;1,86;7,59;1,11;-3,52;-2,41;7,26;0,59;-4,33;-2,03;2,87;5,73;8,38;-3,83;1,28;-14,29;-1,53;11,11;-1,75;0,54;-6,77;6,07;-1,01;-3,52;3,69;-0,45;6,47;-7,24;1,79;-3,21;2,53;-1,74;0,11;3,75;0,91;10,59;-0,71;0,82;-2,7;-0,09;1,75
6,68;6,14;-1,81;-8,11;-2,59;2,93;24,24;0,35;12,22;8,63;-15,63;-19,95;5,69;-10,87;1,16;0,13;2,08;7,25;20,54;25,73;4,99;5,25;-11,61;-3,42;-8,66;-4,44;-1,58;-18,44;0,55;-1,54;7,03;-0,03;3,06;-0,54;1,12;5;13,19;-7,96;-0,6;-7,99;-0,2;3,42;10,09;0,54;-3,38;6,95;-8,23;0,88;2,11;-0,26;2,97
1,89;3,35;-1,1;5,54;0,67;-4,17;1,48;2,54;-2,99;-5,89;-0,66;1,01;2,86;2,79;-4,22;-3,34;-1,71;0,91;-1,32;-1,21;-0,98;5,16;-1,54;-1,06;1,31;-0,69;-0,4;4,15;0,26;11,79;-3,66;8,06;5,75;-0,68;5,39;3,02;1,35;1,96;3,82;8,63;4,83;-12,27;-0,51;6,41;7,27;1,62;-0,11;-3,49;-3,16;1,22;3,3
12,49;0,18;2,53;-12,01;-2,34;-0,34;22,19;-3,92;4,86;9,22;-20,57;-13,62;-7,04;-1,54;-3,66;-1,94;8,49;10,78;22,57;25,41;4,79;-1,04;-12,84;-8,32;-2,53;-4,3;3,46;-26,01;6,94;-0,07;24,48;-2,17;-5,36;-2,73;3,9;8,61;5,53;-2,5;-13,99;-3,64;-0,35;-2,42;5,82;-0,35;-0,44;9,85;-4,75;10,31;-0,69;4,71;3,04
6,43;0,11;-0,49;-9,55;1,79;1,2;20,19;1,9;8,41;3,42;-12,11;-16,1;4,36;-9,59;-4,01;0,42;6,29;5,78;17,07;21,63;6,37;4,65;-11,91;-4,26;-7,09;-1,62;0,25;-11,85;1,12;0,87;2,9;3,89;-1,05;-1,77;-1,2;4,86;7,06;-4,79;-0,38;-7,53;3,12;-4,58;5,75;-0,23;-2,66;4,83;-6,84;2,43;-1,76;-0,06;1,47
3,63;1,38;2,69;-4,03;0,97;1,91;17,43;4,47;7,52;-0,93;-11,06;-21,16;4,26;-11,73;4,15;-3,16;4,86;3,73;12,67;20,07;6,08;2,37;-10,84;-10,43;-4,83;1,11;2,79;-13,76;3,93;-1,69;17,36;2,03;6,68;0,02;1,77;4,06;6,64;-6,41;-8,45;-10,02;-5,54;-1,64;7,8;-0,09;0,04;7,09;-4,79;4,22;1,48;3,7;2,61
3,21;3,26;-1,67;-8,81;-0,85;9,43;23,96;-7,19;9,87;13,44;-19,53;-26,16;2,2;-16,53;2,2;-9,94;2,08;2,09;23,63;28;5,59;3,04;-14,76;-3,13;-8,78;-8,06;-1,44;-21,26;-2,66;1,15;2,54;-12,31;-2,22;-4,94;5,38;0,5;8,93;-4,11;-0,53;2,18;-5,06;-0,07;6,96;13,89;-0,43;14,88;-5,08;6,65;-3,27;0,7;0,55
5,96;8,65;-1,44;6,03;1,35;-6,33;6,62;-4,18;-17,54;18;0,33;-1,97;-3,72;2,26;-4,5;0,84;8,13;2,25;-5,17;7,65;10,73;1,31;-12,06;-0,25;10,35;-17,14;-2,59;0,04;3,43;2,46;16,59;1,04;-6,49;1,24;-1,01;7,43;-6,76;6,15;-14,93;-10,31;2,79;6,35;9,31;0,39;-9,53;11,67;-6,57;3,57;-1,21;5,51;2,24
-0,75;1,34;-2,65;-3,78;-0,81;-4,03;13,04;3,82;13,24;1,89;-4,98;-17,3;2,81;-6,47;-3,61;0,86;4,17;0,92;5,86;6,31;8,68;5,21;4,58;-6,05;-1,75;-8,67;-5,16;-8,87;0,22;-0,88;13,52;8,96;1,38;0,49;3,87;5,72;7,67;-11,59;-1,17;-8,11;-1,34;-1,74;16,4;-3,8;4,28;6,39;-15,53;3,31;-0,87;-2,14;1,28
5,33;7,69;-6,47;-1,8;1,92;0,88;10,15;-6,25;-1,67;9,54;-0,23;-3,53;2,01;-1,18;-2,32;-4,07;5,22;3,31;2,01;7,87;4,99;0,46;-5,11;-5,36;-3,35;-13,07;7,21;-3,32;1,71;2,14;4,54;-2,6;-3,23;-2,13;1,43;1,19;0,41;0,71;-10,22;-4,14;-0,23;4,59;-12,07;5,64;-2,63;12,99;9,66;5,6;-2,98;7,04;1,94
9,26;2,34;1,95;-7,53;-4,23;1,59;15,44;4,89;3,43;-1,35;-21,45;-10,86;-4,27;-0,2;-0,47;-4,32;0,28;7,93;14,39;20,18;14,57;-0,98;-2,94;-6,87;1,31;0,9;-1,59;-17,18;2,85;3,25;23,74;7,63;7,76;2,31;0,92;9,82;4,32;-5,8;-14,49;-4,79;-1,38;-1,24;12,15;-0,42;4,31;3,41;-12,38;4,08;0,7;3,76;3,82
6,55;-0,55;2,76;-11,11;-2,44;0,62;19,88;4,03;6,01;-0,56;-17,14;-19,22;1,27;-3,48;0,87;-1,28;-1,88;10,6;17,07;25,75;2,85;-1,79;-6,01;-7;-5,58;2,95;5,03;-19,36;3,6;1,52;11,99;3,57;7,79;1,09;0,69;4,92;11,33;-10,56;-10,24;-3,76;1,79;-0,13;-3,66;2,98;4,8;3,77;3,89;1,07;0,22;5,69;3,01
3,9;2,5;7,23;3,25;-2,41;-1,15;15,2;-1,61;5,74;8,21;-2,71;-12,82;2,38;-10,31;-0,53;-2,35;2,69;0,63;9,52;12,45;4,89;-4,75;-11,8;-3,03;0,56;-7,78;1,37;-11,67;-1,73;6,21;21,47;3,12;3,6;0,02;-0,72;1,78;7,57;0,24;-8,48;-4,35;1,89;-2,75;13,39;4,83;-4,37;6,23;-8,24;-2,95;-1,75;3,87;2,83
12,51;1,91;3,82;-14,01;-2,08;-2,61;26,03;-2,49;9,38;7,02;-26,53;-19,75;5,21;-3,26;-1,98;-1,93;4;14,21;24,8;32,55;5,01;-2,81;-13,2;-8,36;-8,11;-9,73;4,94;-20,82;2,29;-0,73;13,71;-0,79;0,56;-3,61;5,56;3,73;13,04;-11,4;-12,61;-2,27;-0,24;-0,53;-1,9;2,29;1,94;8,48;5,57;2,03;-1,62;6,61;2,52
-1,72;2,16;-0,07;0,19;0,45;-1,15;3,95;4,58;2,49;9,55;-1,77;2,96;4,02;-0,37;-4,47;-7;0,48;-3,03;0,75;2,56;2,11;-0,21;0,15;-1,84;-1,11;-6,65;1,75;6,12;-1,43;3,99;0,66;7,14;2,85;1,77;-2,25;-2,38;1,33;1,42;-3,89;-9,35;5,62;1,09;-2,63;-2,38;-3,8;3,67;5,34;3,26;-0,98;5,75;2,12
13,32;0,59;-0,95;-3,81;-0,8;-4,84;14,43;-1,37;-0,63;5,58;-16,16;-3,71;-2,91;-0,52;-3,29;-0,87;2,82;12,38;12,45;18,24;-0,5;0,61;-10,48;-5,05;9,07;-8,91;5,19;-8,3;2,97;-0,46;4,55;8,3;-0,27;-3,87;3,8;-1,28;-1,22;-4,55;-4,99;-1,26;3,98;-4,11;-3,8;-1,95;-0,71;3,19;5,58;-2,18;-2,44;6,17;1,8
5,55;3,12;5,14;-4,04;-0,75;-0,28;15,23;10,3;10,78;-9,63;-12,36;-16,27;4,67;-4,87;-2,19;-1,66;-2,81;4,72;10,83;16,37;8,42;-4,87;-3,08;-5,39;-5,31;0,67;8,16;-11,45;7;3,96;18,92;24,87;19,34;1,95;0,51;4,83;8,85;-10,29;-23,85;-8,62;1,02;-6,56;-7,44;-8,62;6,49;-6,87;9,86;-6,26;0,41;13,12;4,29
0,89;10,16;-12,52;-4,97;5,94;-1,09;7,42;-0,91;-3,36;-0,82;-0,6;-6,47;-1,49;-3,47;1,69;-2,35;-0,02;3,11;3,23;9,08;-0,53;8,69;-8,12;4,73;0,58;-2,43;-2,6;-4,29;-9,26;-2,14;-23,88;6,61;12,67;0,43;0,82;-6,89;-1,63;2,3;12,79;-9,64;-9,51;0,57;-0,44;-2,19;2,78;6,13;2,74;3,94;1,4;-4,16;-1,43
10,41;2,1;2,36;-8,37;-2,75;1,38;16,78;-3,03;5,37;1,62;-14,99;-9,59;-5,37;-4,06;0,28;3,89;-1,37;9,98;21,46;15,89;10,24;-1,48;-9,64;-8,71;-1,16;-6,51;2,25;-19,21;-0,53;-0,46;18,18;8,31;9,33;0,16;2;3,41;8,34;-0,55;-7,59;-7,28;-8,03;1,21;9,38;-2,94;3,54;4,83;-5,45;-0,48;-0,14;2,49;3,45
12,02;-1,2;1,39;-7,38;-1,58;-1,32;21,05;5,12;9,95;3,4;-15,43;-16,94;1,34;-6,71;-4,99;1,74;2,4;9,67;16,46;21,44;5,27;0,92;-11,31;-7,47;-3,98;-10,19;2,96;-20,13;1,75;0,16;10,8;11,34;-1,14;-1,28;2,36;4,66;9,57;-6,73;-5,84;-9,53;3,87;-5,12;2,18;-7,69;-1,4;1,97;-3,01;-0,75;-2,45;1,82;0,32
9,78;2,42;2,64;-7,76;-2,82;2,96;21,89;2,64;9,05;5,46;-15,08;-15,34;-2,62;-6,68;-6,1;1,54;6,93;7,42;18,92;23,08;4,11;-0,28;-10,82;-3,41;-5,38;-13,01;2,25;-21,43;-0,55;2,06;8,91;9,43;0,46;3,53;-5,02;2,89;8,1;-5,01;-2,44;-19,88;-2,21;4,92;9,07;-7,72;-6,7;7,52;-6,89;5,86;-0,03;1,28;1,45
-5,4;2,83;3,04;3,17;3,28;-4,84;0,55;10,26;-2,09;2,29;6,67;2,6;4,02;-1,24;2,68;-6,03;4,1;-4,63;-4,28;-0,91;7,79;-1,27;1,23;-6,18;4,42;-4,67;4,12;8,37;6,99;-4,36;22,89;14,66;2,8;2,69;-3,08;5,23;-0,68;5,53;-17,38;-14,2;2,36;0,98;2,34;-6,02;-2,23;1,2;-0,06;1,3;0,18;10,35;4,31
4,17;1,88;2,56;2,56;1,88;-1,14;7,21;-0,06;-5;3,53;-2,74;-7;-4,57;2,15;-3,98;-3,13;5,23;-0,03;-2,36;8,3;4,8;1,22;-4,27;-6,7;5,72;-10,51;0,19;-4,56;1,61;0,44;15,87;9,11;5,08;-1,97;-3,14;1,21;-1,26;3,84;-6,29;-11,66;-0,04;-0,92;9,44;-1,2;-3,61;5,74;-9,18;0,8;-1,82;3,94;0,86
1,78;-3,52;5,16;-3,71;2,2;3,14;11,54;0,22;1,15;2,68;-7,5;-7,4;-0,77;-4,73;1,45;-5,63;2,11;0,48;5,9;13,28;3,18;3,34;-5,07;-7,75;-1,08;0,06;-1,42;-6,22;0,99;-0,83;15,28;-1,92;2,14;0,58;-1,4;4,64;0,02;-0,37;1,68;-5,64;-3,11;5;19,37;4,58;-2,39;6,32;-18,14;4,96;-0,37;-1,45;1,86
4,75;-1,12;0,15;-4,12;1,61;-1,71;10,04;0,84;4,3;-2,46;-3,83;-8,77;2,45;-4,21;-1,96;-3,49;1,88;3,4;7,49;10,52;6,85;-1,8;-7,04;-13,22;-2,21;-3,74;0,32;-5,28;-2,14;1,78;14,64;15,16;10,25;1,52;-1,7;3,99;6,95;0,12;-5,6;-5,48;-1,99;-3,76;0,3;0,84;-0,37;1,44;-1,93;-2,39;-1,27;0,35;1,21
1,83;-1,32;7,23;3,3;0,78;-12,12;4,52;-2,75;-7,71;13,52;-0,28;-2,11;5,39;1,84;-3,27;-4,06;9,96;2,81;-2,52;4,57;11,16;1,05;-2,53;-5,93;7,86;-8,75;2,59;9,24;11,54;-0,16;23,16;-2,13;-9,2;-0,67;-1,86;11,81;1,09;1,5;-18,48;-6,96;10,35;6,63;7,95;-2,74;-6,03;8,44;-4,96;8,86;2,48;7,01;5,55
5,07;-1,77;4,35;-10,29;4,74;5,3;18,23;-1,04;9,72;4,27;-19,79;-18,33;-3,33;-12,12;-1,14;-6,13;-1,62;3,96;12,98;22,69;0,11;4,12;-8,56;-3,52;-0,77;-7,33;-2,01;-18,78;3,61;7,77;5,77;7,77;1,45;0,14;-1,17;5,85;-1,38;-5,58;-5,06;-2,16;7,75;-1,52;5,48;3,79;-2,15;3,31;-4,54;-1,9;-2,95;3,19;0,01
8,44;5,69;1,46;4,73;-3,93;-11,62;7,98;-0,14;-10,55;-1,44;-6,09;-10,81;0,45;6,44;2,65;-2,13;0,78;2,14;1,46;9,51;8,73;4,21;-6,6;0,77;9,56;-0,61;-0,13;-4,42;6,71;-2,71;7,1;3,24;6,14;0,35;2,36;8,15;3,97;3,26;-11,82;-8,28;-8,98;2,43;3,69;-0,68;3,87;6,75;-0,24;6,31;-0,83;7,63;3,66
1,83;1,1;0,81;-1,01;1;-3,18;10,23;3,89;9,99;4,67;-6,81;-7,92;4,76;-3,55;-4,09;3,07;4,18;3,3;8,7;7,36;-3,84;-0,83;3,49;-7,01;-4,33;-13,55;11,29;-3,35;6,93;-4,32;11,93;17,48;8,34;0,28;0,12;3;9,02;-5,47;-11,45;-19,12;-4,13;0,89;-8,8;-10,78;-3,48;4,77;11,02;-0,74;0,26;8,46;2,1
10,54;2,69;0,97;-8,59;0,23;1,8;24,75;-5,55;9,8;11,28;-18,07;-24,42;-2,9;-10,7;2,82;1,75;5,81;7,87;21,87;27,61;7,45;3,52;-15,56;-5,29;-2,66;-10,2;4,95;-23,76;2,53;-5,74;3,21;0,23;1,08;-0,38;1,47;3,8;8,28;-4,84;-9,7;-8,05;-4,83;11,54;-1,17;3,33;-2,61;11,11;1,22;1,68;0,48;3,62;2,01
5,4;4,96;3,29;-2,6;-1,82;5,86;24,57;-5,89;-1,29;1,47;-14,09;-18,47;-0,33;-9,28;2,02;-5,7;10,18;1,62;18,1;29,46;3,55;0,76;-22,86;-5,38;-5,16;-4,56;1,38;-18,97;3,52;-0,56;14,86;-2,59;-0,91;0,13;-3;2,75;5,34;2,29;-9,04;-4,96;-1,45;6,65;8,52;4,88;-0,71;11,77;-6,57;9,36;2,2;4,06;2,6
21;7,11;-1,58;-14,55;-9,19;-1,71;36,38;-3,96;15,9;5,97;-32,34;-36,89;-1,85;-7,98;3,21;-8,59;8,15;15,18;36,63;37,31;7,69;3,24;-22,59;-2,67;-9,87;-1,57;1,63;-41,13;2,53;1,27;2,32;-9,41;-3,83;-0,95;1,23;3,26;20,22;-10,62;-10,95;3,96;2,59;-3,2;-6,12;6,18;-1,7;8,04;8,13;6,83;2,35;7,9;1,52
18,17;-0,97;6,83;-1,18;-5,08;-7,52;14,06;1,53;-4,58;8,81;-17,21;-13,29;-6,42;0,05;-1,72;2,63;1,24;13,87;13,07;21,21;8,48;-3,28;-11,56;-6,79;7,61;-2,09;3,46;-23;8,48;-0,89;25,23;0,34;2,94;-0,43;3,23;8,37;6,17;-1,66;-18,69;-7,6;0,54;2,31;5,33;-4,53;-0,75;3,93;-6,3;3,01;2,52;7,26;3,38
5,2;3,73;-8,25;-12,23;4,9;7,65;18,04;-1,8;9,54;8,4;-3,98;-18,04;-6,13;-13,09;-2,98;-7,19;1,12;2,09;14,69;14,86;4,21;4,75;-14,26;1,21;-6,36;-2,75;-3,51;-23,75;-6,17;4,06;-15,26;1,03;-3,95;-1,4;0,23;1,06;3,87;4,56;8,93;2,01;6,29;-1,03;-3,68;5,02;-4,21;3,74;4,89;2,82;-3,75;-5,24;-1,04
13,49;7,37;-4,76;-5,54;-1,16;-8,37;28,02;1,13;11,65;9,32;-18,57;-34,83;1,71;-8,8;-0,81;-5,74;7,34;8,07;15,69;25,81;3,37;2,22;-13,87;-1,41;-0,95;-10,46;6,5;-28,52;2,7;-4,87;-5,37;6,71;-0,56;-0,57;-5,41;-0,07;12,18;-13,55;-7,23;-15,53;4,67;5,89;-11,91;-3,75;-7,41;6,65;15,56;3,77;0,8;7,19;-0,35
5,98;-0,4;2,75;-4,48;-0,73;5,38;17,21;5,33;6,27;16,18;-18,17;-15,31;0,36;-6,1;0,22;-4,55;3,39;7,35;14,72;21,9;4,84;1,93;-8,99;-10,59;-6,59;-8,81;3,4;-14,1;9,43;-6,48;20,22;2,52;-5,7;0,34;-0,09;6,37;8,02;-8,13;-19,06;-12,68;-0,52;5,55;-0,45;-1,74;-6,43;7,57;-0,9;4,18;-1,32;9,71;1,66
0,21;6,64;0,31;-1,08;7,24;-6,87;0,77;-4,51;8,49;11,06;7,76;1,95;1,69;-1,42;-1,8;-6,67;4,16;3,26;-3,93;-7,9;8,24;3,33;5,86;-3,63;2,14;-12,35;2,77;1,32;-0,5;1,96;5,36;4,28;-0,89;1,05;-3,76;2,05;-0,22;-3,3;-4,4;-10,1;-0,92;3,67;5,54;3,65;-9,3;9,86;2,2;3,92;-3,48;4,13;2,7
-2,06;1,46;4,77;-11,56;1,77;-3,04;18,6;6,8;11,63;3,93;-10,27;-14,68;8,31;-9,05;0,74;-3,92;2,9;6,57;16,17;17,89;4,69;0,31;-1,34;-1,79;-9,41;-6,32;-0,14;-6,99;3,05;-6,02;12,4;9,9;0,87;0,41;1,46;5,01;13,23;-7,37;-8,37;-8,53;0,71;0;9,65;-3,7;-0,23;3,18;-7,4;1,34;-0,45;3,45;2,97
9,1;0,87;2,23;-5,5;-9,17;1,24;22,32;0,95;8,95;5,73;-21,59;-20,29;4,51;-2,94;-7,41;-1,41;1,96;8,19;19,76;26,72;5,8;-4,86;-7,17;-11,03;-8,4;-11,61;4,75;-19,42;5,79;4,01;17,97;13,71;1,62;-2,39;3,42;4,79;17,93;-11,06;-19,52;-5,06;2,99;-7,51;-13,37;-3,46;-0,08;2,93;15,09;-1,31;-3,82;11,18;1,69
-2,45;1,94;-1,28;1,66;1,29;-5,39;7,56;7,11;1,13;-2,14;-2,22;-8,52;1,76;-5,2;-2,38;-4,92;5,09;-2,05;-1,05;6,41;8,77;-2,39;-2,4;-8,93;1,57;-11,99;2,15;-2,91;3,05;-1,08;16,79;16,52;8,19;-2,45;1,03;5,72;1,4;-0,18;-14,41;-13,48;-2,25;-6,57;-3,81;-5,67;1,73;3,86;2,72;-0,13;-3,86;6,28;0,36
10,76;-0,97;6,36;-6,97;3,28;-5,5;13,43;1,74;6,42;6,59;-15,23;-14,01;-2,81;-6,78;4,59;-3,87;4,82;8,21;15,64;14,3;10,91;-3,73;-9,1;-13,74;9,24;-1,45;5,36;-12,16;8,36;-6,38;36,35;-1,82;1,18;2,8;-2,42;8,7;-0,18;-2,67;-21,92;-10,85;-3,28;7,6;6,55;-0,03;-1,82;7,26;-6,17;6,9;3,01;8,91;4,25
10,8;9,88;-2,55;-11,19;-2,07;-0,52;29,65;1,02;14,77;10,27;-22,96;-27,61;1,85;-10,32;-6,22;-6,76;3,69;6,42;21,91;27,59;3,27;1,89;-12,2;-0,55;-6,15;-9,36;-1,04;-24,4;-1,68;6,98;8,78;9,7;0,04;2,88;-3,66;1,32;10,38;-9,54;-2,63;-7,19;1,93;-3,95;9,91;1,79;-6,72;4,9;-4,51;2,88;-4,39;2,03;1,22
10,16;4,81;-4,47;0,38;0,67;-5,37;13,75;7,44;0,9;3,66;-8,95;-16,87;1,78;-3,54;-1,02;3,34;-1;4,75;5,51;14,27;2,8;0,17;-7,99;3,17;2,6;-2,02;-1,82;-11,18;-2,92;-0,72;-1,23;8,96;7,6;6,6;0,74;-0,03;7,19;-2,38;-0,41;-11,66;-4,86;2,72;-3,71;-6,34;1,21;2,64;7,05;2,15;1,44;5,4;2,39
13,93;-1,8;5,7;-4,03;-8,33;0,2;24,3;0,81;3,17;6,68;-23,45;-22,11;-3,68;-2,77;-2,59;2,64;7,68;8,81;19,39;30;5,3;3,28;-14,94;-8,43;-2,05;-8,61;2,72;-29,66;5,14;2,16;12,86;3,93;-0,48;3,34;-6,18;8,15;12;-4,93;-7,3;-18,48;-0,82;7,55;7,45;-3,18;-9,64;8;-6,44;3,48;0,82;2,54;1,64
9,1;3,3;1,1;-3,12;-0,32;-3,52;17,97;-1,37;7,82;14,73;-16,22;-18,35;3,59;-9,42;1,61;1,31;4,31;8,68;15,57;21,07;9,38;1,57;-10,82;-5,66;2,05;-4;-0,4;-14,59;-0,3;-9,64;11,36;-0,23;-2,67;1,76;1,37;4,36;8,09;-8,49;-6,95;-8,04;1,71;14,27;8,86;-3,12;-2,02;7,28;-6,46;5,41;3,65;3,2;3,68
17,68;3,85;1,1;-6,58;-1,04;-7,15;18,78;0,19;-5,07;8,14;-20,88;-9,66;-8,83;3,36;-0,16;-2,16;2,42;12,76;15,6;24,96;-5,55;2,07;-16,49;-5,39;10,76;-7,28;5,08;-18,79;1,31;-1,49;-0,84;5,67;4,09;-1,07;0,14;-2,8;0,39;0,99;-0,96;-8,59;-1,92;0,52;-0,9;3,06;-4,74;6,49;3,47;-1,11;-2,02;-0,43;0,69
7,93;2,17;5,13;-12,89;-2,78;7,24;16,13;-7,27;11,76;15,07;-25,13;-7,35;0,74;-6,75;-1,81;-1,95;7,92;9,92;25,82;23,73;5,71;-2,76;-4,97;-7,51;-1,64;-10,61;5,68;-16,2;2,58;-3,51;22,98;4,8;-4,78;-2,45;-0,41;5,11;3,23;-9,36;-11,79;-6,52;2,26;0,59;7,59;-0,41;-7,13;6,9;-7,24;1,76;-0,53;4,69;2,91
15,27;3,65;1,68;-12,95;5,03;3,76;22,53;2,53;-0,83;8,41;-17,51;-18,87;-12,74;-4,1;-5,42;6,88;2,1;11,94;17,91;24,47;6,2;0,46;-18,84;-4,99;1,59;-17,84;0,15;-28,58;1,63;-6,18;17,77;27,37;9,07;1,46;-1,16;7,36;0,36;0,67;-7,38;-21,44;-0,56;2,02;11,48;-15,27;-3,53;0,73;-7,88;-6,92;0,35;0,48;-0,15
7,29;-6,07;1,72;-1,88;-0,32;3,81;12,21;-10,79;0,19;12,34;-9,81;-6,54;-1,25;-4,39;-1,51;-3,32;4,08;5,1;10,15;15,7;1,72;1,27;-9,35;-8,39;-4,12;-8,69;2,83;-9,59;-5,02;3,53;9,45;-9,46;-5,31;-5,57;1,45;3,82;3,56;-0,12;11,1;0,17;1,99;2,15;13,95;8,45;-5,03;11,78;-13,48;4,41;-2,47;-6,23;1,18
5,79;-1,55;9,42;0,21;-3,73;-2,83;13,88;-2,91;0,72;11,82;-14,5;-17,02;2,67;-4,04;-4,95;0,04;1,05;2,9;8,48;20,03;6,47;-2,67;-5,07;-2,53;1,3;-9,38;3,2;-9,71;8,01;4,38;22,13;0,97;-5,62;-1,63;-3,55;8,06;6,55;-7,5;-18,74;-11,67;7,17;7,39;4,62;1,98;-9,01;6,4;-2,99;0,11;-2,63;9,68;1,82
9,73;3,77;-6,43;5,17;-2,26;-5,99;13,34;1,84;-5,35;12,89;-10,36;-13,46;4,08;2,91;-1,47;-2,08;4,83;4,68;1,37;16,33;6,71;5,51;-10,17;-3,27;-3;-10,04;-2,81;-10,81;-4,6;-1,99;-1,98;8,62;-0,24;4,33;-5,64;1,28;7,66;-6,25;5,58;-20,66;-1,3;14,28;6,87;-4,24;-10,16;8,45;-6,14;6,74;0,17;-2,69;0,42
8,49;0,28;0,63;-15,08;-2,47;4,43;22,77;2,36;10,02;1,55;-22,99;-14,9;0,3;0,8;-0,2;4,79;-0,26;12,16;20,38;23,88;0,09;-0,37;-4,62;-5,84;-16,65;-2,97;4,62;-22,56;-0,8;1,24;7,09;3,72;4,83;1,54;0,8;0,22;14,66;-10,47;-2,29;-6,98;-3,71;2,14;0,48;-0,06;2,42;4,85;2,67;-0,05;-0,44;2,61;2,34
6,61;4,02;-5,54;-5,47;0,37;-4,31;16,6;-4,19;11,81;16,04;-15,45;-23,15;-1,26;-9,64;3,01;7,18;4,9;2,66;13,11;16,66;-3,94;5,83;-6,97;0,25;3,84;-3,99;-1,12;-19,27;-6,42;-10,25;-13,86;-9,11;-1,92;1,22;1,17;-3,63;5,67;-6,1;14,6;-14,13;-5,24;13,01;1,16;-3,11;-5,54;11,26;2,72;6,17;5,01;-2,26;-0,79
6,57;-0,15;-1,76;-8,45;-0,15;-1,67;19,91;-1,48;11,98;3,33;-7,75;-18,03;6,18;-5,62;1,54;1,07;3,45;8,73;16,25;16,14;8,11;-7,49;-5,05;-7,78;-13,59;-7,75;3,34;-14,21;1,82;-2,84;22,08;5,2;6,26;1,48;-0,44;4,13;14,42;-9,23;-14,53;-12,83;-10,31;3,94;-7,63;-0,66;-1,77;8,29;7,29;2,23;-0,56;9,03;1,58
11,31;7,18;-7,07;-17,85;-4,82;10,11;34,82;-3,27;18,15;10,43;-37,78;-32,68;3,38;-15,51;-3,81;3,21;2,26;10,92;37,25;43,83;-1,2;5,88;-18,17;-1,54;-14,38;-12,69;-3,66;-33,06;0,03;1,22;-2,4;4,74;1,43;-1,54;1,82;-0,95;15,04;-14,35;0,68;-11,91;0,44;8,54;-2,5;-0,62;-2,25;11,05;8,13;2,52;-1,04;3,61;0,46
-1,17;-0,33;3,38;4,53;2,98;-4,01;11,19;-2,76;-0,84;-2,7;0,27;-14,42;7,69;-10,1;2,87;-3,72;0,21;-0,98;2,91;10,04;-0,47;-1,4;-11,01;-7,87;2,04;0,87;4,08;-0,48;1,67;1,62;10,3;4,22;13,67;2,29;-4,81;0,62;2,11;-1,4;-6,53;-11,88;-6,95;3,61;-3,69;-0,33;-2,89;3,88;8,9;2,83;2,56;4,92;1,06
2,02;4,62;1,85;-3,43;7,3;-0,99;11,54;-1,85;-6,08;-4,49;-3,88;-12,65;1,12;-4,4;4,58;-2,02;2,31;5,82;-0,01;13,41;5,17;0;-8,08;0,13;-1,41;-2,42;-1,36;-5,34;-0,03;3,85;5,63;6,89;10,31;1,89;-1,17;2,96;0,08;-2,14;-4,41;-4,63;-2,95;-0,43;5,93;4,23;2,39;5,36;-4,77;-2,01;0,57;3,39;2,28
0,06;-1,1;3,6;-11,66;1,86;-1,95;22,07;0,26;16,08;-2,33;-10,59;-14,83;3,96;-11;-5,15;5,36;1,92;5,76;18,06;16,16;9,59;-1,93;-0,3;-8,82;-5,76;-11,65;0,65;-8,02;4,85;-0,11;21,9;13,73;7,48;-1,83;5,18;7,29;11,06;-10,28;-13,56;-14,14;-8,55;-0,75;5,73;-4,82;2,36;8,53;-7,18;1,38;-3,94;3,5;2,12
-1,16;-1,49;8,24;1,96;-1,91;0,12;4,74;-1,89;-8;9,55;-2,64;-1,35;4,97;2,76;-5,59;3,82;6,02;1,3;1,17;12,7;8,17;-0,11;-6,91;-9,52;-5,09;-10,07;2,19;-0,36;6,78;1,78;24,56;2,38;0,5;0;1,05;10,65;5,39;3,95;-19,29;-8,82;-5;-1,53;7;0,2;-3,69;10,86;-6,67;3,39;-1,68;8,51;2,99
2,25;-2,64;4,91;-2,76;0,9;-4,41;9,98;0,78;11,56;-1,74;-7,27;-12,06;3,78;-9,77;-1;-1,26;-0,19;3,1;10,61;7,12;7,71;-1,17;-0,34;-6,97;3,89;-0,12;0,93;-5,24;3,24;4,53;17;-6,42;-2,78;-2,61;3,89;5,89;4,38;-6,18;-9,81;2,48;2,66;-2,49;6,39;4,14;5,74;6,87;-7,61;5,02;-0,98;5,14;3,2
6,08;5,96;-3,61;-10,41;-1,49;1,09;23,22;-3,45;13,85;11,5;-12,2;-23,63;2,87;-13,05;-2,51;-0,01;7,78;7,1;21,34;23,48;1,77;-1,58;-15,56;-0,77;-7,91;-8,45;1,37;-20,99;-3,34;-0,99;5,95;0,59;-7,48;-0,94;-2,42;0,36;13,6;-7,15;-3,91;-8,72;3,75;4,14;-3,33;-2,42;-10,22;6,69;8,18;4,32;0,12;4,82;-0,14
3,26;6,65;-3,6;-4,57;0,46;-7,43;8,49;-0,87;4,34;8,42;-2;-1,96;1,1;-2,48;0,53;2,22;8,92;6,88;9,98;3,04;9,41;1,5;-0,57;-1,38;0,34;-10,47;-1,92;-0,88;-0,01;-6,54;2,68;1,41;-0,96;0,52;0,39;3,08;5,09;-2,4;-8,59;-15,02;-7,21;3,55;-4,99;-1,53;-4,31;12,04;7,48;3,98;0,75;7,04;2,86
3,06;3,15;0,13;0,35;3,8;-0,98;8,12;-7,8;-3,13;13,67;-8,09;-8,87;7,63;-3,47;-2,6;-5,34;8,64;0,17;0,74;11,97;0,9;1,65;-10,18;-2,9;-2,83;-18,72;1,8;-1,47;3,77;1,48;11,93;-5,87;-6,74;-5,24;5,07;2,88;-2,41;-2,82;-8,82;-1,67;-2,81;0,02;1,69;11,28;-1,69;18,79;-1,07;5,5;-4,41;6,52;0,83
5,85;-0,37;-1,49;-2,24;-1,95;1,56;16,56;-4,27;5,47;12,76;-16,43;-10,4;4,7;-6,5;0,49;-2,41;10,05;7,2;15,55;20,2;-1,62;-1,37;-9,47;-6,79;-2,1;-10,26;0,05;-7,04;-0,18;-4,47;7,59;-2,31;-3,98;0,3;-3,72;0,5;6,75;-8,26;0,79;-17,19;-2,67;8,94;-1,57;-2,43;-7,49;12,54;1,81;9,86;2,85;0,78;1,07
9,52;-0,78;2,54;-6,26;1,03;4,55;19,96;-5,11;0,9;9,15;-12,61;-18,53;-3,5;-9,72;0,79;-2,87;2,28;6,5;16,44;22,18;8,66;-1,22;-18,48;-10,34;-3,5;-7,03;3,13;-24,04;3,2;0,77;19,45;2,63;2,03;2,25;-2,57;5,2;1,23;-0,86;-12,4;-8,84;-4,43;4,66;1,72;3,23;-6,73;8,27;-4,31;2,62;-0,36;5,93;0,37
-3,64;2,16;2,06;-5,25;1,53;-2,22;15,06;1,15;15,86;3,75;3,95;-12,29;2,97;-13,55;0,88;1,5;3,77;0,88;14,01;3,79;2,75;0,93;-0,78;-2,81;-0,96;-2,3;1,39;-2,44;0,44;-1,56;5,64;3,26;-1,14;0,19;1,56;4,45;10,44;-1,39;-0,11;-3,98;3,91;2,9;5,26;-2,2;-0,04;2,66;-3,12;0,46;1,5;0,1;4,4
12,25;-1,01;3,5;-5,7;4,44;-2,47;10,39;1,6;-0,17;9,79;-4,41;-5,59;-4;-1,08;1,55;-3,35;1,64;11,36;10,04;9,34;6,5;1,4;-9,33;-9,93;1,52;0,56;0;-11,73;4,76;-0,31;17,14;-5,63;-0,51;1,41;0,09;6,52;-1,4;0,57;-16,59;-5,87;-2,7;1,16;2,93;1,31;-2,91;5,68;-3,65;6,14;1,33;6,56;3,2
3,37;-0,41;5,14;-0,24;5,97;-3,32;17,13;-0,88;10,16;4,76;-3,65;-14,22;2,1;-13,09;-1,99;-2,72;1,78;3,81;13,41;12,01;2,98;0,18;-14,76;-6,13;-3,81;-6,17;7,7;-8,78;7,06;4,39;5,53;0,75;3,14;-1,45;-1,37;5,37;5,11;-3;-12,69;-10,35;-0,08;2,49;-9,84;-0,59;-5,25;6,49;10,77;3,07;-0,74;7,65;1,7
5,52;-0,4;6,87;-15,58;3,08;4,36;21,72;-0,29;6,26;6,25;-14,03;-22,34;4,8;-7,64;-3,3;4,51;3,96;8,37;16,43;25,89;0,62;0,28;-11,22;-5,98;-12,95;-16,6;1,67;-18,1;5,02;-5,33;11,9;12,29;2,95;-2,81;2,31;5,41;7,13;-6,47;-9,49;-14,13;-2,76;1,25;3,23;-4,14;-2,26;7,35;3,03;-4,12;-2,25;4,16;0,43
11,08;1,1;5,14;-6,2;3,48;4,47;19,39;-3,36;6,79;15,53;-24,37;-21,5;-2,64;-9,86;2,41;-1,95;9,51;6,44;12,58;28,34;9,71;-4,63;-16,31;-7,22;-2,5;-8,3;1,61;-23,38;2,35;-7,35;22,59;-6,65;-6,44;-0,69;0,14;6,89;-1,37;-11,82;-15,56;-11,85;0;14,38;0,14;2,94;-5,34;15,1;1,96;8,44;2,64;9,66;1,92
8,51;7,97;-4,93;-13,65;-3,15;3,52;26,25;-13,24;6,27;14,33;-24,92;-24,88;-3,41;-5,55;2,25;-1,09;9,81;8,48;23,87;32,07;7,47;3,6;-12,08;-1,6;-7,42;-5,95;-2,24;-26,33;-3,08;-1,52;4,39;-14,98;-4,01;-2,07;-1,69;1,21;11,53;-5,52;-0,56;-3,38;2,48;11,3;7,26;12,29;-5,97;16,47;-4,05;6,23;2,97;1,67;2,32
7,79;5,05;1,04;-7,18;0,12;7,12;19,21;-4,06;1,79;6,96;-14,29;-13,06;-7,17;-2,61;0,53;4,22;5,16;6,06;15;22,72;11,25;-4,71;-9,17;-7,15;-4,23;-8,05;-1,06;-19;4,29;-0,69;29,11;0,74;3,76;2,67;0,3;8,47;6,52;1,74;-16,23;-7,75;-5,35;9,99;6,76;7,14;-1,57;13;-4,33;1,32;0,56;7,08;5,49
9,05;-1,04;2,71;5,06;-0,63;0,68;8,23;-5,74;-1,35;9,55;-7,53;-10,89;-1,91;-6,54;2,54;-5,53;2,68;3,4;3,55;14,45;1,84;-0,53;-13,35;-8,21;7,55;-8,42;4,37;-9,44;2,98;0,83;16,15;-7,69;3,16;0;0,9;3,91;0,8;1,47;-6,34;-5,36;-4,9;10,51;5,61;11,75;-2,03;16,05;-5,17;6,08;-1,17;1,27;2,75
7,37;-1,07;1,25;3,98;1,2;-8,68;9,83;-3,65;2,52;9,07;-5,54;-4,71;3,41;-0,81;-2,89;-1,55;4,3;4,05;2,39;7,5;2,27;-1,62;-3,98;-5,94;5,12;-21,37;2,49;0,33;2,78;-0,36;14,85;20,94;7,47;-3,85;-3,08;2,1;3,76;-5,69;-7,96;-16,71;3,68;1,04;-0,46;1,33;-5,99;8,8;0,18;-7,43;-4,3;6,55;1,9
-0,12;2,15;0,57;-6,34;-2,52;-2,24;21,51;0,1;21,38;9,69;-11,41;-27,64;7,94;-14,07;-7,6;0,68;7,81;0,33;18,23;16,77;0,04;2,5;-3,31;-4,97;-8,17;-10,64;3,07;-15,29;-0,41;5,36;-2,12;1,81;-7,91;-1,05;0,79;-3,8;17,46;-12,38;-5,31;-2,99;11,97;0,18;-5,68;1,65;-3,36;6,96;7,72;1,42;-1,15;7,06;1,22
7,67;5,26;0,62;1,17;0,22;-0,99;7,66;-0,9;-4,08;8,44;-7,34;-6,54;-4,95;-2,69;-7,95;5,66;0,41;3,75;9,09;12,99;3,92;-0,19;-15;-10,18;7,77;-13,5;5,73;-10,67;0,91;3,64;6,5;15,73;7,64;0,06;-0,99;1,37;-1,26;5,99;-9,83;-16,54;-0,92;0,49;-8,67;-8,11;-6,99;4,25;15,36;-2,48;-1,55;7,66;0,83
5,98;6,03;-1,17;-6,66;-1,36;1,43;15,36;1,58;1,95;10,95;-13,86;-13,19;-4,19;-3,6;-1,31;3,73;4,36;5,31;18,04;20,05;2,06;4,2;-11,64;-7,88;-3,76;-4,13;6,1;-19,7;9,75;-1,88;10,29;0,36;-2,77;1,15;0,36;8,04;6,95;2,77;-13,39;-7,19;3,57;2,89;-5,41;-2,69;-3,42;6,21;6,8;2,87;2,52;6,17;3,33
-3,17;2,51;3,85;-0,03;2,66;-0,32;4,48;3,83;10,97;-1,39;-3,75;-7,57;1,5;-2,31;-1,78;2,54;2,51;1,5;-1,06;3,19;4,86;-0,92;16,19;-3,85;-2,4;-3,94;3,54;-2,14;5,57;2,99;15,75;8,05;-2,18;4,24;-0,89;4,79;8,53;-11,92;-11,12;-7,84;-2,18;-2,66;5,94;-4,82;1,28;2,09;-5,36;2,73;-0,74;4,6;2,82
5,57;4,15;0,73;-2,32;-7,85;-2,66;18,57;0,07;1,26;5,15;-19,34;-14,1;5,79;-2,08;-4,47;6,33;8,66;5,46;11,46;24,87;-0,38;4,44;-6,48;-3,01;2,2;-15,32;0,81;-8,33;2,07;-6,13;8,04;13,99;3,04;-0,45;0,28;0,84;11,3;-6,73;-2,68;-17,22;-6,07;0,16;8,9;-9,39;-0,91;8,24;-5,85;2,4;-1,13;2,75;1,68
-1,74;3,78;5,56;6,53;0,25;-2,57;5,93;2,42;-2,21;8,9;-4,63;-2,18;7,59;-6,85;-0,2;2,64;6,88;-0,35;4,63;9,57;3,27;4,96;-4,14;-8,75;5,12;-11,16;6,56;8,37;5,15;-3,19;10,25;5,66;-1,15;-0,96;0,68;2,01;2,28;1,19;-10,36;-11,35;-1,78;-0,39;3,71;-0,88;-3,15;9,89;0,6;1,14;-1,49;7,54;4,18
0,58;0,87;3,01;-0,47;2,32;-6,82;9,85;1,1;6,38;3,36;-4,27;-18,96;6,86;-9,96;-1,12;-8,57;1,56;-0,77;2,94;6,14;7,11;4,65;-4,12;-6,74;1,03;-4,35;-1,29;-9,61;0,54;4;5,08;4,97;1,95;-2,03;-0,14;2,74;1,96;-6,91;-1,96;0,03;4,86;-4,96;10,18;6,29;1,7;4,69;-7,84;0,68;-2,35;-1,33;0
-1,16;1,1;4,35;0,07;0;-1,59;5,24;-2,77;5,31;8,43;-0,77;-4,01;7,1;-3,46;0,78;2,8;2,9;0,24;3,74;4,15;4,67;-1,78;1,94;-8,16;-4,95;-4,97;5,12;0,72;6,52;-4,41;20,61;-1,44;-5,71;-3,3;4,4;6,7;5,37;-3,71;-12,46;-4,27;0,9;3,99;3,35;0,72;-0,84;6,69;-1,45;1,77;-2,08;5,5;2,81
-6,12;7,68;-5,96;8,83;0,81;-7,44;-0,69;4,64;-2,51;-2,73;4,17;-4,63;9,33;-3,08;-2,95;-0,38;-4,1;-2,93;-6,06;0,87;5,76;0,99;4,17;-3,77;3,78;-1,29;3,95;10,52;-2,8;5,61;-0,83;14,73;13,66;3,26;1,33;0,06;3,62;-3,95;-3,61;-7,05;-2,35;-4,82;-6,11;-3,13;2,16;-0,05;9,18;-2,6;-1,15;3,46;1,94
-3,19;4,43;-0,99;-3,79;5,39;-5,05;9,24;-5,32;8,62;1,93;4,23;-16,57;7,79;-9,86;-0,35;-4,94;11,56;-0,38;3,92;1,86;1,67;-0,85;-3,16;-6,05;-6,94;-13,77;4,14;-3,52;2,65;0,82;14,23;1,39;-2,06;-4,24;4,04;2,85;3,48;-5,46;-8,59;-2,07;-1,24;-3,74;0,12;3,31;2,72;13,33;3,02;5,29;-1,52;5,08;0,87
7,54;7;-2,68;-5,86;-2,73;-5;18,21;-0,04;18,33;4,11;-20,24;-19,03;5,35;-10,23;-1,79;4,67;4,84;8,93;18,9;18,42;9,5;4,84;-5,11;-2,82;3,14;-11,49;-1,66;-12,99;1,73;-1,72;2,54;8;4,53;0,29;-3,46;4,44;9,76;-18,02;-9,81;-19,42;-4,51;4,44;-1,04;-5,28;-4,67;8,29;6,48;1,11;-0,5;7,24;1,62
3,58;2,24;2,65;-12,17;9,86;-0,09;9,78;3,44;12,99;0,85;-11,15;-8,92;-4,87;-11,06;-2,25;-5,58;2,21;8,21;15,6;7,27;-0,2;2,12;-1,48;-8,51;2,7;-3,87;2,67;-7,93;5,47;4,61;11,22;9,74;3,01;2,21;-1,21;0,08;-4,72;-6,15;-6,43;-5,78;1,23;-1,8;3,94;-0,14;0,11;2,91;-4,42;2,97;-1,72;3,96;1,47
10,27;8,46;-6,34;-6,92;1,57;2,83;9,61;2,38;-3,25;3,39;-15,92;-7,11;-4,38;2,01;-3,59;-0,86;2,58;8,64;8,46;18,14;4,03;1,83;-6,49;-2,12;-1,11;-14,13;-1,79;-14,36;0,38;2,4;6,09;17,01;10,62;0,74;-3,15;0,3;0,93;-0,7;-6,56;-19,35;-1,02;2,72;-2,24;-1,08;-5,07;8,16;4,14;-2,65;-2,38;5,59;0,87
4,88;6,8;2,67;-0,08;-3,2;-0,66;19,44;-3,48;6,83;6,12;-11,37;-10,09;1,67;-6,94;0,46;-0,79;6,2;4,48;14,61;18,77;2,72;-0,67;-10,29;0,65;-0,62;-5,84;3,42;-8,78;4,44;-0,11;8,18;-1,09;-2,01;1,38;-1,83;4,85;10,8;-3,58;-10,99;-9,67;-0,31;6,16;0,86;1,03;-5,59;8,58;2,82;4,46;1,76;6,95;4,58
10,54;7,94;0,58;-1,77;-4,59;-4,65;15,9;-0,11;-3,73;4,25;-8,29;-5,06;-1,77;2,58;1,45;-5,46;1,82;7,25;8,03;16,51;12,1;1,5;-13,68;-5,2;6,44;1,58;-0,67;-12,77;4,02;0;15,81;1,84;6,67;0,52;-1,87;4,1;2,63;1,61;-17,19;-6,66;-0,12;2,36;3,27;0,62;-1,28;4;1,82;4,32;1,95;10,2;4,86
0,51;2,19;7,89;2,12;0,12;-2,6;10,25;-0,39;5,2;6,27;-5,37;-8,83;6,18;-10,99;-1,07;-4,92;1,94;0,5;7,94;10,89;1,27;-0,33;-6,13;-4,12;4,95;-7,2;9,01;0,45;7;3,11;12,93;2,49;0,5;-0,61;-0,02;4,77;3,06;-1,8;-14,14;-4,93;0,77;3,58;0,5;5,49;0,7;7,82;3,28;3,78;-3,75;8,81;5,18
12,88;4,93;8,5;-9,74;-2,27;1,51;26,03;0,25;22,64;2,71;-29,7;-22,87;-1,95;-11,85;-3,38;-0,28;-0,15;9,94;28,59;28,22;11,28;-2,18;-10,07;-4,72;-2,34;-10,16;1,66;-25,79;10,51;1,8;33,74;10,67;3,93;-1,32;3,53;10,3;11,56;-13,78;-28,08;-4,96;-3,66;-2,68;11,22;2,77;0,58;6,25;-7,4;-2,58;-5,69;12,43;4,95
6,33;4,84;-2,84;-3,46;-2,26;-2,42;24,56;5,91;6,75;-1,95;-17,51;-22,7;2;-8,08;-3,3;2,56;-3,84;5,62;12,2;27,41;7,21;4,98;-8,03;-2,91;-0,95;-0,97;4,34;-18,85;4,13;6,45;5,83;17,55;13,5;0,78;3,76;1,46;12,36;-9,9;-9,45;-1,48;6,67;-6,19;1,57;-2,51;6,72;-2,87;-2,87;-8;0,32;8,68;4,29
5,83;2,53;-0,82;-5,13;4,52;-6,24;4,56;2,41;-10,45;1,48;-1,35;-0,57;-4,58;-1,95;-4,06;-1,15;1,15;4,71;2,4;8,03;-6,43;4,15;-9,36;-4,51;12,59;-5,46;2,72;-5,03;0,18;4,24;-0,38;8,62;3,46;0,19;3,85;-1,63;-8,65;9,43;1,06;-5,33;0,68;-5,7;0,65;-3,72;0,23;3,61;1,88;1,61;-1,52;1,86;-0,05
4,98;-4,39;3,17;-1,23;-1,49;-7,88;11,35;0,26;0,83;5,18;-9,45;-14,2;5,57;-4,7;-4,93;-4,49;-0,42;5,3;7,51;14,51;6,41;-0,06;-4,62;-9,15;1,55;-7,48;-2,96;-7,7;-1,05;5,42;12,66;9,96;8,87;-2,29;3,54;4,82;7,95;-4,64;-3,38;-1,32;1,73;-5,57;9,59;2,17;0,54;3,56;-9,29;-2,51;-2,42;-1,8;0,77
8,54;1,12;-0,41;5,9;-2,01;-9,14;7,11;-7,6;4,08;10,29;-6,92;-0,73;-3,64;-3,42;0,32;1,43;8,34;5,86;6,74;3,88;0,92;4,56;-6,5;-4,12;17,52;-7,78;-1,1;-0,57;-5,32;-1,19;-5,66;-0,74;-6,3;-0,09;-4,78;-3,61;0,17;-1,11;7,51;-9,33;2,46;10,03;7,72;2,4;-9,65;9,15;-7,49;3,15;-0,27;-3,03;1,47
3,55;4,45;4,47;-12,66;-0,72;12,4;16,24;-1,05;5,49;2,49;-20,75;-7,71;-8,92;-10,43;0,46;-4,66;0,44;4,23;25,7;26,41;6,71;-1,09;-11,5;-1,55;0,63;-3,91;-4,21;-15,95;0,19;5,38;19,83;2,05;5,43;0,71;6,31;5,42;1,27;6,05;-11,32;5,25;-2,59;-6,42;16,3;6,59;8,12;6,69;-14,44;1,23;-0,63;1,72;4,53
6,68;2,39;0,6;-7,13;0,83;-0,38;18,3;-0,24;4,97;7,35;-18,39;-21,33;5,41;-6,99;1,04;0,61;2,25;8,17;14,27;25,96;1,57;-0,08;-9,44;-7,33;-4,86;-3,51;6,54;-15,31;2,75;-1,46;2,85;4,18;5,26;2,13;1,96;1,06;8,05;-8,99;-9,18;-6,51;-3,88;1,73;-11,18;-0,71;-2,19;5,6;14,39;0,64;2,37;7,49;1,96
6,26;1,12;9,21;3,3;2,97;-6,94;0,14;-1,53;-9,54;15,73;2,52;5,35;3,78;5,2;-6,46;1,36;8,52;5,16;-4,13;0,69;3,34;-2,07;-1,77;-6,69;5,2;-17,49;7,48;6,18;8,23;0,22;16,23;5,35;-8,96;1,14;-4,69;8,28;-1,01;3,23;-17,69;-18,38;3,62;7,15;-0,89;-6,12;-12,19;9,66;1,92;4,88;-1,5;6,62;2,82
0,43;1,47;10,51;3,08;-2,41;-0,16;6,98;3,3;1,02;6,14;-8,07;-11,78;1,84;-0,19;-2,7;2,93;3,52;-3,37;-0,02;9,84;9,89;1,76;-1,46;-2,89;-2,69;-7,63;0,16;-8,87;9,01;-4,47;19,23;9,78;4,98;0,34;1,46;10,74;3,21;-4,28;-16,88;-11,32;1,23;2,49;14,55;-5,16;-0,01;4,01;-12,64;-1,48;1,46;6,18;3,25
10,33;-1,3;6,95;-5,48;-3,52;-0,16;23,4;1,82;0,72;-2,27;-23,05;-23,13;-0,21;-6,05;0,37;0,12;1,06;8,73;15,75;30,97;9,17;-7,1;-13,21;-7,43;-1,36;1,11;1,65;-20,48;2,5;-1,92;19,13;6,15;7,56;-0,65;4,63;5,3;9,63;-6,86;-19,71;-2,62;-2,11;-4,38;-5,32;-1,58;4,47;2,59;7,01;0,21;0,62;8,83;1,72
11,07;1,31;3,61;-13,18;-2,5;0,87;24,03;0,9;17,64;11,54;-17,54;-21,75;-3,52;-10,75;1,96;4,18;5,09;12,51;25,52;21,24;10,7;-1,88;-7,9;-10,54;-0,57;-7,85;5,44;-28,19;6,26;-1,64;20,13;0,91;-0,3;5,49;-3,67;8,15;10,6;-10,68;-17,55;-16,46;-3,84;5,98;-0,76;-2,34;-5,74;9,11;3,35;3,63;2,41;6,44;3,34
2,15;3,95;-3,28;-0,39;1,29;1,18;13,62;-3,26;8,34;15,84;-10,85;-17,44;-1,5;-14,91;-2,21;-3,37;8,09;2,56;8,89;16,76;7,34;-0,62;-9,43;-6,14;6,31;-9,78;0,92;-10,85;-0,29;-3,48;21,04;-6,75;-9,29;-0,59;-2,89;2,73;1,24;-8,66;-6,53;-12,92;-0,71;8,46;4,79;3,79;-10,21;12,95;-2,01;8,68;-0,27;5,97;0,42
5,68;-4,54;10,08;-5,32;4,52;-8,15;13,59;-3,14;6,75;-5,1;-8,28;-10,44;3,21;-7,2;1,67;-3,28;1,65;6,31;10,94;11,15;5,38;-6,31;-8,88;-6,3;3,27;-1,68;3,39;-5,13;2,04;-0,04;14,44;7,15;10,27;-2;3,87;8,81;1,07;-3,13;-10,71;-0,73;-6,21;-4,25;-1,54;4,58;5,28;4,79;7,63;-0,52;-2,61;5,65;3,1
5,97;3,3;-6,74;-3,16;-1,71;1,52;16,06;-1,9;11,69;5,96;-18,25;-17,03;-0,05;-9,27;-0,1;-1,08;0,25;4,11;15,44;20,55;-5,06;0,24;-10,71;-3,88;2,3;-11,81;4,76;-18,55;-1,69;1,69;-2,07;6,99;3,74;-1,33;1,27;0,32;4,63;-9,83;3,89;-11,24;-2,47;4,68;-10,49;-0,44;-3,1;8,41;12,07;0,29;-2,12;1,66;-1,14
8,72;0,54;3,97;6,99;-1,54;-5,29;3,83;-3,02;-8,86;8,37;-3,04;1,57;-1,65;2,87;-0,67;-3,11;8;4,65;-2,99;7,99;1,62;-2,75;-8,5;-6,35;10,61;-7,03;6,38;-2,33;6,08;1,64;14,6;-1,33;-6,73;0,1;-3,78;3,14;-1,89;2,76;-13,6;-9,16;-0,11;2,44;-2,8;5,67;-8,8;10,63;0,55;5,08;-2,11;5,8;2,13
14,34;8,87;-5,32;-3,87;-6,22;-5,27;17,4;4,84;9,54;3,02;-11,94;-23,27;4,02;-2,48;-2,74;1,65;2,98;12,2;16,81;15,68;2,68;-0,21;-7,29;-1,4;-7,73;-8,88;4,65;-20,48;-0,4;-4,87;-1,24;15,03;7,27;-0,95;1,63;-0,33;15,85;-12,28;-5,73;-14,75;-4,3;-1,02;-12,29;-6,55;-0,62;5,07;12,91;0,01;-1,18;5,92;0,38
3,1;4,54;-1,7;-3,88;5,07;-1,72;12,12;5,68;2,47;5,95;-5,62;-13,46;1,82;-4,88;-7,44;1,43;1,48;3,2;4,21;10,77;5,72;7,06;-4,7;-5,47;-6,16;-7,42;-1,31;-7,77;-2,23;3,77;-1,05;13,88;-1,48;1,69;-1,21;3,37;2,7;-4,15;1,04;-11,85;4,35;-4,28;4,97;-8,98;-3,89;0,63;-3,83;1,24;-2,02;-2,08;-0,02
8,35;0,09;3,28;-13,9;-0,33;-1,69;27,25;-1,14;14,31;14,16;-23,71;-26,74;-2,37;-13,83;1,27;0,83;6,1;13,29;27,48;26,01;7,48;-5,41;-9,58;-10,05;-2,5;-7,15;5,27;-26,49;4,11;-5,26;24,8;-5,47;-9,97;1,31;-1,44;5,46;8,41;-15,64;-14,03;-9,96;-0,73;10,05;-1,64;0,29;-6,29;10,14;2,86;7,17;1,03;7,92;1,49
9,32;3,15;4,16;-6,79;-4,32;-0,35;21,58;-3,91;15,99;-1,1;-22,14;-20,68;4,51;-8,26;0,57;-0,74;0,07;12,95;24,41;23,15;13,76;-5,74;-6,45;-13,97;-8,89;-3,1;4,52;-19,22;3,33;2,45;30,45;6,14;10,95;1,57;3,52;8,24;16,24;-17,85;-21,7;0,07;-6,16;-0,51;-3,01;4,51;5,41;6,2;4,88;-0,32;0,55;10,43;5,44
8,63;1,34;-1,74;-8,34;2,6;0,13;17,41;-4,75;2,41;12,82;-19,98;-13,88;-2,36;-7,62;-0,76;-1,75;6,8;7,59;16,03;23,83;0,76;2,67;-11,74;-1,09;2,52;-12,27;-1,6;-15,01;-6,18;-2,49;-8,41;-3,76;-9,95;-1,09;1,26;-3,45;-1,62;-3,41;5,35;-9,4;-4,61;5,8;-0,76;1,69;-3,61;13,88;1,08;10,19;-3,29;1,19;-1,11
5,93;1,42;-6,49;-3,84;2,17;1,84;14,59;-3,71;-2,08;16,36;-9,7;-8,82;-0,3;-3,86;0,18;0,25;5,68;5,67;9;19,48;0,85;6,4;-13,2;-2,34;-2,46;-11,12;-7,4;-11,35;-2,42;-8,67;-1,82;0,17;-4,8;1,36;-0,66;-0,13;1,26;-0,48;7,76;-14,34;-4;13,43;10,99;-0,79;-6,31;10,95;-12,51;5,65;1,17;-5,92;-0,05
13,87;3,1;3,11;-10;1,95;-0,82;24,47;-1,8;3,52;11,49;-20,04;-19,77;2,8;-9,51;-0,88;3,51;12,24;9,36;19,06;31,01;4,44;0,61;-24,08;-3,81;-0,82;-14,89;-2,62;-20,36;-1,66;-6,08;7,05;-1,79;-13,07;2,22;-0,76;2,28;1,87;-2,37;-3,55;-15,09;-2,08;8,41;6,22;-3,44;-5,14;14,08;-5,42;8,76;0,6;1,94;0,02
6,56;-0,59;5,19;-7,82;-5,92;1,25;19,96;-4,45;10,96;3,13;-24,84;-16,12;8,45;0,37;-2,07;-4,02;-2,37;9,56;17,28;26,74;4,69;-1,74;-0,52;-8,76;-15,18;-4,66;3,15;-13,67;4,26;8,08;21,9;6,46;8,02;-0,88;-2,12;7,05;16,03;-17,02;-13,1;-2,8;-0,64;-1,36;5,47;8,12;-1,83;5,66;-3,01;-1,67;-4,32;4,65;3,46
13,49;3,91;0,17;-6,84;0,58;2,23;20,56;-0,4;14,9;15,2;-18,67;-20,53;-4,07;-11,83;-3,26;-3,24;4,62;9,34;18,99;21,82;2,32;5,47;-12,73;-6,31;-0,27;-9,63;0,09;-25,75;5,32;-1,71;8,77;-4,24;-10,16;-1,77;0,03;4,72;6,51;-11,54;-6,76;-7,72;4,64;2,95;4,39;0,54;-8,07;8,15;-6,11;4,97;-1,26;1,86;0,37
12,41;8,08;0,36;1,43;-3,01;-2,44;11,89;0,38;-9,02;0,67;-14,8;-6,12;-3,03;0,1;0,08;-3,48;-0,1;7,23;9,86;21,36;7,82;2,75;-16,1;-5,07;7,52;-1,3;1,92;-10,15;5,37;4,18;6,8;4,44;9,64;-0,87;1,82;6,11;1,78;3,74;-17,98;-2,82;-1,77;-6,42;-7,28;2,25;0,44;2,14;8,7;-2,62;0,17;11,11;3,43
6,91;7,49;-1,63;-2,56;-4,19;-1,66;17,66;4,71;-2,7;4,14;-14,87;-10,93;-0,57;1,89;-8,5;4,42;0,87;3,61;12,12;21,2;1,53;4,11;-7,63;1,3;-1,19;-12;-1,82;-10,25;-0,31;5,44;6,65;15,48;3,96;1,75;-1,67;1,77;7,68;0,28;-2,43;-13,48;1,41;1,29;10,3;-2,9;-3,34;4,84;-4,92;-2,51;-2,88;4,71;2,47
0,68;1,75;-6,51;-7,63;1,86;3,95;14,83;-3,82;2,15;11,53;-10,92;-14,9;-0,13;-6,27;2,13;5,14;7,87;1,73;10,24;20,53;2,15;1,66;-10,76;-4,61;-3,92;-11,16;-1,24;-12,93;-5,84;-9,82;-0,78;4,09;7,84;0,32;4,62;0,7;4,13;-0,66;7,82;-12,33;-9,46;5,91;-0,81;-2,66;-1,83;12,2;0,54;0,98;3,77;-3,27;-0,22
12,8;-6,75;1,73;1,13;-0,63;3,83;15,32;-3,1;2,11;12,29;-17,39;-14,68;-0,83;-5,61;4,55;0,15;4,69;5,75;10,31;23,3;3,82;-1,4;-14,54;-8,45;2,99;-5,05;3,63;-18,69;1,61;-7,37;10,88;-4,82;-1,31;2,95;-0,19;4,76;2,68;-5,2;-2,09;-13,92;-6,71;11,85;0,17;-1,44;-6,38;11,01;-3,48;7,12;3,58;-0,65;1,05
6,47;3,7;-0,06;4,77;-0,38;-8,12;8,01;-2,03;1,35;10,88;-7,8;-7,41;-0,21;-1,05;-2,21;4,53;6,92;3,66;5,51;8,81;-4,26;2,01;-2,6;1,17;8,36;-7,41;2,94;-3,52;-1,18;-2,12;-1,75;-3,66;-0,85;-0,02;1,49;0,97;5,2;-1,58;2,97;-8,8;-1,68;8,5;3,37;3,09;-2,37;12,68;2,38;4,69;1,23;0,53;3,95
3,45;6,2;0,44;-8,9;-3,11;0,96;13,66;-0,69;0,64;2,89;-3,37;-7,61;2,77;-1,18;-1,88;-3,44;2,69;6,47;12,41;15,12;11,9;3,91;-5,47;-4,88;-8,01;-4,91;-4,05;-10,95;0,57;2,95;13,63;0,53;-3,49;-1,41;-1,73;10,62;9,83;1,65;-7,53;-5,65;2,3;1,79;12,99;5,05;-2,63;7,32;-9,38;3,37;-3,97;-0,08;3,38
10,12;-2,88;0,13;-16,78;-5,02;8,32;29,91;-1,13;19,13;9,29;-32,79;-30,75;0,57;-9,88;-0,52;-2,07;4,26;10,8;30,68;35,74;0,32;-1,25;-12,45;-5,36;-15,05;-12;-0,41;-34,74;2,77;0,28;10,26;7,38;0,7;1,11;0,44;0,82;15,13;-15,24;-2,35;-9,98;-3,92;-0,53;2,13;-0,89;-5,24;7,84;2,16;1,84;-2,47;3,89;-0,14
8,87;1,19;4,67;-3,41;-1,92;1,2;21,89;-1,87;6,97;9,42;-18,08;-25,3;-1,97;-5,85;-3,65;-3,89;5,05;8,32;14,47;23,44;0,77;-0,58;-13,03;-6,5;-5,18;-11,82;5,46;-23,25;0,65;6,07;9,99;6,59;1,46;0,17;1,41;2,43;9,78;-12,05;-3,74;-2,27;4,58;-2,28;3,25;2,82;-1,78;8,29;0,82;0,13;-0,15;5,87;1,98
0,88;0,15;3,14;-1,89;-1,72;-6,61;10,21;1,31;3,13;2,22;-7,18;-6,99;6,65;-1,25;-3,25;-1,61;-1,07;3,85;7,46;11,12;0,35;2,75;-0,96;-6,15;-1,26;-0,03;-0,99;0,09;0,28;7,27;5,79;-6,89;0,75;-3,85;7,56;1,02;9,38;-4,67;0,61;5,46;4,45;-6,8;7,83;5,47;5,31;5,55;-4,17;1,53;-1,31;0,89;3,27
4,18;-5;8,4;-2,61;-7,04;-2,95;21,03;-4,54;10,03;9,5;-18,73;-23,3;5,83;-8,92;2,65;-7,51;2,33;4,4;19,82;25,46;9,07;-0,55;-8,24;-12,5;-2,8;-6,41;3,02;-16,79;10,14;0,1;34,63;-3,58;-0,99;-1,1;2,03;10;14,09;-10,4;-19,66;-3,69;-3,77;3,29;12,58;1,67;-1,71;9,22;-12,95;7,91;-1,19;5,32;3,34
6,61;-0,13;-2,41;2,78;-5,35;-2,19;12,74;1,58;-0,12;3,54;-16,14;-5,01;2,39;2,25;-6,98;-0,1;3,85;4,97;5,66;18,56;-0,49;3,13;-2,57;2,5;1,86;-12,45;-1,72;-7,11;-0,74;6,21;-11,44;13,35;7,23;0,36;2,12;-0,8;6,07;-8,87;2;-6,6;-1,18;-6,5;-6,65;0,41;0,27;5,75;8,07;-2,22;-3,22;3,96;1
11,6;0,2;-1;-0,18;1,35;-7,19;7,38;-3,27;-4,11;11,5;-8,89;-3,28;-2,33;-2,19;-3,66;1,1;6,25;4,9;4,15;8,9;6,25;0,07;-9,64;-9,09;15,87;-16,76;-0,07;-4,59;-2,42;1,55;7,72;4,81;-4,83;-1,25;-0,23;2,78;-5;4,25;-1,38;-9,42;1,58;2,44;0,57;2,32;-6,13;10,62;-0,53;0,59;-3,84;-0,23;0,38
12,8;-4,26;2,18;-3,39;-6,14;5,75;20,78;4,29;-2,19;-2,13;-20,81;-14,24;-2,28;-5,98;5,03;-3,85;-0,9;7,21;20,62;28,21;4,47;-0,31;-16,52;-12,23;-0,64;0,68;1,16;-21,65;3,1;-1,84;20,27;6,11;17,17;0,65;5,01;7,54;6,07;-0,04;-9,02;-4,94;-8,47;-1,45;3,97;4,34;9,34;5,98;-6,77;0,06;0,94;1,94;3,81
14,06;4,02;-0,83;-5,39;-9,22;0,88;26,15;-5,25;2,87;9,69;-26,87;-19,53;1,19;-4,85;-2,26;0,58;5,79;7,14;23,53;35,72;3,74;1,83;-18,47;5,42;0,87;-10,18;-2,14;-20,84;-2,63;0,71;3,6;-1,64;-3,83;-0,57;2,95;2,68;11,72;-2,93;0,64;-4,23;-0,4;0,66;9,3;2,18;-2,17;10,86;-2,78;3,61;-0,82;2;3,25
11,43;0,7;1,44;-5,59;-0,13;-2,26;14,39;5,11;6,37;6,56;-13,7;-14,1;-6,8;-6,4;-5,24;1,27;0;7,29;13,04;14,83;-0,03;4,88;-9;-0,86;5,18;-9,96;-2,92;-21,44;0,95;1,28;8,64;8,38;-0,52;-0,19;1,21;1,48;-0,01;-3,09;3,91;-8,75;3,41;-0,56;16,44;-3,72;-2,45;3,29;-14,46;-1,13;-3,01;0,72;1,06
4,89;-0,66;3,61;-10,92;1,66;-0,78;16,02;-0,2;8,26;-2,55;-9,29;-17,66;1,96;-5,62;-0,72;0,86;-0,21;7,68;12;18,59;7,1;2,52;-6,51;-4,43;-7,61;-2,94;1,11;-18,35;7,14;5,02;8,88;12,37;9,91;-0,19;4,41;7,99;7,52;-7,84;-8,13;0,94;-2,53;-10,64;4,24;-1,36;3,84;-0,08;-5,23;-5,53;-0,49;4;2,17
5,33;0,98;-1,99;3,19;0,57;-2,47;12,14;-0,03;1,92;-4,55;-7,67;-10,85;1,66;-7,25;2,91;-7,65;5,66;3,24;6,53;17,77;2,53;6;-12,22;-1,7;2,85;1,47;-6,98;-11,74;-6,48;2,86;-4,08;-1,94;3,98;-0,67;-2,62;-1,69;2,4;-1,68;9,2;-3,43;-0,68;-1,58;14,07;8,03;-0,83;7,15;-13,47;4,05;0,43;-5,09;0,57
0,53;-3,52;3,59;-2,35;-2,83;-2,26;11,87;2,41;13,26;3,83;-9,46;-10,77;3,1;-6,92;-1,36;-0,88;2,89;1,24;11,72;9,49;1,67;-2,5;1,98;-6,94;3,1;-6,49;6,71;-6,66;6,87;-0,36;14,47;8,31;3,79;-1,2;3,24;1,36;8,74;-6,59;-13,66;-2,41;2,4;-2,75;-6,74;-0,33;1,02;3,29;6,24;-3,17;-1,05;10,95;3,07
7,91;-1,34;5,1;-5,93;-3,24;-2,02;14,02;-4,92;4,98;9,58;-15,06;-16,71;1,15;-8,67;0,14;-0,04;8,67;5,73;15,95;18,27;2,13;3,36;-5,58;-6,41;3,38;-7,7;3,3;-15,35;6,4;-2,1;8,02;2,1;-3,27;1,32;-2,46;2,25;6,95;-3;-9,17;-6,25;1,95;4,44;2,67;0,29;-5,83;7,67;-3,74;2,9;2,21;5,81;1,48
12,91;2,59;3,63;-8,61;-6,56;-2,35;23,4;-5,77;4,93;15,31;-29,38;-18,47;-1,75;-2,44;1,44;-1,31;8,08;11,87;25,43;31,09;6,54;-2,91;-9,32;-8,5;4,32;-11,35;5,76;-21,24;4,46;-6,58;20,71;-4,83;-7,35;-1,23;-0,34;6,76;10,97;-6,55;-12,78;-10,3;-2,34;9,47;1,75;3,49;-5,58;13,83;1,76;6,97;-0,28;5,99;3,64
15,52;0,44;2,57;-3,32;-2,33;-2,62;22,27;-1,31;4,74;4,81;-18,59;-20,53;-2,42;-4,28;1,6;-1,97;7,42;11,42;17,17;25,75;0,41;1,16;-12,41;-3,76;-1,98;-5,81;6,84;-21,36;10,42;-1,74;6,84;0,68;-0,26;1,24;-1,83;3,69;10,98;-9,49;-14,11;-9,4;-1,86;1,76;-8,07;1,82;-4,11;9,33;7,32;4,1;1,63;8,7;2,56
8,24;3,87;0,27;-1,66;-0,86;-5,83;14,46;8,24;6,19;-4,08;-16,32;-16,25;2,37;-5,7;-3,57;0,91;-2,44;6,39;10,25;19,82;2,2;0,23;-6,62;-8,48;3,41;-5,93;4,76;-10,41;2,32;6,61;9,42;15,69;7,05;0,42;1,21;1,36;5,14;-10,92;-7,29;-5,97;2,39;-5,91;-2,28;-6,18;2,23;-1,44;5,37;-3,98;-2,98;4,69;1,52
5,67;8,39;-3,22;-4,85;-3,63;0,99;19,3;-3,18;10,02;5,31;-20,12;-23,61;3,51;-12,34;-4,18;-3,11;7,95;3,27;19,58;24,78;4,26;3,49;-15,48;1,96;-1,99;-11,01;-1,62;-16,78;-3,18;2,8;0,28;5,98;-1,22;-1,4;0,29;-0,19;7,84;-7,37;-1,09;-5,93;2,45;-2,76;5,22;-2,19;-3,62;7;-1,39;3,46;-1,11;4,04;-0,01
7,25;4,53;0,44;7,94;0,75;-12,44;3,55;-3,73;0,62;5,85;-0,95;-8,05;3,79;-5,47;0,52;-3,78;6,75;4,36;-1,95;1,92;0,21;2,33;-5,81;-1,04;16,77;-7,22;0,82;2,39;-1,7;0,22;4,42;-1,2;-3,05;-1,52;-0,2;3,88;1,12;-3,61;3,3;-2,99;2,04;1,75;9,97;3,82;-0,04;8,75;-8,58;4,26;-0,61;-3,11;2,52
0,19;4,15;2,83;-0,94;-0,7;-6,24;10,58;1,78;4,58;3,73;-5,81;-17,77;8,21;-3,31;0,16;-3,53;2,67;3,82;4,18;11,8;11,24;-4,31;-0,89;-8,13;-5,03;-2,2;4,58;-7,9;5,68;1,88;19,69;-2,14;-2,83;-2,9;4,22;5,28;11,91;-10,32;-21,18;1,26;3,53;-6,01;-5,63;6,36;2,9;6,16;10,78;1,05;-3;13,12;3,38
9,17;8,67;-7,54;-1,72;-0,25;-6,4;16,3;-0,19;-2,14;7,39;-14,69;-18,78;0,96;-0,66;-0,51;3,59;3,64;6,13;7,97;20,08;0,78;6,8;-11,63;2,3;0,67;-1,97;-0,72;-16,26;-8,38;-2,43;-17,54;-0,05;1,44;1,7;4,73;-4,73;5,83;-5,66;14,39;-3,35;-0,14;2,97;3,32;-5,19;4,15;6,41;-0,04;6,94;2,66;-4,87;0,56
7,74;5,74;0,58;-12,52;-7,01;4,93;25,8;-1,04;14,71;4,95;-27,3;-29,2;4,28;-8,94;-0,6;-6,81;9,93;8,96;26,27;33,59;6,01;3,03;-8,83;-2;-11,64;-10,86;4,34;-29,05;6,81;1,98;14,59;-0,44;1,78;-2,83;-0,94;3,7;17,32;-12,66;-11,54;-7,79;-3,04;2,46;6,23;10,09;-1,78;15,58;-7,09;5,99;-3,48;6,57;3,1
8,63;3,2;0,42;-9,8;0,69;4,61;26,05;-5,14;10,68;8,56;-15,9;-23,91;3,43;-7,7;-3,61;-3,99;10,08;8,09;20,17;27,76;3,04;-1,08;-14,71;-2,87;-16,77;-15,89;3,5;-23,68;-2,28;-0,57;2,69;6,02;-1,05;-3,14;-2,77;-1,48;12,48;-7,5;-5,96;-11;2,53;1,52;-3,87;2,02;-7,05;10,84;4,44;1,59;-1,9;5,56;-0,62
7,17;0,96;-4,75;-0,73;-0,6;-4,64;20,4;1,61;5,07;5,59;-12,64;-14,94;9,63;-3,26;-1,5;0;6,15;4,97;10,23;22,22;0,06;2,77;-10,55;-1,6;-5,71;-8,29;-2,08;-3,83;-5;1,7;-6,48;0,71;-0,78;0,66;-1,79;-2,96;12,57;-7,14;4,72;-12,02;-0,17;0,49;-2,84;-1,84;-3,75;7,65;5,34;2,67;0,82;2,4;0,66
0,14;0,01;-0,18;-0,49;2,87;-4,49;8,2;4,76;7,5;6,71;-1,09;-13,33;4,93;-6,64;-0,03;-2,08;3,58;2,46;1,61;6,34;-3,35;1,73;0,16;0,04;1,27;-6,01;-1,19;-1,88;-6,13;1,68;-4,93;4,7;-1;1,71;-0,69;-1,31;4,79;-6,68;11,99;-6,88;2,49;1,15;4,63;1,64;-1,67;6,83;2,05;2,61;-1,76;-1,81;1,46
13,58;3,15;-1,38;-12,47;-4,73;0,51;25,05;3,71;5,85;4,15;-18,64;-19,43;-8,41;-4,42;-4,73;0,04;2,93;12,16;23,11;27,91;-1,8;-0,39;-12,85;-6,74;-3,07;-6,46;4,02;-30,52;-2,06;1,62;-1,59;7,45;1,84;-1,86;2,62;-0,45;13,48;-1,46;-2,36;-10,76;1,7;-5,09;-10,5;-8,62;0,41;3,21;14,85;3,92;0,15;4,21;0,09
11,25;1,87;2,8;-13,22;0,46;1,45;21,56;1,2;14,2;13,27;-19,35;-15,96;2,9;-7,85;-4,03;-1,28;5,64;12,9;26,92;24,82;4,14;-0,93;-13,23;-12,02;-9,2;-14,87;4,68;-20,69;5,73;-1,2;18,62;8,19;-4,15;0,57;-1,25;7,43;12,66;-7,85;-14,52;-11,24;4,34;4,09;-2,93;-5,31;-6,26;6,97;3,28;2,95;-0,97;4,43;2,89
13,49;1,96;-0,18;-5,34;-2,39;-4,19;23,02;-3,11;14,1;6,76;-19,66;-24,11;-1,79;-6,16;0,77;-1,05;3,88;8,76;16,67;21,07;-3,01;3,67;-6,18;-0,84;0,56;-9,21;-1,57;-23,09;-1,17;-7,17;1,65;1,67;1,57;-2,59;3,02;-1,14;9,74;-14,21;6,88;-10,16;-5,92;4,7;9,94;-2,83;-0,98;8,57;-6,22;4,35;0,33;-2,42;0,55
-2,11;1,3;-1,21;4,93;1,29;-7,55;5,94;3,82;-2,76;6,8;3,04;1,07;2,04;0,59;1,47;-6,1;3,62;-1,29;-3,17;2,04;8,14;2,17;4,27;-3,11;5,67;-5,01;-1,82;9,82;-0,76;-0,96;8,31;6,14;4,56;-2,01;1,25;2,26;2,85;3,26;-4,05;-3,74;5,66;1,13;9,39;4,15;1,55;5,9;-11,49;-0,01;-1,13;2,47;4,24
0,04;0,63;6,54;-0,09;0,69;-6,39;6,16;0,91;-0,9;5,08;0,12;-6,56;1,79;-2,14;0,68;-4,64;-0,09;1,75;1,69;5,37;2,86;-2,18;-0,84;-5,73;2,83;-5,43;3,99;-0,97;5,78;0,28;16,95;6,8;5,07;1,58;-0,61;5,91;5,9;2,98;-14,02;-4,55;-1,06;0,46;1,28;-0,59;-1,81;1,76;1,47;-0,22;-0,34;5,9;3,07
1,62;-0,54;0,55;1,16;-2,52;-6,49;7,51;-5,81;-8,05;17,11;-2,99;-4,2;-0,42;2,36;-4,85;-1,71;5,92;-0,49;-0,63;10,4;2,81;0,97;-4,26;-2,68;5,81;-10,55;1,43;-0,21;2,09;3,16;9,65;-3,05;-11,18;-1,84;-3,34;5,32;0,96;4,23;-1,17;-3,89;11,12;1,23;5,29;2,1;-10,78;7,13;-4,25;2,15;-1,3;1,47;1,08
-1,33;0,82;0,73;-6,84;2,63;0,16;14,08;-10,1;16,45;13,87;-9,28;-13,41;6,92;-8,55;1,38;-2,72;8,21;3,91;13,06;9,84;6,64;0,4;3,88;-4,57;-9,36;-6,3;-2,39;-4,64;0,14;-2,97;14,85;-13,35;-9,04;-3,93;1,41;4,9;9,1;-12,2;-3,24;-1,65;1,85;5,39;9,32;7,32;-5,56;13,38;-8,38;7,06;0,8;3,31;2,86
1,12;2,8;7,1;-5,36;3,38;-1,04;9,69;2,05;0,51;3,91;0,46;-6,49;-2,96;-5,03;4,96;-6,52;-0,4;0,41;5,1;4,97;6,4;1,74;-4,16;-3,45;1,6;2,35;0,88;-8,73;6,3;0,46;12,69;-6,17;5,87;0,39;4,54;9,07;-2,19;4,54;-12,35;1,71;-3,62;0,99;7,24;8,52;4,3;7,58;-4,49;3,89;0,9;3,9;4,95
6,98;-4,7;4,96;-8,78;-1,43;-0,45;16,76;3,14;10,46;1,95;-19,37;-19,47;3,09;-6,71;-1,81;-1,37;-0,72;7,59;17,58;20,24;10,3;-2,81;-8,44;-8,87;-4,11;-7,01;0,03;-17,37;4,5;4,52;22,31;12,3;8,23;1,41;4,74;8,65;10,8;-9,83;-11,93;0,14;-0,7;-6,44;6,32;-0,74;5,64;2,39;-10,04;-2,57;-1,13;5,11;3,13
9,43;2,27;-7,35;-11,81;-1,13;-1,52;24,01;-4,74;10,77;-3,54;-23,52;-29,12;-1,28;-6,12;2,28;-4,55;6,63;9,59;20,65;26,82;7,75;-1,69;-11,9;-7,79;-5,47;-7,25;1,64;-28;-0,22;1,59;6,7;4,06;4,55;-1,96;0,95;4,56;11,79;-11,33;-6,91;-0,66;-2,95;0,53;-11,15;9,59;3,2;9,77;7,31;0,66;-1,62;1,46;-0,16
-2,25;5,74;-3,64;5,67;4,95;-10,62;-6,32;0,53;-6,59;4,16;16,68;13,38;5,05;7,2;-0,87;0,4;2,26;-1,35;-14,45;-15,6;-0,37;5,56;7,79;3,88;3,78;-5,34;-3,12;18,6;-1,74;-1,75;-9,5;5,02;4,59;-1;1,95;-1,44;-3,76;3,94;1,45;-5,8;-0,35;1,02;-2,62;0,53;3,43;5,24;7,42;0,16;-0,09;5,24;3,16
8,88;-0,3;1,4;-9,78;1,83;10,69;25,39;1,47;7,69;6,2;-17,21;-21,45;1,8;-14,85;0;-5,66;-0,49;6,84;24,01;28,78;7,13;2,36;-20,58;-5,02;-11,17;-4,25;-1,82;-21,71;0,09;1,42;10,01;6,09;2,56;-2,37;5,77;5,71;7,99;2,36;-6,1;0;3,95;-4,06;5,04;0,84;1,17;3,19;-4,74;-0,17;-1,18;3,05;2,64
7,13;1,37;2,28;-2,5;4,21;-2,75;11,39;-3,44;-0,14;8,91;-6,33;-10,9;0,02;-4,04;-1,85;-1,43;3,86;3,41;6,7;12,16;9,29;1,15;-9,94;-4,21;0,81;-14,47;-0,54;-5,98;3,28;1,57;12,09;9,52;3,37;1,98;-4,34;9,79;0,7;1,28;-14,49;-15,95;-2,93;8,21;4,76;0,49;-8,91;9,89;-5,61;1,68;-2,49;4,04;1,46
9,87;-5,61;7,35;-1,26;1,15;-2,11;16,81;-0,6;-4,37;-1,85;-16,69;-15,03;-4,41;-1,31;0,29;-4,73;2,56;4,87;11,28;22,14;1,93;1,51;-15,56;-13,2;6,38;-2,87;4,38;-16,18;5,51;3,68;12,92;1,23;-1,61;0,82;-1,36;7,07;0,53;2,83;-9,35;-4,57;-1,6;-0,88;1,88;0,65;0,16;4,7;-2,61;6,01;-2,21;1,92;0,58
-2,66;-0,57;3,08;-4,39;5,46;-1,97;12,86;-5,08;14,32;19,35;-9,22;-18,58;6,79;-15,78;-5,67;6,57;12,77;-0,23;10,16;13,14;7,73;-1,18;-6,75;-7,31;-1,42;-16,27;5,61;-4,69;6,03;-6,87;11,71;0,51;-11,72;1,62;-2,57;4,55;3,75;-6,88;-14,08;-16,33;1,5;12,75;-4,06;-3,68;-9,94;14,15;2,1;7,44;1,3;7,69;1,24
7,95;0,95;5,95;-7,3;-3,13;-1,73;17,88;-0,38;-0,95;-2,25;-14,95;-10,65;1,63;4,2;2,4;-6,31;0,35;8,92;16;19,9;5,06;1,03;-6,15;-2,68;-6,6;-0,01;0,8;-11,32;5,59;-1,16;14,73;1,79;9,11;-1,39;5,17;3,66;11,77;-2,23;-11,77;-1,47;-11,68;-3,37;10,64;4,23;7,78;8,04;-8,61;7,1;-2,2;7,84;5,08
7,13;-0,14;5,84;-2,57;-2,13;-6,61;10,59;3,76;-1,06;5,9;-12,14;-5,11;6;1,18;0,68;-0,12;2,46;6,55;8,31;15,54;7,41;0,59;-1,31;-10,79;3,92;-2,04;-1,85;-0,52;3,73;-6,13;25,4;3,77;6,33;1,72;2,39;8,54;3,68;-4,52;-8,38;-9,03;-3,64;4,74;17,2;-0,7;1,32;6,42;-12,55;2,94;2,15;0,46;5,62
6,92;-1,84;10,72;1,62;-3,91;-3,57;13,62;1,08;3,2;1,04;-11,88;-15,55;2,05;-6,54;0,55;-3,95;3,17;2,42;7,65;18,89;6,32;-2,92;-7,83;-10,48;6,78;-1,69;0,98;-10,38;2,46;3,17;24,3;-0,89;3,36;-1,8;4,19;5,9;7,05;-3,19;-15,17;1,96;-0,99;-6,63;8,95;8,84;3,96;7,86;-8,52;0,48;-2,04;6,31;3,76
14,44;-2,03;10,25;-4,24;-3,95;-2,6;15,96;-2,84;-0,14;9,29;-15,9;-8,38;-7,17;-3,92;-7,28;1,92;5,42;7,31;12,65;18,72;12,03;-2,97;-11,7;-14,68;13,4;-14,24;1,33;-14,97;11,73;4,89;40,78;9,01;1,71;-1,8;1,9;13,46;-0,45;1,29;-23,25;-6,87;4,68;-0,41;12,59;1,45;-2,55;9,66;-13,77;-1,06;-1,47;7;4,9
9,52;3,28;4,53;-3,76;4,5;0,13;13,39;-1,15;-6,72;7,01;-5,18;-16,68;-0,8;-6,23;-2,21;1,98;8,21;5,65;9,32;19,32;8,96;-0,83;-19,75;-5,96;-3,68;-13,62;1,84;-19,67;5,42;1,89;16,2;5,16;-4,75;1,43;-1,25;8,43;-0,62;4,69;-18,21;-9,76;-2,13;-0,44;-0,48;-0,39;-5,54;8,54;4,05;1,06;-2,5;9,17;0,9
4,35;14,43;-3,7;-1,97;4,16;-7,59;7,96;-3,23;1,82;4,25;1,14;-9,09;-0,99;-1,48;-1,49;0,09;1,51;0,93;-0,2;2,77;2,36;3,95;-4,8;-0,45;4,76;-7,1;0,54;-6,54;0,72;3,06;-0,99;-0,09;-4,91;-3,36;6,23;-1,74;1,53;2,5;-8,35;0,98;0,98;-3,99;-5,42;4,14;2,38;7,91;13,8;0,89;-3,38;9,21;1,51
8,2;-0,6;3,12;-1,29;-0,63;-4,64;13,61;3,96;2,11;1,85;-10,5;-12,32;-2,51;-9,27;0,21;-0,28;0,37;8,29;14,48;16,42;8,63;1,89;-10,6;-5,7;10,75;-1,94;-0,87;-12,02;0,13;2,37;11,18;3,89;9,02;1,31;2,32;5,28;0,04;-2,32;-6,94;-7,01;-5,46;-1,53;7,87;-0,27;1,96;5,61;-8,18;1,51;0,37;2,71;3,17
9,95;1,47;-9,24;-10,49;-0,74;6,68;18,6;7,15;7,17;-0,35;-18,31;-17,13;-2,56;-0,52;-1,26;-0,79;-0,42;8,34;17;21,24;-0,05;3,66;-6,83;-1,35;-13,38;-1,55;-4,11;-22,83;-7,33;-0,33;-8,65;15,99;7,86;1,38;1,27;-0,65;10,14;-6,76;13,37;-6,63;2,82;-2,93;-2,81;-9,01;1,67;-3,2;3,42;-2,68;1,11;-2,06;-0,07
-2,54;-2,51;2,88;-7,14;5,45;1,96;7,56;-4,33;1,88;10,58;0,79;-9,11;1,15;-7,23;-0,83;-0,56;4,52;-1,48;2,9;6,48;0,36;2,43;-5,97;-2,22;-5,05;-8,87;4,95;-4,43;6,13;-3,36;5,12;0,46;-5,68;-1,19;0,05;4,39;-1,38;2,64;-4,31;-7,18;-0,93;4,55;0,73;-1,17;-5,42;7,73;1,35;4,13;-1,62;4,14;0,55
-7,35;2,59;3,3;-3,51;2,66;-7,84;10,64;0,18;16,96;7,99;-1,31;-7,8;12,54;-9,47;-2,43;-7,13;7,99;0,89;10,3;3,45;2,25;-5,35;6,85;-4,14;-4,41;-5,92;5,83;4,97;3,78;-1,93;18,21;3,13;0,52;-5,69;3,69;4,83;10,06;-9,96;-14,01;3,11;4,07;-7,35;-2,6;10,06;-1,76;8,06;4,28;-1,54;-2,09;6,54;4,24
2,41;0,65;6,29;-6,97;4,45;3,53;13,11;-2,81;8,53;-0,84;-13,29;-13,66;5;-10,14;-2,04;0,97;9,09;6,74;9,88;17,12;6,25;-2,5;-3,78;-7,53;-4,74;-7,34;2,59;-5,83;1,52;2,75;21,52;0,56;-3,05;-0,54;-0,87;8,63;2,75;-10,48;-4,97;-6,32;-0,82;0,09;13,77;3,38;-1,63;9,33;-11,15;2,97;-0,8;-0,98;2,67
5,32;3,02;-3,13;-6,1;2,71;-5,47;10,31;0,27;9,03;5,4;-6,29;-9,11;0,23;-3,02;0,89;0,31;3,32;8,1;8,22;9,07;7,62;1,02;-0,76;-3,19;2,62;-7,95;-1,25;-8,25;-6,71;-2,14;-0,42;3,47;5,58;-0,17;2,19;-0,36;5,44;-4,85;2,13;-6,55;-3,48;0,87;3,3;-0,45;0,74;6,57;0,58;-0,34;0,93;1,41;1,99
11,27;4,13;0,31;-2,45;-3,8;2,66;24,59;-8,85;3,04;3,92;-23,93;-26,77;-0,25;-3,47;1,58;-5,22;4,77;6,49;15,14;33,49;1,9;-5,7;-18,58;-4,31;-3,64;-4,39;4,28;-22,4;3,23;1,95;9,82;0,3;0,35;-0,11;1,06;-0,8;10,37;-10,05;-14,38;2,33;0,45;3,17;-12,09;4,14;2,22;8,5;13,24;7,21;-0,55;10,59;1,51
4,83;1,82;2,73;-6,4;1,83;-1,23;12,53;-2,33;8,14;5,75;-14,38;-5,9;-3,81;-5,1;-0,23;-1,59;3,79;6,3;11,11;12,02;7,11;-0,41;-2,33;-9,45;4,5;-7,9;3,43;-10,34;7,03;-0,03;19,64;2,05;0,58;-1,65;-0,38;7,55;-2,32;-5,59;-16,24;-4,9;1,82;3,14;0,32;5,72;-0,79;7,53;-0,34;-1,37;-1,22;6,59;2,55
0,03;2,3;10,27;-2,98;-1,67;-0,26;12,96;-3,69;8,6;5,59;-1,56;-4;8,66;-0,98;-5,03;2,36;6,42;4,47;12,17;8,51;8,33;-2,86;-1,32;-8,88;-15,61;-12,48;6,48;-0,56;13,08;0,28;30,35;2,65;-4,5;-2,06;-3,75;10,56;15,52;-5,46;-28,85;-12,39;0,63;4,37;1,85;2,37;-8,6;9,59;-2,79;0,31;-2,35;13,5;4,63
-3,25;0,16;4,03;-0,7;5,47;-5,07;0,12;-6,29;-4,32;8,2;4,51;-1,71;1,2;-2,03;1,34;-3,25;2,33;-2,61;-2,35;-1,17;7,51;-2,99;0,5;-8,41;6,87;-5,11;5,43;4,51;6,87;-1,93;22,61;0,26;-0,49;-1,49;-2,17;7,56;-3,33;6,85;-15,89;-3,97;4,02;6,54;0,55;5,5;-5,78;6,7;-1,99;0,24;-0,92;6,72;2,8
0,98;-0,45;2,6;-1,24;-1,6;1,27;14,52;-2,93;2,47;5,98;-16,81;-11,1;5,89;-4,23;-6,04;2,14;2,72;3,77;14,33;19,36;-2,42;2,19;-1,88;-4,05;-5,19;-13,76;5,65;-4,77;3,17;0,75;5,04;0,96;-0,86;-6,93;7,83;0,27;9,55;-6,09;-0,31;-2,52;0,25;-3,46;5,3;4,01;2,42;11,14;-2,27;-0,79;-5,1;0,86;2,45
-1,5;2,62;-2,62;8,61;-4,99;-0,51;8,41;-8,16;2,27;10,98;-2,18;-6,98;6,89;-5,74;-3,76;4,54;13,97;-1,34;0,88;10,37;-1,77;5,02;-6,34;3,36;0,25;-14,1;1,32;-1,7;-0,02;1,25;-10,23;4,5;-3,19;0,4;-3,35;-1,88;7,5;-5,09;3,57;-12,03;2,64;6,16;-0,71;-2,28;-8,37;11,08;1,61;3,1;2,44;1;1,26
5,91;3,76;2,84;6,47;2,46;-6,42;1,65;-0,28;-12,58;1,52;2,3;2,74;0,45;4,35;1,1;-5,95;-0,61;1,42;-5,62;3,92;4,72;-0,54;-6,61;-7,41;7,13;-6,37;3,24;5,1;5,37;4,2;15,69;4,89;8;-2,35;5,4;4,14;-2,75;7,17;-11,44;-1,65;-2,91;-5,94;1,4;0,36;6,57;6,06;-0,29;3,12;-2,14;7,25;3,67
-1,16;5,8;-7,01;0,42;1,16;-3,65;14,87;0,87;2,72;4,93;0,05;-15,71;1,57;-12,95;-3,02;1,92;1,54;-2,01;4,39;14,16;-0,57;1,29;-10,1;-3,88;5,45;-7,22;0,98;-6,44;-2,36;1,44;2,76;7,17;2,16;0,55;-0,25;0,01;2,41;-0,11;2,46;-8,71;-0,87;-1,2;-3,91;-0,23;-2,3;5,78;5,95;-0,17;-2,07;0,32;0,06
-1,11;7,21;-1,17;0,86;2,57;-5,76;6,56;1,81;6,75;3,58;-0,59;-7,73;6,54;-4,32;2,62;-6,46;6,69;0,72;2,54;2,33;7,27;0,3;0,99;-6,56;0,95;-7,45;-0,29;0,51;-1,72;-3,24;15,3;1,7;1,36;-0,33;0,93;4,07;5,63;-5,35;-5,84;-6,91;-6,62;-0,65;4,91;3,07;0,07;9,52;0,62;5,19;-1,27;4,67;2,73
3,66;-0,34;3,91;-7,49;-2,36;4,93;25,18;3,89;17,01;1,38;-18,76;-26,04;8,17;-17,79;1,3;-4,02;1,61;5,78;25,98;29,82;7,68;-2,37;-10,76;-9,2;-7,81;0,84;5,4;-20,85;2,95;3,16;20,69;-1,02;4,65;-2,38;3,09;8,62;15,12;-9,87;-11,45;-0,08;1,68;-6,49;4,66;8,22;2,57;6,96;-3,31;-0,47;-0,9;3,33;4,59
4,83;4,99;-3,49;-1,35;-6,31;-5,26;22,32;3,51;8,9;-1,95;-10,05;-21,56;3,53;-8,89;-3,52;-6,26;-4,51;4,49;15,33;18,63;2,08;-0,71;-10,57;-6,43;0,98;-3,04;-1,24;-13,42;1,89;12,23;15,18;9,09;9,49;-0,99;3,57;3,11;17,52;-4,64;-4,97;1,87;2,38;-11,4;1,84;4,32;3,12;2,09;-3,25;-2,2;-5,43;1,78;2,66
12,01;0,41;4,37;-5,8;-1,88;-4,17;24,04;2,65;15,87;7,04;-20,91;-29,76;-0,72;-10,04;-9,95;1,68;1,04;10,3;18,44;25,38;8,6;-0,43;-8,46;-3,38;0,31;-13,24;-2,83;-26,15;0,15;6,25;18,13;15,17;1,48;-1,66;-0,59;7,48;13,17;-17,95;-6,13;-11,48;7,92;-4,3;15;-7,35;-2,7;0,69;-13,64;-2,62;-3,25;-0,81;0,69
2,75;1,44;6,37;6,6;-0,11;-6,76;7,05;0,97;1,66;-0,66;0,66;-12,4;4,8;-1,94;-0,44;0,79;1,21;0,96;-2,23;4,79;1,33;1,09;-0,41;-2,33;-0,79;1,37;2,89;-2,24;3,31;4,3;7,5;4,01;4,74;1,96;-0,89;3,04;7,01;-5,51;-8,59;-6,55;-1,91;-2,24;3,44;-0,59;-1,96;3,2;0,29;1,38;0,49;6,92;2,82
5,21;3,15;1,48;-8,32;5,59;-3,7;5,61;2,06;3,49;-8,09;-3,65;5,75;0,62;3,58;0,27;-8,7;4,48;8,7;6,41;4,62;1,44;0,55;2,23;-4,98;-2,81;0,41;-1,45;0,29;-1,69;8,22;1,44;4,44;6,82;0,41;-3,15;3,16;-1,09;-3,21;-2,97;-0,98;2,16;-8,97;-1,85;1,88;0,19;1,62;4,55;2,24;-0,33;3,14;2,04
4,26;1,55;1,4;-8,53;-5,36;-2,55;29,38;1,51;18,59;3,97;-17,83;-28,4;7,15;-11,08;-2,73;-1,65;1,32;5,31;23,12;25,84;2,78;2,14;-3,99;-8;-8,44;-0,11;0,67;-14,67;5,74;2,06;20,28;-2,52;-0,62;-2,74;4,04;4,6;22,04;-12,45;-8,8;-0,55;2,62;-5,19;9,2;-0,97;0,01;2,77;-9,14;2,76;0,46;3,08;2,97
10,86;4,36;-6,23;1,42;-7,54;-5,89;12,05;0,53;1,28;-2,05;-12,93;-4,89;2,12;4,79;-0,65;-4,58;2,04;7,43;11,99;14,31;0,8;7,35;-0,54;0,37;-2,85;-3,88;-3,89;-8,28;-6,45;1,04;-14,95;9,29;10,5;-2,3;6,1;0,65;12,26;-4,35;10,61;0,19;-1,45;-7,9;2,91;2,07;5,92;3,71;-0,48;-1,48;0,01;-4,73;2,76
8,43;4,03;0,22;-14,29;-5,23;11,37;28,87;-1,53;12,26;8,2;-31,1;-19,65;1,73;-9,58;0,24;5,83;0,65;9,62;29,73;35,63;8,08;-3,42;-13,03;-2,23;-12,55;-9,03;1,56;-24,41;0,97;-2,76;14,7;14,87;11,15;4,85;-1,28;3,56;13,16;-9,14;-10,19;-14,68;-9,35;8,02;2,12;-1,82;-3,88;6,42;0,5;-3,21;1,11;6,39;3,33
5,99;-0,99;-6,15;-7,45;-1,21;2,72;21,06;3,67;11,56;0,37;-17,29;-15,57;-1,08;-5,16;-1,9;-7,08;1,61;8,74;16,39;20,24;-1,86;1,48;-4,99;0,95;-4,42;-3,97;-0,95;-17,18;-11,13;5,01;-19,66;3,08;3,54;-2,06;6,03;-5,4;8,87;-11,19;12,31;6,74;5,74;-9,67;-8,86;7,48;7,02;3,88;8,21;-2,22;-2,7;-2,09;0,16
9,83;2,4;2,52;-8,7;-8,56;2,87;23,79;-7,22;15,14;1,77;-18,81;-19;-2,16;-9,72;-1,88;-2,34;4,43;7,04;29,45;24,41;7,48;-0,5;-11,51;-5,41;-5,34;-7,03;1,52;-26,82;6,55;4,61;16,64;1,92;-1,82;-1,21;-2,1;7,61;15,98;-2,7;-12,85;-1,71;2,45;1,87;-0,86;6,49;-1,57;7,29;4,03;1,4;-2,13;8,58;4,46
11,96;5,15;-6,29;-2,21;-8,21;-2,18;20,88;-1,84;5,96;1;-18,26;-12,23;-3,65;-6,02;-0,64;-6,64;3,02;8,92;21,58;20,7;-4,62;7,54;-11,23;1,27;4,68;-2,2;-1,23;-16,79;-3,81;7,65;-13,09;1,65;9,57;-0,79;-0,74;-5,73;9,23;-4,52;11,5;-2,97;-3,84;-3,84;3,01;7,32;0,76;8,5;-2,75;3,43;-1,29;-1,93;1,38
7,3;-1,08;6,12;-0,92;-0,99;2,41;12,79;-4,31;3,86;8,32;-12,22;-16,32;2,91;-7,24;-0,67;-4,24;1,17;6,09;10,57;18,83;6,7;-1,86;-8,58;-4,59;-3,72;-7,98;-1,55;-12,75;2,84;0,9;25,16;3,1;5,79;-4,13;3,39;6,35;7,96;-7,34;-8,75;1,46;5,66;-0,71;15,85;3,45;-0,03;4,7;-16,51;-3,21;-1,06;3,2;2,99
11,52;2,01;2,35;-8,5;-2,08;3,6;25,19;-3,93;1,77;14,84;-20,44;-22,05;-2,95;-8,47;1,26;10,91;12,1;6,55;20,42;32,39;0,74;-0,64;-20,57;-4,85;-4,54;-10,36;4,16;-23,58;3,05;-11,85;12,14;1,3;-4,96;3,93;-4,86;0,4;6,87;0,17;-10,82;-24,23;-8,98;17,03;-1,18;-5,26;-11,75;13,64;1,38;5,62;4,21;6,05;0,57
15,8;4,25;-1,07;-17,41;0,82;1,75;28,5;-2,61;14,62;12,42;-25,39;-31,1;-3,5;-6,92;0,79;-4,16;6,46;14,83;26,29;30,64;4,4;0,49;-11,22;-9,23;-12,21;-3,18;2,72;-35,99;-0,43;-4,62;6,84;-2,28;-1,53;1,12;-1,74;0,7;14,55;-11,53;-5,64;-8,36;0,6;4,39;-6,5;-1,03;-5,49;7,14;11,95;6,36;3,37;5,8;0,98
10,63;1,69;1,95;3,54;-4,54;-3,37;11,79;-1,07;-6,27;-3,28;-19,47;-8,2;-6,89;2,89;-2,33;-3,64;-0,97;4,74;7,36;20,39;4,57;1,29;-12,44;-0,86;12,03;-3,21;0,84;-11,97;0,43;8,71;5,61;0,75;3,66;-2,73;6,98;2,33;-0,81;-0,33;-4,57;7,18;2,37;-9,02;7,63;6,11;10,79;5,94;-7,12;1,72;-2,77;3,52;2,42
1,4;1,27;3,98;-3,08;3,33;-1,57;10,44;-3,65;-0,24;19,96;3,22;-12,32;0,85;-3,13;0,29;-5,53;6,55;-1,12;2,55;8,38;10,36;-2,38;-7,8;-12,86;-5,09;-15,47;2,41;-7,96;5,42;-4,21;33,13;-1,5;-7,66;-2,25;0,59;8,17;5,69;4,83;-16,3;-12,41;2,07;10,34;8,7;0,37;-6,81;13,57;-10,36;7,25;-0,55;5,49;2,41
7,77;-5,19;4,61;0,3;2,94;-9,26;14,22;-6,87;3,72;5,88;-4,46;-10,82;2,44;-1,03;-1,49;2,3;7,82;3,33;3,69;7,79;4,14;-3,43;-2,47;-10,48;1,77;-10,19;3,57;-4,81;1,54;3,89;15,72;1,72;-2,25;-0,65;-3,82;4,81;5,51;-3,84;-10,2;-9,33;3,8;2,82;-2,7;3,27;-6,37;9,84;1,5;0,15;0,74;4,35;1,34
1,39;3;-2,06;1,87;-4,64;1,82;5,55;-0,16;-8,43;2,57;-5,3;4,76;-0,64;4,43;-2,02;2,21;5,98;3,64;4,66;8,34;0,93;1,9;-0,62;-1,32;-1,94;-8,1;-2,97;1,71;-7,2;2,3;3,09;5,73;-2,24;1,16;-1,43;0,82;4,41;2,4;10,68;-12,43;0,25;1,53;14,08;-4,8;-3,47;6,16;-11,66;3,33;-0,25;-7,2;1,39
10,78;1,26;1,27;-11,62;-3,48;6,32;31,75;-0,72;16,16;2,84;-30,68;-33,26;-1,1;-15,77;-7,35;1,25;0,78;7,52;29,37;39,75;7,6;-4,98;-17,07;-4,19;-5,59;-8,98;0,46;-31,09;-3,18;8,72;15,28;5,13;3,05;-1,56;6,44;2,9;12,22;-10,69;-8,18;-3,27;-1,8;-10,55;3,41;0,41;-0,35;6,92;-2,45;-0,19;-2,98;2,57;0,08
2,25;3,02;1,35;0,25;-1,88;-9,87;7,61;2,57;12,72;5,82;-0,79;-9,95;3,47;-3,48;-0,61;-4,35;5,24;4,55;2,91;-1,14;9,89;-0,75;6,41;-7,79;5,75;-5,92;4,89;-2,3;3,15;-0,02;19,29;5,41;5,12;1,09;1,12;3,61;8,81;-12,14;-13,84;-2,62;0,74;-0,01;3,11;5,49;1;6,82;0,25;0,71;-0,98;7,49;4,81
4,87;-2,43;10,8;-1,26;1,96;-3,12;13,94;-0,23;-0,79;-3,24;0,71;-3,16;-0,23;-1,61;0,86;-4,29;-2,49;2,36;3,05;10,12;7,19;-1,45;-6,24;-8,21;-0,32;2,01;4,56;-3,81;8,39;8,62;21,9;7,72;11,58;2,8;2,2;6,89;2,93;2,72;-18,84;4,9;-1,99;-6,87;3,42;5,82;4,42;0,33;-3,07;-3,43;-0,94;9,38;5,78
9,23;7,48;-4,54;1,8;-3,83;-4,95;15,26;1,37;5,27;3,47;-10,24;-22,1;4,02;-5,69;-2,82;-0,74;3,46;1,36;4,4;17,98;0,96;4,12;-10,21;1,56;1,7;-9,71;-1,05;-14,46;-5,05;-1,12;-4,91;13,07;1,77;-0,89;0,92;-0,93;6,91;-7,79;3,72;-7,6;-0,43;-1,41;2,89;-3,19;-0,34;3,71;3,17;-0,2;-2,87;0,59;-0,83
7,12;2,27;2,09;-1,76;4,47;-1,49;9,6;3,85;-1,25;8,22;-3,01;-13,65;-4,2;-2,3;-5,6;-3,09;5,39;3,75;1,9;11,04;5,16;-2,79;-6,85;-9,24;2,61;-6,4;9,33;-13,26;9,61;-2,44;15,51;0,29;-4,96;-4,15;-1,32;4,69;0,3;0,87;-19,2;-13,45;4,61;2,14;-12,22;-0,9;-5,8;8,09;12,25;5,64;-1,16;12,13;0,8
13,85;-2,24;2,68;-0,33;-6,77;-9,85;16,54;-1,23;5,21;2,97;-13,36;-16,5;-4,67;-5,12;1,13;0,04;10,64;11,11;14,03;14,18;1,63;7,44;-7,26;-1,44;12,55;-8;-3,21;-16,35;-0,57;-2,24;-5,59;0,51;-5,82;2,04;-2,81;3,99;8,36;-7,3;4,8;-9,99;-2,05;5,01;10,18;-1,22;-3,28;10,12;-9,23;8,32;1,23;-0,51;1,44
-8,48;-0,85;2,33;2,1;2,57;-3,5;5,73;-3,48;2,75;0,89;5,05;-3,97;11,65;-4,65;-0,09;-0,02;6,45;-5,17;-1,2;2,63;4,59;-0,74;1,6;-9,73;-6,6;-9,76;2,67;12,02;-0,96;1,59;7,67;5,21;0,45;1,01;-2,31;0,84;5,95;-0,41;-5,3;-8,5;-3,37;5,01;-0,28;3,62;-0,72;9,59;-0,39;2,44;-1,69;2,84;1,56
7,88;-1,34;-1,53;-7,2;2,25;-1,65;17,16;1,12;12,85;1,36;-18,2;-21,02;-0,33;-4,46;-3,39;-6,19;1,68;5,76;11,56;19,01;-2,84;4,44;-3,44;-1,6;-2,28;-4,75;-1,51;-14,91;-0,07;6,55;2,38;5,49;2,99;-3,6;3,07;1,24;5,89;-11,95;5,99;0,28;3,03;-9,08;10,07;3,95;-0,3;4,4;-11,48;-0,06;-3,62;-4,47;-0,01
6,22;-0,75;4,06;-9,24;0,22;-5,38;26,31;-2,43;26,8;6,06;-19,45;-27,94;4,63;-18,79;0,86;0,25;6,96;8,41;22,75;23,1;8,69;2,79;-6,19;-9,59;0,68;-6,67;-5,41;-18,05;-1,25;-3,96;17,42;-2,8;-0,23;-3,29;2,12;8,83;13,7;-18,94;-4,26;-5,68;-1,29;3,06;15,91;3,69;0,86;10,93;-15,29;3,81;1,12;-2,84;2,79
3,21;-1,92;5,45;-1,83;-1,08;-4,47;4,25;-4,74;-2,96;12,55;0,07;-7,24;-0,85;-0,64;-1,21;3,89;2,27;1,75;2,24;4,75;5,07;-2,44;-0,11;-11,23;5,29;-7,25;3,18;-5,34;5,11;-3,38;23,76;-1,98;2,91;0,39;1,54;5,88;4,21;3,94;-12,56;-10,83;-4,39;8,9;2,93;-0,06;-1,43;10,99;-1,45;4,92;1,45;5,84;3,08
8,81;-2,99;1,87;-6,84;-0,43;-0,26;14,31;2,64;4,23;2,25;-18,26;-9,83;-5,79;-0,27;-2,74;-5,53;-1,84;6,68;13,81;16,19;5,96;-0,99;-1,2;-11,84;2,22;-2,3;-2,38;-13,61;-3;5,84;14,71;7,69;4,75;-0,98;3,44;2,59;4,99;-2,75;-1,24;0,7;2,8;-8,04;9,13;3,23;2,67;1,22;-10,6;-1,56;-3,35;-1,59;1,25
12,96;5,39;-2,22;-2,15;1,79;-5,2;12,04;-4,41;2,54;18,68;-15,54;-8,63;-1,42;-3,61;-2,41;5,15;13,3;9,43;15,07;14,39;6,43;5,86;-11,74;-2,94;6,91;-10,89;-1,31;-13,88;1,29;-10,57;2,17;-6,52;-16,36;0,55;-2,27;3,74;-1,41;-1,35;-4,34;-15,39;1,27;11;4,19;-7,69;-10,88;11,48;-2,47;10,77;3,3;3;1,2
7,38;0,93;4,01;4,9;-6,13;-3,49;6,52;4,56;-8,78;6,61;-10,64;1,83;-0,73;2,62;-0,26;-4,63;2,83;6,26;8,52;13,42;2,25;3,89;-8,66;-1,07;10,15;-5,69;-3,41;-3,18;4,1;-0,79;13,96;7,46;2,72;0,73;-0,41;4,1;1,75;2,88;-1,24;-9,14;0,24;-1,11;18,94;-2,13;-2,97;3,26;-16,33;1,18;-1;0,3;3,27
8,85;-1,64;2,93;-5,12;-4,85;4,07;16,55;0,54;-0,87;8,42;-20,1;-10,51;-4,32;-2,13;-4,09;-0,78;1,47;10,62;18,62;24,7;6,52;-5,37;-13,46;-9,75;-1,69;-12,59;3,13;-18,29;6,17;2,97;19,72;9,94;1,12;0,63;1,66;9,34;7,11;-5,63;-15,92;-10,09;-0,76;-1,49;-9,23;-4,43;-3,42;6,41;7,01;1,89;-2,75;7,23;0,82
11,24;15,16;-16,48;-3,97;1,16;-6,66;21,8;-1,5;9,58;7,76;-13,84;-22,52;-1,14;-6,81;-4,66;-3,45;-0,32;7,17;13,06;19,1;-4,81;0,09;-14,45;-1,75;0,32;-8,17;6,96;-20;-4,73;7,21;-7,26;5,99;-0,14;-1,52;1,06;-8,05;6,33;-7,53;0,94;-2,5;4,06;-2,28;-22,56;0;-2,37;2,96;29,35;0,4;-2,86;9,39;-1,02
1,96;-1,57;-0,87;4,93;3,14;-6,45;3,11;0,38;-2,82;-5,27;8,58;2,23;7,64;-0,43;2,03;-0,68;3,03;1,57;-4,86;-1,25;1,9;3,06;-4,5;-3,5;0,85;2,7;0,72;8,81;1,8;0,37;2,12;4,69;12,26;0,12;1,88;2,91;0,47;1,48;-3,03;-4,46;-1,19;-0,55;0,83;1,59;3,24;3,34;-2,23;-0,74;2,37;1,91;3,17
5,24;3,22;0,48;-0,2;0,29;-4,05;5,51;-11,09;-2,38;17,78;-1,44;-2,03;-1,25;0,59;-2;1,57;9,22;2,86;-0,91;6,44;4,52;3,33;-4,8;-3,35;2,4;-15,3;0,4;-4,4;0,31;-1,96;2,27;-4,17;-13,72;0,32;-5,11;4,28;0,47;0,92;-1,36;-10,62;1,3;14,18;2,76;0,6;-11,12;13,38;0,65;8,34;-1,04;-0,81;0,84
10,46;7,37;-4,96;-13,08;-1,55;-0,03;25,4;2,95;13,54;9,94;-17,06;-28,65;-0,16;-8,58;-2,64;-1,51;2,51;7,94;25,12;25,22;3,91;3,81;-13,53;-1,72;-9,76;-4,89;3,12;-28,07;-3,06;-0,31;-10,75;2,56;-0,64;-1,23;-1,25;0,28;13,26;-8,18;1,68;-12,53;0,32;2;-10,46;-0,65;-3,94;5,97;17,16;2,73;-1,35;4,74;0,09
3,17;1,24;4,88;0,23;-2,37;-4,28;11,33;-0,58;1,31;0,88;-5,08;-9,04;4,55;-0,66;-3,85;-1,39;-1,25;1,62;4,73;7,47;5,27;1,85;-3,68;-7,58;-0,56;-0,7;2,5;-5,57;3,11;8,28;14,3;5,13;7,34;0,03;3,04;4,99;6,4;-2,17;-7,85;1,34;1,04;-2,5;8,22;3,84;2,7;3,76;-7,36;0,12;-1,29;2,24;4,12
2,64;4,56;-5,74;-2,99;-0,54;-7,71;15,41;-1,54;14,63;-8,28;-10,59;-11,08;11,42;-7,39;-0,94;-2,08;0,35;5,37;15;12,14;-5,88;2,65;-2,89;-1,28;-3,68;1,72;4,22;-1,38;-0,18;11,05;-6,73;1,56;6,93;-0,91;6,39;-5,07;12,17;-11,41;-1,38;9,75;-0,95;-10,3;-11,93;10,34;8,54;5,08;13,07;-1,69;-1,78;7,56;3,45
-0,62;3,23;1,49;-0,24;0,27;-0,22;10,41;1,58;10,33;1,67;-4,25;-10,29;8,13;-10,01;-3,69;-6,66;0,92;1,31;8,67;8,71;8,87;4;-1,28;-4,32;-4,57;-4,97;1,27;-1,17;7,64;6,02;17,66;3,41;1,1;-4,3;5,3;7,01;8,21;-8,87;-13,71;3,41;3,9;-11,91;8,52;5,88;0,59;4,37;-8,8;-1,12;-4,06;5,78;4,05
-3,02;-1,04;5,49;10,51;2,66;-12,6;-3,2;-5,21;-4,27;11,76;7,55;-3,89;4,04;-0,98;1,06;-0,18;11,32;-4,35;-12,5;-5,97;5,31;-3,29;2,52;-7,53;13,53;-11,79;3,25;10,28;6,1;-6,24;20,5;-1,81;-7,9;0,55;-1,95;6,04;-2,41;0,82;-13,75;-12,28;-0,58;12,83;-0,26;2,52;-3,36;16,4;0,18;9,3;1,62;7,5;2,41
9,03;2,95;8,97;5,06;-2,1;-6,07;3,72;-0,98;-6,47;8,83;-4,03;8,66;0,1;4,51;-7,5;-1,54;1,3;5,39;0,81;4,51;6,73;-2,04;-0,85;-7,99;10,33;-13,06;1,4;6,16;8,54;7,81;32,44;6,55;-2,24;-3,53;2,78;9,33;0,45;3,42;-20,22;-0,24;6,67;-4,47;12,48;6,26;-3,6;7,26;-7,44;-3,57;-7,23;8,33;6,63
7,59;7,27;-3,3;3,07;0,57;-3,1;13,1;2,15;-0,28;3,23;1,32;-11,5;-0,74;-7,8;-5,53;0,7;4,42;0,18;2,22;12,4;-1,2;5,33;-12,84;0,47;4,97;-12,31;-2,41;-9,14;-3,84;0,2;-7,25;12,09;5,64;-0,82;-0,95;-1,46;2,5;2,88;5,8;-16,71;-3,66;-0,13;3,19;-3,75;-2,29;7,81;0,69;1,5;-2,78;-0,47;0,02
7,01;-2,46;4,93;-4,12;-1,51;-3,11;13,72;-0,55;10,29;8,45;-9,59;-12,51;4,46;-5,33;-0,18;0,14;4,62;5,39;9,89;12,91;-5,74;-2,83;-2,22;-8,22;-1,14;-10,14;7,4;-12,24;2,79;-1,43;9,86;2,9;-1,15;2,04;-1,01;1,89;8,98;-6,51;-4,2;-13,89;-2,7;6,26;-1,07;-4,18;-5,9;8,83;3,18;4,85;1,02;0,55;1,34
-4,71;-0,78;4,26;-8,16;-0,37;-0,43;6,98;-3,69;12,86;1,32;-2,91;-6,35;8,49;-5,49;0,07;-9,79;2,36;2,08;8,76;3,52;-0,76;1,8;8,76;-7,06;-7,89;-1,6;2,94;-1,34;2,69;3,97;10,61;-5,12;-2;-5,9;3,33;3,82;9,1;-6,74;-4,7;7,16;3,26;-8,49;3,54;9,04;1,73;5,9;-1,93;2,56;-2,8;1,91;1,93
8,6;-2,15;8,76;-3,82;-1,99;-0,97;13,6;-1,3;2,5;11,3;-13,57;-9,36;-3,37;-0,5;-5,76;3,02;2,58;2,59;8,27;16,59;10,9;-2,7;-6,94;-9,52;-0,67;-13,49;6,28;-14,53;7,89;3,31;21,79;7,82;3,76;-1,09;1,52;7,94;3,13;0,62;-20,85;-9,66;-2,2;2,18;1,37;-0,07;-2,92;8,57;-0,71;0,15;-2,68;7,75;2,65
4,13;3,53;-6,61;4,9;6,46;-3,06;6,1;-2,02;-4,87;9,06;3,42;-11,4;2;-10,1;-1;4,82;3,85;-2,43;-4,63;5,04;3,58;2,51;-11,97;-1,41;9,93;-8,23;-1,64;-0,16;-0,87;-4,06;2,16;4,75;4,73;1,07;0,95;2,6;-7,17;3,88;-2,2;-12,22;-3,94;7,64;0,08;-2,7;-1,92;7,91;-1,62;0,65;1,78;-0,3;0,15
6,8;4,52;0,46;-5,58;-0,89;-1,81;20,03;-4,42;15,22;8,23;-11,75;-13,5;3,38;-10,26;-3,8;-3,09;4,98;9,36;21,21;17,81;1,82;2,66;-8,7;-2,33;-2,43;-9,62;-0,63;-10,17;-6,39;4,72;-1,01;3,13;-1,95;0,18;-0,98;1,24;9,63;-11,1;3,8;-3,68;5,13;0,09;4,21;0,53;-5,87;6,04;-1,31;1,96;-0,69;0,3;1,95
15,27;-4,68;2,81;-7,97;-10,66;1,92;29,71;7,35;5,23;5,3;-31,07;-28,37;-0,44;-1,15;-6,59;4,2;-0,84;7,87;26,96;37,21;10,59;-7,71;-18,5;-7,21;-10,02;-0,99;1,23;-29,99;4,67;2,89;28,23;4,25;-0,5;0,1;0,54;9,63;18,83;-4,85;-17,8;-10,53;1,9;-2,4;-3,25;-4,39;-2,5;2,01;-0,33;1,3;-0,64;9,4;1,73
-3,23;-0,27;1,33;-4,42;1,7;-2,77;12,31;-3,74;10,95;7,62;-4,02;-13,92;3,56;-12,41;-5,83;4,48;9,62;1,89;8,52;11,07;-2,42;3,07;0,26;-7,35;3,26;-15,86;4,46;-3,35;8,08;-1;8,49;5,3;-2,04;-1,03;-1,52;2,15;5,14;-7,32;-9,44;-14,98;-1,51;5,3;-5,01;-5,49;-4,34;11,8;5,19;6,09;0,35;7,83;0,91
-3,39;3,23;-0,19;3,36;-3,95;-0,87;5,57;-0,32;9,27;6,17;-6,43;-6,7;7,63;-2,74;-2,91;-4,95;2,6;-0,95;4,3;6,4;1,64;-0,9;8,5;-1,64;-2,83;-7,9;3,94;1;-0,9;6,76;6,01;2,29;-0,13;1,67;-2,84;2,09;10,78;-9,5;-2,81;-5,85;1,81;-1,16;0,8;3,93;-4,76;6;0,17;1,77;-1,4;1,63;1,94
2,56;5,18;-0,65;-5,86;2,93;-3,48;10,46;-3,92;8,99;9,48;-10,19;-10,98;2,39;-0,68;-1,07;-3,71;9,16;3,32;9,65;7,65;7,38;0,16;-0,61;-1,56;-6,43;-4,7;-1,66;-7,92;-0,07;1,54;9,46;-5,36;-8,41;-0,43;-4,31;2,86;4,67;-5,97;-5,48;-6,34;6,45;2,87;5,88;2,78;-7,94;7,5;-1,74;6,47;1,26;3,8;1,44
11,71;4,66;-1,17;-10,76;-0,64;0,27;22,4;-7,77;4,39;20,57;-17,5;-14,69;2,23;-7,2;-2,65;3,15;12,96;10,97;19,79;28,9;10,1;0,31;-15,53;0,12;-3,54;-11,51;0;-19,03;4,53;-5,5;12,27;-8,23;-14,82;-2,44;-4,12;6,78;7,11;-3,37;-12,57;-11,87;7,1;13,33;1,82;3,77;-14,24;14,53;-2,72;5,43;2,03;7,05;2,42
4,93;-0,04;4,12;1,54;-5,6;-10,74;6,95;-7,95;-0,77;12,4;-14,67;-4,93;2,2;3,7;-3,67;-6,76;4,37;5,8;4,25;10,18;6,04;-0,99;9,86;-5,98;6,69;-13,58;7,51;-1,41;9,13;2,19;13,45;2,07;-2,79;-6,7;4,46;5,53;8,16;-8,54;-19,86;3,75;6,9;-1,75;-9,13;8,26;-0,04;9,86;7,84;-0,44;-2,84;11,93;3,36
10,57;-0,41;-2,14;-6,51;-1,46;-4,34;15,58;0,91;4,13;7,08;-21,84;-12,79;-5,24;-5;2,15;-3,44;4,06;6,33;12,59;20,01;6,27;-4,93;-7,87;-11,14;12,13;-4,7;2,49;-13,65;0,69;1,51;22,13;-5,18;-3,53;-0,83;4,13;4,96;-0,99;-6,51;-11,96;-0,36;1,66;0,07;-6,12;5,58;0,19;8,48;5,54;2,09;-0,26;7,03;2,12
0,72;1,87;-3,72;-8,91;1,37;2,72;25,07;-3,1;11,66;6,53;-16,9;-27,61;4,57;-19,82;-2,5;-7,92;1,58;-2,62;20,17;29;3,17;1,46;-20,72;1,53;-2,49;0,59;-2,5;-20,25;-2,92;7,56;-1,97;-2,32;1,46;-1,47;1,57;-1,35;3,76;-0,15;1,24;3,04;7,56;-3,73;0,05;5,79;0,17;5,32;1,31;5,06;-0,59;3,26;0,83
1,46;1,52;4,14;0,33;2,78;-4,56;10,61;-2,22;6,39;4,13;-4,41;-15,41;3,15;-8,98;-1,63;-1,71;0,42;0,97;2,94;5,34;8,49;-3,39;-2,87;-9,25;1,23;-4,75;3,61;-6,12;5,27;5,07;25,5;8,02;3,68;1,44;-3,88;7,17;2,21;-6,5;-17,45;-8,29;2,31;2,75;2,52;4,18;-3,84;5,77;-5,44;-0,04;-2,53;6,12;1,49
2,14;2,25;0,55;-5,6;-3;3,3;15,09;2,48;10,85;4,51;-14,72;-11,43;7,23;-5,43;-6,5;3,82;0,7;4,71;17,19;19,12;1,17;6,77;-4,1;-5,22;-9,49;-4,4;0,99;-8,87;0,49;6,17;0,11;5,58;2,53;-1;4,18;0,43;11,39;-6,63;4,04;-3,67;8,5;-2,36;10,43;-3,35;2,83;4,07;-10,83;0,2;0,88;-1,6;3,94
12,85;-2,9;0,75;-15,23;-0,19;2,38;34,54;-3,24;13,98;9,28;-28,39;-32,07;-2,24;-16,79;-2,63;-1,72;8,5;12,2;31,88;35,56;10,88;1,75;-20,63;-15,55;-3,69;-11,41;3,61;-31,5;7,13;-1,84;16,94;2,97;-5,52;0,42;-2,6;6,74;9,71;-9,58;-13,72;-9,85;1,3;3,8;-6,1;-2,43;-5,95;8,99;0,39;6,56;-0,1;5,41;-0,1
-1,35;0,52;1,68;3,25;2,51;-4,33;7,2;-6,01;-3,71;22,14;2,75;-8,55;6,85;-3,75;-4,94;8,34;10,45;0,6;1,12;5,03;4,19;-0,87;-3,41;-7,64;-0,71;-17,73;2,9;2,72;5,61;-4,12;14,1;-6,5;-18,83;-1,5;-1,98;6,9;3,95;0,84;-14,24;-12,1;5,19;10,39;-4,68;-0,93;-13,22;12,74;2,47;3,1;-0,42;6,42;0,78
-3,69;5,72;-0,71;4,89;-0,69;-6,06;5,8;-3,78;-2,47;8,85;1,27;-1,66;8,4;-0,96;-2,34;-2,94;1,18;0,48;-2,25;6,73;9,33;4,31;-1,02;-0,92;-0,42;-8,13;-4,18;9,26;-0,52;-0,84;5;-10,19;-5,51;-4,75;6,88;7,99;7,37;-1,39;-3,46;-3,52;-5,09;1,05;9,83;4,19;1,58;13,71;-7,88;9,58;-2,73;0,84;3,86
1,6;3,1;-0,73;1,79;-1,98;-2,63;13,23;-2,3;4,26;4,53;-8,8;-11,7;2,55;-1,58;-5,77;-3,06;-0,84;0,24;2,32;12,88;4,08;1,14;-1,3;-3,2;-3,01;0,61;-0,93;-8,84;-1,32;9,04;3,26;-2,34;-1,86;-1,16;1,24;0,84;8,2;-5,4;-0,14;3,64;7,42;-2,65;3,63;4,9;-3,68;3,16;1,78;1,49;-1,08;0,65;1,57
11,08;5,12;-4,06;2,59;-3,3;-9,48;13,54;0,21;-10,79;0,32;-4,93;-10,88;-5,22;3,1;-1,61;-3,55;1,88;3,04;6,36;13,15;2,56;4,29;-13,58;-2,03;12,29;1,7;-0,11;-12,71;-4,48;5,38;-7,05;-1,14;-2,64;-0,88;5,76;-2,21;3,82;10,16;1,97;3,64;1,03;-6,44;-1,32;1,67;3,38;4,39;2,59;6,7;-2,79;2,42;1,53
0,53;6,36;1,21;7,17;-0,26;-4,27;-1,13;-6,8;-2,34;19,72;3,42;0,47;5,73;3,43;-5,43;-3,32;6,98;1,24;-5,38;-0,93;9,2;5,76;3,77;-6,59;0,54;-12,94;-0,35;5,21;4,43;0,94;11,99;-10,62;-10,8;-4;1,83;9,37;5,78;-3,2;-9,12;-6,17;4,09;3,25;10,32;6,35;-8,42;13,77;-3,44;6,58;-2,26;3,37;3,7
12,32;1,26;2,77;-1,47;-7,68;-4,93;19,57;1,65;-2,22;5,3;-16,94;-13,92;-1,82;-5,53;-0,85;-1,4;1,6;4,89;17,11;23,82;-0,91;4,86;-16,9;-2,08;10,74;-2,85;-1,79;-11,19;-2,18;2,3;-0,2;0,43;-2,39;0,68;2,21;1,84;3,98;3,23;3,23;-2,31;2,75;-4,89;9,31;-0,92;-1,12;4,13;-8,47;1,51;0,18;0,23;1,97
4,53;-0,41;9,72;-3,43;-4,21;-0,76;6,57;-6,53;6,25;15,79;-18,88;1,12;3,87;6;1,14;-4,29;5,99;9,75;14,19;10,84;8,19;-4,67;6,04;-9,9;-4,74;-9,52;4,97;-0,61;8,99;-5,59;27,09;-5,03;-6,75;-0,98;1,05;9;9,71;-10,85;-22,49;-6,14;-1,19;9,88;0,49;6,41;-1,23;15,14;1,39;9,35;-1,55;11,98;6,14
12,56;1,89;0,08;-6,19;-4,49;1,71;28,24;0,66;8,17;12,26;-24,16;-20,65;0,92;-10,04;-5,66;4,93;3,57;10,08;26,95;33,13;2,9;6,03;-19,81;-2,2;-0,88;-4,58;-0,9;-20,36;-2,5;-3,71;-2,03;2,47;-1,9;2,06;-0,07;0,77;11,02;-6,36;4,51;-14,2;0,55;7,66;9,9;-8,66;-3,89;5,51;-9,38;7,18;2,53;-0,99;2,27
3,64;5,13;-0,39;-6,49;1,97;1,12;10,11;7,43;13,51;-5,73;-8,11;-8,26;0,71;-4,72;-2,95;-3,01;3,7;3,62;11,91;6,53;11,98;-2,69;-1,6;-9,44;-5,74;-5,56;3,68;-11,08;7,57;2,66;19,45;14,15;4,16;3,85;-2,7;6,24;4,89;-3,34;-22,72;-11,48;-1,99;-2,86;-9,46;-4,84;2,24;3,07;12,43;4,62;-2,21;11,92;2,99
7,83;-0,32;0,99;-2,14;0,4;-3,86;12,09;-7,74;-1,28;6,18;-22,03;-12,6;-4,93;-3,08;4,93;-0,55;8,22;5,6;10,11;20,63;5,4;1,48;-7,11;-3,8;11,25;-6,62;1,75;-11,17;1,29;-2,09;5,75;-4,66;0,65;-0,34;-1,37;4,79;-2,49;-3,04;-3,32;-2,97;-2,17;8,17;4,02;10,38;-4,75;11,93;-2,14;-0,39;1,98;1,56;1,72
5,58;3,55;-0,31;1,96;-2,24;-8,42;13,33;-1,97;6,04;-2,09;-10,8;-10,63;3,9;-7,02;0,97;-3,99;1,98;4,79;11,65;13,46;0,98;-1,59;-6,76;-2,84;5,95;3,93;1,07;-6,02;-1,76;6,85;10,7;-4,39;0;0,29;1,11;2,6;5,01;-5,82;-0,75;8,34;4,03;-1,2;2,36;11,09;3,39;5,71;3,3;2,07;-1,34;1,86;4,67
-2,36;2,18;1,05;-4,92;3,61;0,9;13,47;-4,32;8,29;13,94;-6,16;-13,57;6,91;-8,71;-1,39;-2,47;9,33;0,51;7,27;13,38;1,67;3,99;-3;-0,03;-5,68;-16,59;-7,5;-1,59;-4,4;-1,67;-3,72;-0,22;-3,31;-3,86;0,3;3,19;5,66;-6,12;5,12;-7,15;4,84;3,9;6,47;5,94;-8,1;13,49;-0,21;-0,04;-0,32;-1,72;0,82
2,18;5,37;0,83;2,18;4,12;-9,16;2,66;-1,34;-0,07;9,96;4,13;4,39;-0,72;-1,46;-5,87;4,28;4,55;3,15;0,33;0,74;3,9;2,82;-1,83;-4,19;13,55;-11,98;-1,27;5,87;0,08;1,84;8,3;4,17;-6,55;-0,08;-0,88;3,86;-1,3;3,8;-1,77;-11,5;2,61;2,87;12,38;-4,09;-7,1;7,37;-10,42;2,9;-1,58;-1,55;2,87
6,22;0,44;3,52;-0,92;1,58;-5,29;7,59;5,43;-2,49;8,03;-6,29;-9,39;-2,71;-2,76;-0,89;-4,13;3,84;3,38;4,21;9,5;3,39;2,48;-4,87;-3,48;7,96;-2,2;2,88;-7,25;7,16;-4,63;14,22;3,1;-3,58;-0,59;0,36;5,62;-1,05;1,77;-10,07;-9,84;3,67;1,49;6,45;-4,28;-3,81;3,13;-5,33;4,76;0,3;5,74;2,29
10,38;-0,63;-3,5;-7,35;-3,14;2,07;20,55;2,19;9,04;4,59;-15,85;-15,06;4,36;-5,15;0,05;-4,35;2,57;10;22,41;26,66;-1,57;1,08;-12,92;-3,05;-8,68;1,3;3,01;-19,72;-5,92;4,78;-4,29;-0,91;2,88;1,81;0,15;-2,47;12,61;-5,37;6,35;-1,59;3,55;-1,56;-0,42;2,57;-0,9;3,4;-1,24;2,23;2,28;-1,8;2,3
3,18;3,77;-0,74;-6,92;3,33;-3,45;19,16;-3,45;9,39;16,24;-10,3;-18,94;0,94;-10,26;-0,93;1,97;5,75;1,64;11,99;14,11;4,33;5,8;-7,8;-3,89;-0,9;-12,23;-2,65;-13,27;-2,06;-6,45;2,57;-3,6;-11,24;-0,43;-2,04;3,88;3,69;-2,32;3,16;-13,96;-0,04;10,44;10;-1,13;-7,1;11,25;-7,3;6,1;0,63;-1,15;-0,57
10,95;2,15;-1,02;6,99;-2,7;-3,14;6,7;-5,11;0,1;11,46;-7,15;-8,17;0,74;-1,43;-3,29;-9,4;3,04;6,39;3,44;10,77;-0,25;4,8;-6,08;2,35;5,62;-14,69;0,24;-8,16;1,29;4,03;-3,2;5,26;-5,56;-3,08;1,18;2,26;3,65;-6,31;0,79;-2,25;0,35;-1,65;4,18;5,88;-5,08;10,17;-1,02;4,57;-7,84;1,43;0,54
2,78;1,31;1,27;-10,92;0,76;-2,23;20,09;-4,52;21,75;5,1;-19,17;-25,87;-0,12;-17,1;1,95;-1,28;0,2;4,74;20,16;16,6;2,88;1,38;-2,75;-3,87;2,83;-6,19;-2,68;-18,01;1,11;1,4;14,67;5,41;8,91;-1,09;0,93;3,76;6,11;-13,43;-1,69;-8,69;-8,76;1,93;13,82;4,41;-3,44;9,05;-11,2;-0,12;-2,42;0,53;0,71
-9,45;1,62;5,99;0,95;7,89;-1,47;-0,17;0,91;8,2;7,06;10,82;-4,09;5,68;-12,14;-1,2;-2,36;0,08;-7,09;-2,59;-8,82;5,33;-0,06;5,62;-4,3;-0,33;2,65;7,02;9,78;6,91;5,41;15,26;-10,52;-9,27;-2,34;2,21;5,9;-0,53;2,34;-13,86;5,84;10,85;-1,63;2,45;5,95;-0,9;3,44;0,85;2,58;-0,75;6,99;4,3
-0,53;3,81;-3,84;2,32;0,93;-4,33;10,6;4,87;8,77;-0,3;-4,94;-13,63;7,77;-6,39;-5,1;-1,54;-1,67;-0,14;5,01;8,81;6,24;-1,06;0,28;-3,42;-1,71;-3,72;1,63;-1,91;-5,82;3,73;2,62;19,74;10,81;0,13;4,23;-0,17;10,36;-4,74;-0,28;-2,85;3,87;-7,81;-1,66;-4,08;4,25;-1,41;0,68;-3,93;-1,65;2,31;1,92
5,62;-0,55;-2,81;3,91;-2,39;-2,62;12,35;-1,17;-3,07;5,87;-10,82;-9,38;1,55;-5,71;0,36;-0,68;2,97;2,03;6,3;17,54;8,17;4,91;-12,32;-5;2,68;-3,67;-4,31;-7,88;-1,38;2,99;6,02;5,27;7,14;0,69;2,46;2,32;0,98;-0,52;0,74;-2,61;-3,17;-1,76;11,37;5,72;-1,27;6,06;-13,7;-2,5;-0,58;-0,91;1,21
8,55;3,06;-1,25;2,51;-1,23;-10,39;9,12;-9,18;-3,11;8,32;0,76;-11,02;-8,49;-1,2;-0,37;-4,08;7,06;3,78;3,73;1,88;-0,07;1,27;-9,52;-7,39;13,76;-13,24;3,69;-11,83;0,63;1,21;5,14;-1,79;-2,41;-0,51;0,13;0,98;-1,4;2,42;-2,2;-5,52;-4,13;5,74;0,03;6,92;-2,46;13,86;-0,35;5,67;-1,99;1,01;-0,34
5,73;-4,31;9,43;0,71;0,57;-5,77;8,08;0,14;-0,15;7,48;-1,19;-3,12;-3,34;2,11;-0,46;-3,01;1,08;5,29;1,81;3,56;5,4;1,42;-3,3;-9,58;7,27;-3,39;3,28;-4,71;3,5;5,82;14,26;-0,94;0,04;-0,63;3,08;7,78;1,61;-2,22;-11,03;2,33;1,89;-2,78;7,71;6,97;2,98;6,66;-10,01;1,37;-1,83;2,43;3,64
7,91;-1,37;4,82;9,03;-2,88;-1,94;8,55;-6,89;-11,18;8,89;-4,42;-4,37;-1,07;-2,79;1,38;-2,44;7,52;0,83;-1,74;15,07;2,61;-2,55;-17,11;-2,18;7,69;-4,8;2,33;-6,79;3,53;-3,12;12,57;-2,1;4,43;-0,02;-1,8;2,34;-1,76;3,07;-10,92;-9,83;-6,49;6,38;1,46;5,17;-4,59;12,32;-3,75;6,76;2,2;7,65;2,31
0,88;4,18;-7,28;-8,91;3,11;0,86;21,31;4,53;7,98;4,69;-18,47;-21,03;-0,76;-13,06;-1,71;0,4;0,46;3,7;18,28;23,51;3,25;6,95;-5,47;-3,1;-1,57;-4,98;-2,28;-13,89;-1,1;1,98;3,59;3,09;-0,89;0,28;2,45;1,93;5,41;-5;4,36;-7,55;0,09;0,69;8,8;-1,08;-1,52;5,71;-9,77;2;-2,01;-2,16;0,57
-1,84;-1,04;5,6;8,65;4,97;-4,92;0,8;-0,47;-9,51;3,62;7,98;-6,56;0,37;-0,28;-0,57;2,15;3,43;-2,48;-10,06;0,71;6,96;-1,56;-5,82;-3,93;5,43;-9,43;-1,45;2,05;-0,11;-2,85;16,36;12,14;9,86;2,59;-2,77;6,74;-0,19;3,36;-5,02;-18,3;-9,59;6,52;12,8;-1,34;-5,42;7,84;-9,3;0,11;-0,99;1,58;1,24
8,05;3,96;-0,71;-7,42;-4,34;-5,2;17,34;2,64;8,35;0,14;-15,57;-16,55;5,13;1,73;1,11;2,14;-0,3;8,11;13,3;16,17;-1;5,82;-2,07;1,25;-5,83;-3,64;0,32;-14,77;-1,09;-1,09;-8,2;7,74;10,81;1,77;4,08;-0,86;12,34;-8,82;-0,87;-6,93;-7,66;1,29;-0,76;-2,5;5,09;5,13;2,12;0,68;0,58;3,27;2,24
1,14;1,13;2,81;5,4;4,59;-5,99;-3,26;0,49;-6,9;5,04;7,2;8,65;1,4;-0,54;-3,76;1,85;0,7;1,14;-4,88;-6,72;3,7;2,51;1,53;-9,99;9,7;-6,46;4,25;9,67;6,85;-0,63;11,99;7,45;6,38;1,03;-1,95;5,38;-8,46;4,89;-13,43;-14,36;-3,73;4,64;-4,92;-1,81;-1,27;6,35;1,96;1,84;-0,54;6,61;2,88
4,75;2,89;5,21;-7,14;-2,41;-2,93;17,76;0,68;9,42;-1,07;-16,06;-10,56;5,71;-0,61;3,36;-8,67;4,07;10,08;17,76;18,65;11,13;0,02;-0,04;-13,24;-8,67;-5,8;7,22;-8,1;13,73;5,75;27,41;4,77;4,5;-0,71;1,39;8,3;15,92;-9,99;-28,39;1,68;-1,21;-5,65;0,1;10,15;2,32;6,04;-1,21;-2,5;-3,77;12,19;6,61
-6,15;-0,48;5,83;4,54;0,34;-5,41;0,06;-5,92;1,49;11,54;6,2;-2,35;7,88;0,09;-3,12;-1,18;5,12;-4,54;-4,86;-3,63;11,64;-3,46;7,59;-10,19;-1,93;-13,5;4,94;9,52;2,99;-0,61;17,37;-1,43;-10,3;-3,5;1,72;5,27;6,52;-1,59;-17,08;-6,67;1,12;1,78;0,16;3,7;-3,66;13,29;-1,19;6,26;-4,75;6,75;1,66
11,98;-6,32;11,9;-13,72;0,9;4,19;30,94;-1,78;9,55;5,52;-26,97;-22,51;-13,32;-13,53;-0,28;-6,04;2,18;7,78;27,74;32,26;6,47;-4,17;-20,69;-19,93;4,36;-2,35;10,1;-30,93;8,22;3,64;26,97;-2,55;1,95;-0,28;1,32;10,05;2,09;0,7;-21,23;3,39;1,76;-1,34;-1,43;6,57;0,71;5,71;0,6;3,15;-0,86;5,12;2,64
13,31;5,07;-2,03;-7,86;-6,28;-2,84;19,96;-0,51;7,53;2,3;-15,56;-9,88;-1,79;-2,36;-3,78;0,15;2,76;10,37;17,71;20,51;-0,09;0,86;-3,52;-2,71;3,31;-9,4;-1,02;-15,62;-2,77;1,7;8,68;8,04;1,4;-1,28;5,34;0,71;11,01;-5,94;3,1;-4,17;-2,05;-1,58;8,3;-1,41;2,08;7,65;-5,82;3,46;-3,56;-1,09;3,58
2,32;2,92;2,31;-1,2;4,29;-7,37;7,01;-5,56;8,21;16,79;-5,59;-22,41;-1,4;-8,62;1,9;0,9;4,19;3,78;2,54;6,82;3,63;2,94;-0,2;-8,33;9,96;-11,1;2,47;-10,96;4,28;-1,21;11,39;3,47;0,65;3,66;-0,91;3,16;1,66;-11,85;-5,84;-9,79;4,01;15,9;5,7;-0,91;-6,1;9,59;-3,53;1,1;3,54;3,82;2,12
4,44;6,5;-0,81;-13,77;1,66;5,57;14,75;-1,42;13,45;9;-23,07;-15,97;-1,68;-10,87;-8,66;10,96;5,5;6,3;19,94;19,25;-4,4;3,7;-2,35;0,11;-2,68;-18,37;5,23;-18,58;3,15;-1,2;-4,57;20,66;1,69;0,8;-2,02;-0,03;2,62;-8,28;-3,78;-18,61;1,62;5,48;-7,57;-10,53;-6,18;4,51;12,26;-4,22;-1,54;5,66;-0,25
-2,18;1,02;-0,86;1,67;2,38;0,07;-0,05;-2,82;-3,68;15,86;3,35;3,2;-4,1;0,9;0,65;2,08;6,1;-1,25;-3,15;-0,64;3,21;1,04;1,53;-5,99;5,71;-10,33;-2,15;0,43;-3,56;-6,31;4,87;-2,21;-1,66;-0,03;-2,32;3,43;-2,11;5;1,75;-15,44;-2,09;12,88;4,26;2,34;-8,5;11,5;0,42;1,83;1,19;-0,74;0,96
4,13;2,78;4,88;-9,42;3,51;0,84;15,7;-1,54;7,2;12,24;-9,48;-12,53;1,21;-6,73;-1,2;-2,23;3,9;4,9;15,55;16,87;7,48;-0,76;-7,52;-3,62;-6,67;-10,69;-0,35;-14,3;4,62;-2,07;19,37;4,69;0;-0,31;1,43;8,29;3,47;-0,64;-16,23;-9,78;0,53;3,71;4,67;-3,56;-6;6,08;-6,95;2,41;0,65;5,58;2,65
1,21;9,28;2,21;-4,33;3,47;-3,16;11,98;-0,8;12,57;6,62;-2,93;-14,73;5,48;-8,94;-1,46;-3,83;6,94;5,54;8,67;6,01;5,77;0,04;1,13;-0,65;-6,33;-8,31;1,79;-6,6;6,08;4,43;17,12;1,43;-4,02;1,83;-3,05;5,27;10,17;-9,46;-17,12;-8,68;5,2;-0,55;3,86;-2,29;-6,15;5,35;0,15;4,41;0,62;9,54;3,63
17,6;-0,44;-3,52;-16,71;-6,18;3,74;38,92;-5,96;13,97;8,25;-41,24;-35,73;-7,01;-11,49;-0,18;-5,66;-0,78;12,83;39,77;45,53;-4,89;6,81;-25,03;4,21;-3,38;-4,96;-6,37;-39,45;-6,23;2,4;-8,35;-1,96;4,02;-3,84;2,77;-1,28;15,11;-7,94;14,33;0,69;5,06;8,04;9,55;7,95;-0,87;9,39;-8,85;2,36;-0,97;-3,48;1,02
5,04;-2,86;5,24;0,41;1,24;-4,91;3,4;-1,8;-10,39;-3,48;-1,29;5,52;1,62;5,65;2,53;-5,53;2,91;4,74;0,92;6;13,64;-4,3;-5,46;-12,7;2,62;7,28;-1,47;5,52;-1,2;7,74;31,12;-1,94;4,37;1,18;1,45;11,17;-1,47;4,71;-10,06;8,98;4,52;-4,84;16;9,56;3,8;2,62;-17,5;1,42;1,2;-2,8;6,09
-1,03;8,88;-2,3;3,63;0,52;-0,66;4,1;8,27;0,29;-2,62;-0,67;-2,54;1,72;-0,59;-1,53;1,12;5,15;-2,3;-4,59;4,47;8,17;2,38;1,32;-4,23;1,94;-5,28;2,46;2,53;1,79;-4,15;5,15;11,23;3,96;-0,21;0,81;3,04;3,62;1,45;-11,17;-7,48;0,4;-3,51;-4,31;-1,08;4,66;4,39;7,54;-1,09;-0,88;6,54;3,02
0,98;8,62;-0,17;-7,81;2,52;0,98;21,05;0,48;19,58;5,33;-16,39;-19,42;6,65;-14,64;-2,79;-1,12;0,99;4,02;17,39;17,82;2,79;2,47;-4,7;-5,79;-8,42;-10,33;3,39;-10,85;1,35;3,9;10,26;13,9;7,52;1,41;-1;4,04;7,92;-13,72;-5,01;-7,41;-0,78;-0,3;5,83;0,75;-2,7;3,85;-1,22;-3,68;-2,09;2,48;2,57
-1,03;0,6;1,6;-4,63;1,67;-2;13,87;1,1;9,71;4,94;-13,1;-21,11;2,72;-7,35;-5,66;-1,57;-0,66;1,38;4,62;15,88;0,82;2,91;-0,61;-1,65;0,33;-3,79;1,79;-9,9;-1,82;6,26;-7,62;2,52;2,88;-2,05;6,58;-0,45;4,45;-13,77;-0,42;4,99;4,2;-8,96;-3,36;3,3;5,53;4,17;5,97;-0,61;-1,04;2,88;0,25
9,03;-0,92;1,63;-11,89;-0,87;1,45;24,04;-1,66;10,09;7,56;-14,66;-18,81;0,85;-8,92;-6,28;1,94;8,79;8,6;20,6;26,88;-0,74;-2,89;-11,33;-10,01;-7,37;-13,26;6,64;-22,97;0,29;-0,26;10,59;11,55;-2,59;0,16;-3,15;4,24;9,93;-7,06;-3,07;-13,08;5,49;1,5;-7,16;-5,66;-6,86;6,38;8,75;1,06;0,93;2,9;0,5
16;5,46;-4,13;-8,35;-2,57;5,04;15,08;2,61;2,23;8,92;-21,74;-6,72;-0,3;0,22;-5,13;-0,5;4,65;13,53;18,49;23,4;-7,22;-0,43;-11,62;-0,73;-5,19;-13,4;3,15;-17,73;-4,77;-2,77;-4,96;7,07;-0,3;-2,77;2,54;-6,65;6,09;-2,83;5,26;-12,22;-1,3;-1,82;-5,38;-0,77;-0,2;11,47;12,62;3,9;-3,24;3,52;0,39
1,36;5,98;-4,68;2,5;3,72;-5,59;4,5;-0,61;-1,47;4,18;-1,42;-8,01;4,13;-5,36;-1,02;1,74;9,32;0,88;-1,09;3,75;6,14;1,81;0,71;-1,06;6,44;-5,45;1,21;2,23;1,09;-2,4;3,81;-3,4;-2,12;-1,57;1,78;1,29;-2,21;-2,54;-7,86;-2,44;2,21;3,31;-0,93;3,3;3,77;8,78;2,87;3,91;1,5;5,78;2,83
6,12;4,62;-0,52;-12,6;-4,09;7,1;31,37;-1,1;22,55;7,08;-28,3;-30,49;3,58;-16,25;-6,56;-0,59;1,6;8,08;32,05;33,07;-2,99;3,8;-13,35;-4,1;-13,82;-11,44;1,39;-29,91;3,93;4,88;3,35;5,2;1,57;-1,54;1,98;2,2;17,64;-14,66;-4,18;-5,68;1,52;-1,92;-4,07;1,29;-1,48;7,8;7,69;1,32;-4,08;4,97;0,9
13,47;-4,69;3,42;-8,97;-2,29;7,1;27,75;-0,59;2,22;4,74;-21,43;-19,74;-5,85;-2,61;-1,68;2,59;8,25;12,72;20,98;31,97;3,46;0,88;-16,73;-5,08;-7,77;-14,87;0,76;-27,35;1,38;-1,24;4,26;9,54;-3,63;1,73;-4,39;2,24;10,44;-4,32;-2,07;-17,38;-3,16;6,72;4,97;-3,39;-8,56;9,69;-4,98;2,73;-1,47;-0,34;0,08
4,21;9,07;-0,68;-0,05;-3,44;-0,55;19,56;-0,39;11,07;5,31;-18,06;-19,46;3;-12,04;-1,9;-3,33;6,53;2,65;14,87;19,91;9,55;7,08;-5,73;-1,73;4,15;-7;-0,05;-10,56;4,61;1,41;13,54;-2,27;-3,14;-1,3;1,07;5,04;7,75;-10,41;-11,22;-4,77;-0,5;-1,46;15,51;3,01;-1,66;9,49;-16,96;5,85;-0,8;4,15;2,92
8,8;-2,03;9,25;-6,31;-2,39;-3,06;16,61;-1,76;1,55;10,76;-18,78;-16,06;-1,72;-5,38;-1,58;2,62;4,1;7,03;14,59;20,6;12,7;-1,25;-8,01;-7,33;3,72;-10,88;-0,41;-14,51;9,7;-1,53;33,75;7,7;7,41;2,91;-2,94;10,27;3,8;-3,3;-21,45;-16,83;-4,13;9,04;16,71;-2,31;-6,02;8,38;-18,48;0,59;1,89;7,78;3,74
3,8;0,56;-1,22;-12,07;3,8;3,25;14,83;1,65;10,97;6,31;-15,66;-8,05;0,11;-8,46;-0,37;-6,45;-2,54;7,64;18,08;17,77;5,01;3,17;-3,58;-2,24;-4,88;-0,66;-2,22;-10,95;0,85;4,72;6,82;2,07;8,68;-3,75;6,86;2,26;2,51;-7,04;-2,33;5,77;3,37;-3,39;8,44;9,75;4,62;3,47;-8,59;-3,44;-2,89;0,95;4,13
13,75;1,89;6,04;-17,57;-3,32;-0,53;27,26;7,1;10,89;0,63;-31,38;-27,88;-5,28;-5,06;-5,42;-1,97;-2,64;11,31;29,77;31,8;0,79;0,08;-9,67;-10,68;-4,22;-7,27;8,27;-28,95;7,64;4,68;16,81;16,81;7,15;-4,36;6,79;4,65;12,35;-7,15;-13,96;-4,66;3,59;-14,46;-2,72;-7,28;3,7;-0,58;7;-2,66;-3,93;8,83;1,97
-1,8;4,01;1,03;1,08;0,97;-5,05;7,95;0,76;5,92;10,26;-4,92;-17,2;6,87;-6,41;0,73;-9,62;4,32;0,98;2,03;7,48;4,47;4,92;2,48;-0,85;-0,97;-1,29;1,36;-1,99;5,31;4,3;2,85;-13,49;-5,79;1,64;2,88;2,8;6,92;-9,43;-5,69;2,84;3,12;-0,68;4,78;7,28;1,59;10,05;-3,09;11;0,99;4,24;4,04
13,25;4,18;-1,73;-1,05;-4;-1,57;17,89;-0,93;10,5;4,38;-15,01;-13,51;-1,66;-4,43;-3,69;-6,04;2,53;8,27;16,99;17,66;5,25;0,27;-11,33;-3,82;-1,68;-7,46;0,18;-20,55;0,25;7,11;15,38;7,14;4,67;0,85;1,47;4,58;8,86;-6,3;-5,52;-0,16;2,33;-2,86;10,03;9,25;0,79;8,11;-9,35;-0,51;-4;-0,7;3,85
1,13;1,58;-0,67;0,19;-0,68;1,42;10,75;4,95;7,22;3,94;-7,47;-10,93;0,23;-4,98;5,89;-1,35;5,77;1,41;7,2;11,03;6,47;2,84;-2,32;-4,48;-0,01;-1,85;-2,24;-7,19;-3,03;-5,91;5,95;5,61;1,77;1,22;-0,96;-0,49;6,44;-5,16;-1,33;-12,66;-0,01;4,42;10,24;-6,3;-1,35;4,07;-9,7;2,94;3,93;1,03;2,12
6,81;1,41;-0,2;-7,16;2,16;7,47;22,06;0,2;9,97;8,56;-13,52;-16,88;3,71;-13,52;2,75;0,8;10,7;5,75;20,35;22,94;9,06;-2,56;-14,6;-4,09;-10,34;-4,22;1,89;-13,69;1,97;-5,13;13,72;-3,67;-4,17;-0,09;-0,97;2,66;7,75;-1,64;-13,61;-10,71;0,75;7,9;-0,94;-0,75;-4,16;9,51;-2,66;6,52;3,18;5;2,73
-0,23;-0,31;4,16;-2,22;5,31;-0,59;4,62;0,08;2,03;6,01;-0,3;-5,78;-2,18;-3,36;0,68;-5,47;3,02;-2,05;0,67;2,79;4,49;0,46;-1,89;-8,53;0,51;-8,23;2,79;-4,12;6,23;-0,7;14,73;0,35;0,12;0,1;-3,84;4,89;-1,88;5,1;-11,25;-9,61;0,22;11,3;3,04;8,93;-4,33;10,87;-1,59;3,27;-2,92;3,81;1,52
0,99;0,71;5,48;-10,3;3,64;6,31;15,31;2,49;15,95;0,89;-19,95;-20,89;7,04;-11,15;3,51;-8,59;4,24;6,76;15,47;22,88;-0,51;2,26;-3,42;-3,42;-9,42;-4,91;2,46;-13,96;1,92;-0,01;9,58;8,63;9,35;0,13;1,53;3,6;7,05;-16,02;-0,46;-7,76;-1,24;-1,21;11,52;3,19;-1,65;7,41;-5,72;0,47;-0,79;1,91;3,11
8,32;2,57;0,34;-14,81;-3,4;8,26;21,53;2,46;4,9;11,61;-19,42;-13,9;-0,81;-2,66;0,11;3,1;8,49;9,08;21,18;26,37;4,5;1,38;-10,53;-6,15;-11,91;-11,51;-0,63;-21,58;-0,11;-7,62;5,15;3,42;-8,21;3,14;-6,32;2,93;9,99;-1,35;-2,63;-23,04;-1,88;10,02;3,25;-7,91;-11,3;9,2;1,3;6,53;1,91;1,18;0,05
-0,2;-0,12;1,49;-11,74;7,26;-4,21;15,6;0,59;18,37;6,01;-7,27;-18,31;8,07;-16,16;0,9;-5,06;4,83;5,58;18,58;11,13;10,8;2,95;-0,42;-10,56;-4,46;-3,11;-1,38;-6,99;2,81;-1,53;16,37;-1,27;4,77;-1,93;2,26;7,57;7,68;-6,83;-8,43;-5,04;-0,51;-0,57;6,42;3,61;-0,93;8,12;-3,95;3,33;2,02;3,51;4,05
0,65;-0,1;1,79;5,59;-3,25;2,04;7,19;-2,34;1,95;6,5;-7,99;-3,82;7,66;-3,52;-6,67;2,87;5,93;3,79;4,62;12,51;2,31;-0,72;-0,51;-6,42;0,36;-13,92;3,03;1;2,22;2,31;10,25;9,08;-2,36;0,6;-0,07;4,72;7,07;-6,97;-8,7;-10,63;-0,33;1,3;-1,7;-3,74;-3,96;8,44;2,67;3,34;-3,06;3,52;2,32
3,98;1,07;0,71;-6,29;-5,41;9,67;18,68;1,28;12,23;11,49;-25,57;-17,29;-1,1;-6,39;-4,77;1,56;0,64;6,7;22,05;23,92;-2,07;4,97;-4,24;-6,86;-9,09;-6,08;4,27;-19,34;6,98;-2,23;9;2,71;4,61;-0,39;1,03;5,7;14,4;-9,17;-4,49;-11,15;-1,01;4,01;4,13;-4,91;-1,92;4,97;-2,79;3,86;0,99;2,19;2,73
-3,06;-0,88;-0,64;-0,63;4,36;-0,94;2,29;-12,82;4,4;11,87;-3,77;-3,48;6,65;-3,69;-1,89;1,97;9,67;2,12;0,39;4,08;-5,6;0,35;3,08;0,68;-1,25;-11,18;5,19;5,93;0,88;1,73;-4,64;-7,22;-5,92;-3,48;-1,09;-2,14;2,43;-6,03;0,49;-6,66;1,1;6,95;-10,38;7,2;-9,13;13,62;12,69;3,3;-0,96;5,56;0,43
7;4,09;3,89;-1,38;-5,45;-1,38;15,83;5,63;5,1;0,67;-15,19;-13,26;-3,81;-2,9;-2,96;-1,97;4,79;1,93;12,16;18,09;8,93;0,62;-6,59;-9,39;6,58;-6,94;-0,08;-15,82;2,44;-0,21;24,34;10,6;2,6;0,78;-3,31;8,38;5,34;-1,5;-10,25;-16,52;-1,37;-2,36;11,17;-7,39;-4,26;3,27;-4,7;3,38;-0,79;4,91;2,13
-0,52;2,85;5,19;0,41;0,33;0,71;5,16;3,87;3,04;-1,65;-1,47;-3,04;3,64;-4,33;-2,68;-6,51;-4,19;0,15;8,32;2,12;5,66;0,53;-0,1;-0,2;-3,11;2,19;-0,26;1,53;5,5;10,17;11,04;4,75;2,05;2,28;3,36;3,76;4,23;1,27;-13,23;6,44;4,44;-9,15;4,49;1,24;4,6;-1,04;-3,04;1,66;-2,25;8,36;4,44
-7,1;-1,06;4,01;5,4;6,86;-4,3;0,29;-2,85;2,43;9,86;7,89;-7,83;9,4;-6,91;-0,95;-7,47;4,77;-4,61;-7,47;-1,55;9,36;-2,69;1,13;-5,77;-4,33;-10,41;1,74;6,46;9,5;1,56;22,15;0,94;0,81;0,93;-1,92;10,68;2,21;-3,21;-19,11;-6,3;0,71;4,47;-1,54;3,38;-3,26;9,3;0,51;5,56;-0,6;8,57;2,56
26,01;-4;3,36;-7,93;-14,28;0;41,52;-3,68;13,42;5,18;-44,94;-33,45;0,2;-5,02;1,92;0,05;3,26;17,11;38,88;49,3;0,48;0,08;-23,06;-6,52;-7,07;-8,12;-1,85;-44,57;3,2;0,38;18,17;2,2;1,62;1,45;1,18;4,37;23,39;-16,34;-2,3;-7,11;-5,81;3,66;8,86;0,62;-3,89;7,29;-7,68;1,4;-0,82;2,58;1,86
1,47;0,53;2,8;-10,42;1,66;1,67;18,61;2,13;8,11;10,34;-11,5;-17,6;4,54;-11,52;2,07;0,46;2,66;7,78;14,19;20,24;3,03;0,49;-5,48;-8,69;-6,28;-1,49;-0,03;-12,06;1,4;-4,6;12,38;-1,52;2,77;1,88;1,5;4,27;5,89;-8,75;-5,79;-11,01;-5,13;4,62;3,77;-2,55;-2,75;6,78;-1,19;4,43;2,58;2,03;2,23
7,67;2,12;-3,76;-6,59;-2,69;2,7;20,17;-5,91;5,59;5,45;-16,28;-21,15;3,68;-8,97;-1,34;-4,5;0,7;9,66;17,75;23,66;4,36;2,91;-10,75;-5,37;-3,98;-6,9;-5,97;-15,97;0,5;4,15;6,77;-0,19;0,02;-2,24;2,51;2,4;8,84;-11,05;-4,11;-1,41;-0,07;-3,9;1,69;0,89;1,06;5,61;-4,54;3,61;-1,69;3,12;-0,32
3,99;0,4;3,72;-7,75;-2,34;-0,2;20,01;-2,86;11,44;0,75;-16,78;-17,23;5,38;-6,24;-2,85;0,37;1,46;6,08;17,85;23,45;5,55;-0,88;-6,74;-6,28;-7,84;-2,95;2,68;-12,95;4,09;5,28;18,57;3,88;5,49;1,24;0,43;6,11;13,67;-9,79;-11,52;-4,72;-2,65;0,37;5,03;3,14;-0,29;6,62;-6,33;2,22;-1,08;3,35;3,89
9,66;-0,04;2,06;-1,68;-6,38;-0,25;18,99;3,18;2,41;7,09;-16,28;-14,24;-1,82;-3,14;-3,96;10,9;-3,55;5,61;15,31;20,17;0,56;-3,4;-8,41;-6,14;-1,11;-6,76;1,92;-16,22;2,59;-6,6;9,02;11,31;6,52;0,79;3,73;3,7;10,51;-1,99;-10,08;-13,16;-5,34;5,79;-10,33;-5,47;3,38;4,05;10,69;-2,72;-0,81;7,34;1,76
1,72;6,9;-1,68;-1,36;3,98;-5,43;3,49;1,65;5,24;10,82;1,33;-6,77;-0,37;-4,02;-3,59;-5,33;1,04;2,23;1,08;-0,52;3,96;5,98;-0,37;-0,09;2,05;-7,13;-2,2;-4,86;2,35;2,86;9,72;4,04;-3,14;-0,56;-1,83;6,2;-1,63;-3,87;0,06;-6,98;8,89;2,62;18,58;0,46;-4,68;4,85;-15,69;2,36;-2,65;-2,64;2,05
4,61;-0,27;4,98;1,57;3,52;-2,56;5,6;5,88;-1,8;-0,34;-1,98;-9,72;3,22;-0,67;-4,61;-5,04;-1,81;1,73;-1,17;7,13;1,44;1,86;-4,72;-5,06;-2,69;-2,35;0,96;-4,36;3,18;6,04;10,45;8,64;3,66;-0,19;3,52;5,53;0,51;-3,43;-0,65;1,04;3,17;-9,15;9,06;1,74;5,25;2,19;-5,05;0,53;-4,89;1;2,52
12,14;-1,64;5,57;-2,34;-2,65;1,34;20,8;-5,2;-6,2;2,17;-15,16;-19,63;-1,65;-4,74;-1,86;-5,34;4,24;4,95;12,29;30,16;3,64;-3,06;-26,36;-5,19;-1,12;-4,89;-2,79;-23;2,61;5,75;24,51;0,49;0,7;-2,73;0,65;6,93;4,27;4,24;-8,52;4,7;3,46;-6,03;10,23;7,48;0,32;5,94;-8,54;0,54;-2,76;3,7;1,91
3,85;-0,08;-1,5;9,06;2,73;-10,43;-4,7;0,34;-12,27;1,26;9,08;4,19;3,65;4,87;1,47;-3,53;1,54;-1,54;-10,37;-4,71;2,39;1,06;-4,65;-9,16;10,74;-2,2;5,54;9,83;0,78;-2,93;4,51;7,04;5,34;0,44;-1,65;2,64;-2,76;10,12;-3,62;-9,93;-2,7;3,81;-8,88;1,79;-2,34;5,58;9,89;0,99;-0,29;2,96;1,3
5,73;3,04;-7,66;-3,64;-0,36;2,71;8,38;-3,75;0,99;7,64;-11,1;-10,73;-3,71;-5,33;-3,55;9,19;4,81;2,19;10,62;11,81;3,63;1,85;-4,09;-0,41;6,78;-12,49;1,58;-11,49;-3,1;-3,33;-4,09;6,48;1,83;-2,3;2,9;-0,16;-1,07;0,51;2,31;-10,74;-2,7;5,39;-3,71;0,34;-0,79;9,62;3,15;-2,84;-0,69;0,32;0,03
7,2;-4,63;2,86;-3,21;0,39;-2,95;19,22;-1;11,09;2,59;-11,84;-19,74;5,05;-13,53;-4,73;-1,92;3,87;7,37;15,57;18,82;8,38;3,74;-15,18;-12,42;0,5;-7,01;0,46;-14,61;-1,55;6,52;0,08;0,43;1,74;-4,11;2,79;3,67;8,22;-8,45;-3,28;-0,42;0,88;-8,04;1,83;7,72;0,91;9,05;-6,55;0,57;-4,27;-3,1;0,06
13,82;4,33;3,66;-4,27;-2,79;-1,64;21,14;-4,1;3,92;10,47;-19,53;-17,79;-2,57;-2,3;0,12;-3,61;8,26;10,32;14,91;21,19;10,02;-1,51;-9,68;-4,89;-3,54;-5,07;0,56;-20,46;5,23;-1,61;22,25;-5,26;-5,37;0,87;-1,81;7,02;12,07;-6,81;-16,34;-9,11;-2,6;4,04;7,81;-0,5;-7,54;9,45;-8,37;9,81;1,45;4,66;2,78
1,68;-1,42;2,92;-15,11;5,76;4,47;18,72;-2,07;17,41;8,77;-5,38;-15,51;0,53;-12,79;-1,89;-5,57;7,46;6,05;15,86;12,84;0,82;-2,61;-5,73;-4,97;-10,04;-8,94;4,15;-19,59;2,97;1,25;14,27;-2,53;-2,12;-3,48;0,52;1,99;4,47;-5,46;-7,65;-7,8;0,25;-1,05;-0,45;2,34;-4,65;11,33;2,89;5,96;1,2;5,76;0,69
3,23;6,79;-9,14;-0,75;1,89;-5,98;6,16;1,1;2,13;-1,23;-10,48;-2,03;-1,54;-1,46;-4,63;-2,02;1,01;1,43;3,25;7,25;0,73;3,3;-0,38;-2,7;6,59;-7,46;-0,15;-2,1;-3,55;7,14;-5,49;6,84;1,06;-1,61;1,11;-2,41;-4,57;-2,84;3,24;-4,41;0;-7,91;-5,8;-0,46;1,48;3,71;6,36;0,95;-4,1;0,85;-1,32
8,29;-0,7;2,06;0,81;-2,4;-2,68;16,39;1,98;6,19;2,12;-12,95;-17,04;0,98;-7,74;-4,39;-3,71;3,52;5,18;10,24;15,82;-0,6;2,05;-11,75;-3,54;3,29;-9,15;2,12;-13,05;-0,9;7,68;3,04;10,12;2,84;-0,24;-1,38;1,91;6,15;-6,95;2,92;-3,63;6,77;-5,92;5,28;2,22;0,45;3,83;-3,26;-1,82;-2,37;-1,48;1,2
8,46;1,54;5,14;-2,22;-3,87;0,62;23,99;4,11;8,59;2,14;-19,75;-27,74;-2,13;-6,82;-7,57;5,21;6,45;4,56;12,99;26,27;6,71;-1,74;-13,88;-7,78;-5,31;-3,75;1,36;-27,15;2,6;0,61;18,19;6,4;-2,99;-0,44;0,51;6,28;10,81;-11,84;-15,52;-8,21;3,63;-5,15;0,49;-6,09;-2,4;4,01;1,58;2,89;-0,09;8,33;0,41
4,66;6,2;3,27;6,1;2,39;-5,8;6,49;1,34;-1,08;9,82;-0,37;-5,59;4,16;-7,01;-5,9;-0,51;-2,38;0,05;1,36;8,59;11,83;0,58;-11,52;-3,36;6,64;-3,33;-2,82;0,95;1,3;1,65;18,57;5,66;4;-0,3;2,81;7,23;0;2,2;-9,9;-6,24;2,84;-1,61;13,93;-6,31;-2,07;1,05;-7,38;1,85;0,46;3,77;3,81
9,28;8,32;-1,67;-7,94;4,85;0,87;13,94;0,68;0,59;6,76;-3,63;-5,54;0,71;-2,43;-1,73;0,01;0,79;11,78;12,22;16,22;6,52;6,87;-13,76;1,56;-6,38;-11,89;-3,01;-10,13;-2,31;-0,23;-4,92;16,47;6,4;-0,11;-0,9;-0,99;3,66;-1,83;-2,67;-13,5;-0,47;3,89;7,42;-3,2;-3,66;4,44;-0,65;-3,5;-2,47;5,67;3,07
-8,66;-0,33;6,04;3,96;4,57;-1,27;-2,86;-0,91;5,24;5,05;6,75;2,92;4,67;-3,51;1,89;-5,86;2,53;-4,57;-4,57;-7,21;11,07;2,59;10,22;-7,54;-1,1;-2,63;0,17;9,32;4,63;1,35;19,24;-3,71;-2,24;-0,94;2,48;10,28;2,04;0,72;-11,78;-4,14;-4,63;-0,32;11,97;6,6;-0,99;9,78;-14,1;6,29;-2,1;3,2;4,12
-0,11;1;-0,64;-0,47;3,18;-0,64;9,86;3,98;10,56;3,88;-3,52;-15,93;2,5;-11,9;-0,72;-0,68;-1,94;0,89;2,81;7,39;-8,38;3,02;-1,28;-4,18;0,86;1,77;-1,52;-7,34;-0,83;-1,03;3,11;3,63;8,82;-0,72;5,05;2,9;4,04;-8,91;14,3;-4,52;-3,44;-3,66;10,99;-2,58;3,94;1,46;-4,44;0,97;1,04;-8,58;0,61
11,04;7,76;1,18;-1,41;1,13;-3,25;9,83;-7,1;-7,43;11,63;-7,34;-11,58;-5,16;-3,76;0,31;-4,53;8,15;6,71;6,27;14,31;13,54;-4,24;-14,47;-4,71;11,1;-5,84;1,37;-12,17;1,32;-0,09;19,81;-5,8;-3,46;-2,85;-2,1;4,57;-1,54;4,42;-22,16;-1,47;6,2;4,23;-3,07;8,36;-5,8;9,69;7,36;2,7;0,74;12,63;3,02
7,02;4,26;-3,1;-4,02;-0,7;-0,14;13,64;-0,62;6,13;9,18;-11,45;-12,43;1,04;-4,1;-4,92;-4,34;0,57;5,42;9,75;14,56;3,39;2,81;-5,95;0,72;-2,42;-5,16;-1,39;-9,45;0,97;3,28;2,12;4,22;1,36;-1,42;1,24;0,24;4,79;-9,42;-5,19;-5,08;7,01;0,81;2,09;-1,65;-3,81;3,18;-1,57;2,3;-0,48;3,82;0,99
4,71;5,95;-1,51;-1,18;1,57;-4,7;14,16;0,47;1,31;13,24;-6,19;-20,72;1,94;-6,99;-4,4;4,77;5,52;1,97;4,22;16,2;3,26;-1,79;-9,62;-7,08;-1,12;-17,47;3,15;-13,24;3,89;-1,91;16,7;4,74;-3,15;0,15;-1,37;5,19;5,63;-3,87;-13,4;-21,62;0,3;12,05;-5,24;-4,03;-8,58;12,78;9,37;3,29;-1,37;7,06;0,1
0,37;4,76;-1,34;-3,16;4,71;1,75;6,64;2,33;7,5;6,51;-13,48;-7,27;2,44;-7,53;-8,1;1,63;-4,32;2,47;3,76;12,28;4,4;4,46;1,93;-4,06;2,91;-2,63;-2,3;-2,75;-3,19;7,34;2,2;4,27;3,26;-0,76;5,15;0,7;-1,6;-9,55;0,47;-2,32;6,33;-1,82;7,51;-4,14;2,33;1,08;-5,98;1,36;-0,39;0,27;1,86
-3,22;6,17;6,45;4,8;-5,62;3,68;6,25;-0,61;-7,22;18,73;-11,82;-5,27;2,72;-1,61;-5,8;3,53;1,25;-2,43;0,64;16,03;8,36;2,23;-1,32;-8,4;4,53;-17,05;1,22;-1,36;9,85;-0,11;30,75;17,03;3,76;1,49;-2,15;8,53;2,06;-1,43;-17,64;-17,44;3,48;5,68;17,47;-8,9;-11,9;3,57;-13,41;-4,3;0,08;5,19;3,25
7,81;1,34;6,06;-3,39;2,27;3,32;13,83;1,08;3,61;7,75;-13,48;-11,13;-3,62;-5,23;-3,96;1,7;3,88;6,23;8,94;19,76;5,85;5,41;-9,12;-2,04;-0,81;-7,65;-4,14;-17,64;6,22;-3,05;12,39;9,98;2,84;0,54;-0,77;6,6;1,86;-3,36;-9,76;-8,59;3,95;-1,68;15,08;-2,92;-0,46;2,83;-14,83;-2,25;0,27;4,66;3,08
16,61;12,3;-7,14;0,7;-5,17;-4,26;14,48;0,02;-4,05;5,45;-18;-2,01;-1,97;5,27;1,66;1,31;4,57;12,17;13,23;18,95;13,86;1,97;-14,93;-2,26;4,21;-11,36;-4,99;-9,86;-3,05;-8,92;9,8;11,06;6,39;-2,11;2,32;5,52;5,81;-3,46;-8,03;-10,29;-1,33;7,63;5,45;-1,44;-0,86;6,38;-3,02;-3,72;0,92;2,85;3,95
8,35;1,66;0,96;1,7;1,97;-9,46;2,56;5,6;-3,59;4,41;-1,12;-0,48;-2,8;0,34;0,2;-8,37;3,67;4,53;-1,38;-0,49;5,96;2,42;0,09;-5,12;13,31;-3;1,12;-3,92;2,14;3,23;8,78;-1,63;-3,3;0,13;-0,04;2,58;-3,69;2,58;-4,22;-2,25;3,49;-3,73;5,99;5,6;-3,18;5,14;-2,09;2,55;-2,52;5,18;2,72
7,67;5,94;-2,05;-1,73;-4,28;3,57;19,23;3,89;-0,16;-1,64;-19,33;-14,31;1,31;-4,12;-0,53;-2,37;2,49;5,78;15,26;25,32;4,06;4,24;-10,5;-4,14;-3,76;-0,35;-0,88;-13,89;2,41;1,28;3,03;5,66;5,44;-0,29;3,1;7,83;9,53;-4,16;-7,55;-1,92;0,59;-4,52;-0,82;0,6;4,78;2,69;-0,09;0,47;0,48;1,88;2,96
2,44;3,97;1,81;-0,87;2,23;-0,98;15,14;1,56;-1,46;0,88;-7,63;-8,39;6,27;-4,37;-4,18;-5,21;3,04;2,59;7,97;17,56;13,57;3,92;-9,8;-5,34;-7,34;-3,88;-1,89;-2,28;1,33;3,58;10,22;7,41;3,57;-3,26;3,38;7,65;4,29;0,21;-10,18;1,91;4,45;-11,17;9,62;0,5;3,34;1,36;-9,17;-0,2;-2,29;4,18;2,83
-0,64;4,22;-0,9;-1,41;0,38;1,81;6,6;4,09;2,59;4,74;-4,13;-5;7,2;-4,98;-6,54;1,47;0,57;2,94;3,87;9,32;12,2;-2,36;1,04;-5,02;-4,08;-10,08;0,45;0,41;2,48;4,68;23,11;13,02;1,39;1,45;-1,87;5,34;2,5;-7,54;-11,1;-16,79;-0,31;-2,94;10,22;-8,62;-6,06;2,37;-10,66;0,94;-2,51;5,31;1,49
9,91;3,96;-3,48;-1,1;0,42;1,95;19,75;-2,5;5,07;15,71;-10,56;-15,85;4,4;-9,02;-1,36;1,2;8,53;1,46;11,63;22,8;-4,3;8,88;-17,17;6,05;-4,47;-10,68;-7,23;-13,51;-9,87;-2,88;-19,96;-4,99;-13,28;-1,17;1,05;-7,24;3,15;0,15;18,07;-7,25;6,48;7,89;13,46;-3,02;-3,73;9,77;-8,23;7,73;1,66;-5,23;0,29
4,26;-0,17;3,45;-7,1;1,65;0,65;15,19;1,15;7,06;-0,79;-11,54;-16,56;2,12;-6,61;1,1;-7,67;2,63;2,76;10,15;16,63;4,22;-5;-10,47;-7,9;-6,87;-7,54;3,46;-15,21;-0,32;3,41;12,42;7,52;10,22;-1,14;4,3;4,11;4,04;-4,93;-9,35;-3,45;-4,94;-5,9;-4,37;4,15;3,7;7,2;6,78;0,64;-2,93;5,9;0,84
13,74;-1,24;1,19;2,93;-3,53;-2,42;7,85;3,72;-16,02;4,08;-9,92;-7,43;-6,07;6,46;-2,88;4,62;4,74;5,07;-0,25;16,74;-0,21;-1,45;-13,06;-8,1;7,64;-11,61;3,21;-12,98;-2,95;-3,53;7,72;11,47;4,84;-0,42;1,71;-0,03;-1,07;6,17;3,63;-16,69;-4,87;3,12;4,7;-5,98;-1,18;7,96;-5,05;1,15;-0,97;-2,16;-0,6
16,2;-3,29;8,55;-8,26;-3,45;0,34;24,76;-2,15;12,33;8,83;-27,36;-30,2;-1,33;-8,04;-3,29;2,12;6,15;11,31;21,09;28,75;6,61;-1,91;-14,41;-7,56;-5,06;-15,2;0,89;-34,14;3,74;1,16;22,43;7,25;-4,15;0,41;-2,4;9,46;11,52;-16,14;-8,17;-13,25;1,12;7,85;13,2;-1,48;-5,81;9,37;-10,31;2,18;-2,32;1,3;0,66
7,29;-3,1;7,76;-8,16;1,29;-3,06;15,11;1,76;6,66;-0,16;-7,81;-12,26;-0,01;-4,45;-8,92;-0,43;1,32;5,37;8,76;16,96;14,79;-2,07;-5,52;-9,02;-0,9;-10,79;-2,96;-13,11;2,44;9,63;27,77;14,65;6,15;-0,38;0,15;10,8;7,4;-1,71;-13,64;-7,7;-1,77;-9,18;16,5;-1,9;-0,98;3,45;-16,38;-1,02;-5,42;3,49;2,65
0,17;-1,34;3,83;6,17;0,91;-7,42;5,66;3,93;4,28;3,39;-4,09;-9,92;12,42;-2,53;-1,14;-0,96;0,27;4,14;-0,14;3,84;6,76;-5,35;-1,5;-7,64;-4,8;-8,21;3,92;4,89;2,67;-0,45;18,4;11,07;6,58;0,7;-2,16;2,88;8,46;-10,91;-13,23;-16,7;0,78;2,57;-3,63;-6,47;-2,42;3,54;6,38;0,46;-0,2;9,18;1,48
4,5;4,23;-1,97;-11,45;0,5;-1,76;12,56;0,03;10,88;2,95;-16,3;-10,36;4,25;-3,14;0,68;-5,84;9,38;10,56;19,67;16,15;4,39;3,27;-2,73;-10,19;-5,63;-5,23;5,03;-11,33;6,98;-2,02;15,56;-4,51;-4,67;-3,7;1,82;3,55;9,13;-9,2;-10,05;-3,04;-0,2;-2,92;2,79;5,62;-2,81;8,84;-3,04;4,59;-1,76;2,97;2,46
0,69;5,43;-3,09;-2,66;1,81;3,23;7,25;-4,05;0,48;9,85;-6,88;-11,66;-0,72;-4,82;-2,91;-0,12;4,38;5,02;5,71;9,92;4,66;3,58;-3,29;-1,21;-0,61;-2,89;-0,96;-8,12;-1,54;2,4;1,41;-4,69;-10,21;-0,8;-0,98;1,51;0,74;-5,92;-2,26;-2,12;5,52;2,41;1,62;3,18;-5,99;5,54;1,9;3,71;-0,64;3,77;0,15
1,52;3,44;-8,71;-6,61;0,91;-2,39;23,23;4,48;20,54;9,95;-20,49;-25,2;8,98;-12,52;-3,82;-3,76;3,17;4,04;16,32;21,67;-3,22;2,64;-2,22;5,68;-8,06;-12,34;-5,44;-11,17;-8,36;-1,13;-17,04;9,07;0,7;-0,01;-0,56;-5,94;12,76;-17,94;10,99;-13,42;0,1;-0,17;-8,07;-1,69;-4,24;7,83;12,44;2,79;-3,27;3,16;-1,88
5,77;-1,72;1,91;-9,23;-4,64;4,86;19,9;2,15;5,48;8,82;-25,85;-15,13;0,36;-5,55;0,91;-1,58;4;8,95;20,87;26,91;5,78;-4,11;-7,25;-5,46;-5,7;-7,7;1,39;-17,53;1,21;-5,05;13,3;2,61;6,67;0,03;3,36;5,83;8,45;-8,96;-8,84;-11,18;-4,6;4;-3,58;-2,23;0,96;8,85;3,94;4,57;1,6;3,43;1,87
16,18;0,45;4;-10,02;0,35;-1,27;24,76;-3,83;4,5;9,69;-17,18;-24,69;-3,62;-4,57;-0,71;-0,12;0,67;12,71;20,52;25,8;5,68;-0,6;-18,38;-7,42;-6,86;-4,94;1,73;-29,9;2,86;0,35;11,54;-0,21;-2,35;-0,77;-0,03;3,48;11,17;-4,96;-12,38;-7,5;2,83;4,94;1,72;-3,57;-3,03;4,34;1,17;3,56;1,74;5,96;0,95
6,43;-6,76;11,91;-0,08;-4,31;-5,44;14,84;0,51;13,45;10,68;-13,05;-10,46;4,07;-3,6;-2,58;-7,99;-5,51;3,75;12;15,19;4,6;-3,06;-3,02;-6,16;-2,04;-2,89;4;-13,28;2,21;7,77;22,39;1,25;3,81;-0,73;4,28;9,33;11,1;-9,6;-8,69;2,46;4,61;-0,85;13,77;6,32;2,7;4,16;-13,44;1,7;-3,95;0,93;5
-2,94;2,91;-2,48;-0,46;1,03;-0,34;16,33;0,11;10,2;0,27;-1,06;-17,48;11,42;-12,98;-1,42;-2,05;2,26;-0,02;11,28;10,81;5,23;3,31;-6,29;-4,24;-8,21;-1,57;0,11;-4,85;-1,85;4,67;0,78;1,25;-2,13;-0,27;1,76;2,72;12,98;-4,4;3,6;1,11;2,66;-2,98;5,62;3,02;2,52;4,59;-4,83;2,74;-2,24;-3;3
0,6;-0,06;-4,28;-4,95;3,52;0,63;11,84;-0,61;0,46;8,61;-12,62;-11,31;0,47;-9,04;1,02;-1,44;9,08;1,17;10,28;17,22;7,81;-1,77;-10,93;-7,53;4,04;-4,23;1,8;-7,25;0,56;-4,53;11,67;-8,11;-6,52;-0,36;-2,86;-0,57;-3,06;0,16;-6,93;-12,24;-0,49;6,72;-0,99;-0,07;-4,8;10,4;-1,65;9,19;3,1;4,91;-0,6
2,55;0,16;3,57;3,58;3,53;-6,35;2,6;-6,88;-12,01;20,54;6,57;0,19;2,43;0,6;-4,16;11,67;10,83;-1,65;-5,55;2,82;2,96;4,47;-12,64;-3,26;5,01;-18,23;-0,23;2,58;1,88;-8,8;6,75;4,76;-5,35;3,15;-3,18;5,15;-4,91;11,66;-4,92;-24,69;-6,88;14,33;7,64;-10,47;-11,77;15,29;-7,39;7,92;2,38;2,39;0,84
6,04;4,95;-0,71;-10,96;1,94;1,22;24,87;-2,23;10,84;7,48;-16,94;-29,24;5,1;-14,88;-0,11;-4,26;2,7;7,79;19,53;28,65;1,79;-0,51;-14,52;-3,03;-3,89;-7,94;0,59;-19,5;-3,63;2,11;-0,15;5,96;5,11;-1,92;4,29;0,33;9,35;-7,78;2,21;2,91;0,54;-6,88;-1,54;4,27;1,04;4,76;7,91;-3,86;-0,04;2,95;1,5
1,28;-1,29;-2,92;-9,35;-0,02;-4,39;13,23;-1,35;18,87;6,49;-17,59;-12,73;4,16;-5,06;-1,76;0,92;6,73;5,15;13,97;9,08;1,84;-1,1;9,74;-4,46;-1,3;-13,01;0,58;-6,11;-0,41;-1,51;11,46;2,18;2,79;-1,74;0,61;3,76;9,36;-14,62;-0,05;-14,03;-3,23;3,97;1,3;-1,51;-3,4;10,48;-3,92;3,21;0,65;0,48;1,09
12,34;7,23;-2,66;0,71;-2,31;-5,8;5,82;-3,5;-5,87;0,63;-7,37;0,36;-4,58;5,84;3,65;-4,54;2,01;9,45;5,82;9,24;5,2;4,1;-5,2;-1,22;7,31;-0,02;2,24;-7,82;-0,54;-1,9;-1,03;-8,62;4,1;-3,26;6,83;0,36;2,32;2,01;-5,68;4,57;-5,21;-0,33;-1,04;10,9;6,78;9,92;3,99;3,08;-0,06;3,62;4,45
3,17;1,61;-3,09;-2,6;0,53;1,77;17,88;2,04;1,3;-2,89;-6,76;-13,6;4,71;-6,14;-2,56;-1,81;-0,19;1,62;9,62;18,81;3,35;2,02;-14,38;-5,25;-10,01;-6,15;2,05;-10,1;1,12;5,2;5,09;10,9;9,58;2,44;-2,65;-0,64;7,09;-1,48;-2,25;-12;-5,53;2,07;-0,76;5,12;-1,85;7,96;2,42;-0,5;-3,96;4,07;1,33
10,57;7,23;-1,26;-4,75;6,25;-3,49;5,06;-0,3;-6,79;9,67;-5,28;-5,76;-4,76;-1,81;-2,09;1,96;8,84;7,97;4,55;8,91;9,51;1,29;-9,93;-2,23;8,33;-11,45;0,96;-8,73;3,59;-4,16;11,77;3,71;-1,96;0,9;-1,09;7,14;-8,59;1,7;-10,58;-16,22;-5,55;2,97;1,78;-3,64;-7,38;9,96;2,68;4,42;-0,25;7,27;1,57
1,21;-1,12;6,42;2,54;2,16;-5,14;5,09;4,59;2,79;-5,26;0,07;-6,61;6,07;-2,29;-4,56;-9,81;-0,27;0,94;0,08;4,34;1,95;0,89;2,61;-2,37;-2,58;-2,7;-0,36;1,76;1,02;13,55;10,57;7,07;3,02;0,39;-1,32;5,25;5,4;-2,13;-4,81;-3,09;-0,96;-13,66;8,85;5,25;0,58;3,3;-6,45;2,32;-7,09;2,7;2,04
11,96;4,38;-0,27;-4,31;-1,82;-1,96;17,35;3,09;-4,69;4,93;-14,51;-13,02;-1,57;-0,95;-5,18;-6,22;-1,94;8,83;12,53;20,85;6,06;3,03;-11,29;-3,21;-2,3;-5,15;1,42;-17,22;1,45;8,58;2,68;5,24;3,65;-2,71;5,91;3,47;3,22;-1,49;-5,48;2,24;4,41;-7,43;0,56;3,32;3;3,74;2,52;0,57;-4,29;4,15;2,33
8,66;1,37;2,62;-0,97;-0,42;-3,28;12,4;4,04;-4,4;-2,25;-11,24;-5,06;-3,05;1,71;-2,62;-1,6;0,88;7,44;7,74;16,7;9,17;0,82;-8,33;-4,06;5,87;-5,17;-0,24;-9,63;6,29;1,8;18,45;11,22;10,93;-1,11;0,66;7,76;3,19;0,53;-16,65;-7,3;-1,74;-1,83;3,97;2,08;5,46;4,75;-5,94;-1,43;-2,2;7,51;4,22
2,06;-1,66;5,87;-1,15;3,06;-5,52;8,26;-1,76;2,39;7,64;-1,43;-5,43;3,46;-1,28;-2,75;-1,33;4,46;0,53;2,54;7,42;8,6;-2,97;-6,52;-12,57;1,98;-7,38;7,44;-2,6;3,55;2,77;21,75;-0,55;-3,2;-1,86;-0,06;4,1;1,17;1,34;-13,58;-11,95;1,25;2,55;3,63;-1,86;-7,58;8,15;-4,14;5,76;-0,85;4,55;1,64
9,65;0,28;0,86;-2,6;0,71;-2,77;11,92;-7,4;-2,44;14,46;-12,1;-16,96;-4,32;-0,19;-0,12;-0,31;7,18;3,96;4,36;13,88;-0,49;-1,38;-8,93;-4,59;1,47;-8,63;2,05;-18,82;3,45;-2,93;12,75;-4,58;-7,5;0,61;-0,31;6,18;-0,04;-2,35;-2,09;-5,32;-2,46;7,44;0,91;3,72;-4,84;12,04;2,55;7,29;-0,2;1,64;0,55
-2,36;0,25;-0,99;-5,48;-0,67;0;12,27;-4,72;12,22;10,61;-7,7;-15,92;5,82;-7,91;2,98;-0,63;6,35;4,53;10,85;8,03;0,08;2,63;6,68;-4,49;-9,39;-8,16;-1,28;-9,17;-2,85;0,17;-0,12;-2,37;5,11;3,29;-0,61;0,4;13,12;-13,66;5,51;-10,43;-5,73;7,47;5,96;3,65;-2,6;13,7;-7,63;5,24;4,08;-4,33;1,72
0,7;0,76;-2,32;-1,5;2,22;-3,27;11,11;-1,96;6,44;5,49;-10,34;-10,04;4,41;-7,45;-3,19;-2,12;4,69;1,02;8,63;12,79;1,21;0,31;-7,8;-4,6;1,26;-4,81;-1,44;-2,23;-0,84;4,32;2,5;-0,64;-1,32;-1,63;0,85;0,53;0,84;-4,63;-1,29;-0,2;1,33;-4;-3,23;5,29;0;6,38;3,04;1,81;-1,54;1,53;0,4
7,64;5,24;-5,08;2,82;1,84;-1,73;1,2;-1,21;-12,65;-1,89;2,94;1,9;-1,59;4,18;1,47;-1,37;0,74;6,59;-4,39;6,2;4,83;1,69;-8,3;-1,94;0;-1,32;-1,99;-2,75;-6,02;3,72;-4,54;0,99;6,53;2,44;0,04;-0,9;-0,5;3,44;0,8;-3,92;-5,88;0,5;-3,72;3,47;1,28;5,74;6,35;2,31;-1,15;2,04;1,1
7,53;-1,54;4,35;-8,3;-0,89;-1,25;18,49;0,37;2,73;10,93;-9,58;-11,91;-7,74;-3,18;-0,89;-2,31;0,59;5,93;13,56;15,23;2,46;0,76;-6,72;-3,99;3,03;-3,16;2,43;-17,07;2,81;-2,06;5,75;-7,51;-8,67;-2,03;5,44;0,48;2,91;-0,5;-10,31;1;3,41;2,91;-0,58;2,04;0,63;6,12;0,17;5,73;-1,14;6,39;1,47
4,42;5,07;-5,08;-0,03;-6,05;-2,88;22,46;-7,19;7,57;5,84;-17,37;-17,68;4,51;-7,98;-0,67;0,63;7,95;4,01;16,67;25,05;2,98;0,98;-8,99;-0,84;-0,61;-13,46;-1,87;-13,29;-1,4;0,02;4,76;7,08;5,79;-1,07;-0,36;1,76;12,9;-6,4;-1,27;-8,33;-4,62;1,9;0,08;3,41;-3,25;10,57;3,96;-1,44;-0,6;3,72;2,23
2,97;6,2;-0,44;-3,72;-5,08;-0,25;15,46;-5,96;9,81;13,23;-8,11;-7,65;3,89;-2,68;-0,71;2,51;9,79;3,75;14,21;12,86;1,57;-1,63;-2,25;-2,12;-8,5;-9,55;7,76;-9,94;3,84;-7,9;5,81;-6,45;-10,7;-3,57;1,23;1,44;13,21;-4,81;-12,59;-8,47;0,85;9,48;-12,39;-0,17;-5,39;11,87;14,61;6,8;0,47;13,32;2,67
9,76;1,43;3,5;-15,4;-6,91;9,81;30,18;3,2;13,71;-0,77;-32,63;-22,43;-1,8;-12,12;0,21;-4,4;2,56;7,1;34,29;38,76;9,33;0,39;-19,97;-9,41;-4,55;-6,71;0,99;-28,4;1,35;0,6;15,35;10,63;11,08;1,38;1,7;3,43;10,97;-3,34;-12,24;-11,82;-8,28;-1,54;5,83;1,24;1,82;7,55;-6,95;2,17;-2,14;6,25;2,52
8,16;-1,45;3,4;-12,83;-3,18;-4,87;21,77;-4,79;10,39;7,59;-22,64;-29,07;1,75;-5,01;-5,01;4,95;5,73;7,98;16,77;24,3;-0,43;0,89;-2,23;-5,11;-5,36;-8,96;0,14;-24,41;0,23;0,19;10,4;0,15;-4,3;-1,83;2,25;3,46;11,87;-13,93;1,7;-5,76;-0,71;2,24;10,44;0,08;-1,5;9,29;-5,4;3,26;-1,03;-0,39;0,19
22,26;2,26;1,74;-8,17;-4,55;-0,47;16,57;4,38;-1,72;4,73;-26,71;-7,77;-10,03;2,23;1,02;-0,55;3,47;18,54;23,02;26,12;4,36;5,47;-15,9;-1,28;6,35;-1,77;-0,68;-26,56;2,89;-3,28;7,01;0,39;3,67;0,38;6,57;4,94;3,23;-4,25;-0,86;-3,51;-3,53;-1,78;15,04;0,45;7,13;8,81;-13,35;5,5;1,47;0,82;5,44
12,83;3,34;-1,33;1,45;-3,05;-8,85;9,09;-1,45;-0,93;2,54;-13,43;-8,09;2,46;3,79;-0,95;-6,79;-0,43;6,87;3,97;13,2;4,51;2,48;-6,71;-3,31;7,36;-8,56;-3,57;-9,57;-0,42;7,47;1,66;6,28;8,04;-2,57;4,72;1,53;2,23;-5,71;-4;3,05;1,68;-3,32;1,27;10,52;3,78;7,57;0,5;-3,59;-4,02;1,84;2,19
0,18;2,75;2,42;18,36;1,15;-7,99;-2,96;-8,55;-13,12;9,61;8,2;-3,42;3,25;1,56;1,03;-0,83;2,67;-5,58;-17,26;-0,39;0,96;-1,7;-7,27;-2,55;10,17;-5,17;0,58;7,05;4,13;0,96;11,17;-8,37;-1,19;0,27;-1,08;4,02;-3,5;2,15;-11,43;-7,29;-4,84;9,08;-4,99;7,22;-6,23;11,15;8,22;5,03;-0,15;8,87;1,04
-1,63;-4,95;7,19;-2,28;1,74;-2,78;9,13;-0,54;7,47;8,05;-4,49;-8,4;3,57;-6,34;-2,17;-0,07;4,03;2,47;8,78;7,19;5,87;-2,07;-1,05;-13,36;-1,06;-5,85;5,06;-1,23;9,56;0,81;32,12;-1,37;-2,19;-1,38;2,53;11,3;7,02;-4,1;-19,2;-5,9;1,63;-0,9;5,11;-2,33;-1,84;5,8;-8,2;4,37;0,08;7,45;3,46
3,73;4,02;-0,01;3,12;0,87;-3,82;8,91;-4,66;-0,53;5,34;-4,06;-16,64;2,7;-9,35;5,2;-6,57;2,62;-0,19;0,54;12,46;1,22;0,73;-8,55;-3,15;8,16;4,16;3,03;-8,63;2,9;-0,82;1,95;-10,63;1,97;-1,29;6,39;1,02;1,96;-1,44;-8,18;6,89;-3,42;1,52;-6,15;8,66;6,28;10,11;6,64;8,26;1,92;5,12;2,55
2,57;1,75;-5,61;7,61;0,05;-8,4;8,23;-13,17;-7,45;14,42;2,86;-7,58;2,6;-6,65;0,78;-1,9;14,11;1,79;2,56;7,8;0,66;-2,26;-14,39;-4,25;12,14;-12,18;0,98;5,6;1,72;-0,54;4,06;-12,67;-9,47;-2,47;-2,39;5,04;0,26;2,42;-4,98;-6,1;-0,26;10,98;-13,28;13,16;-7,12;20,75;13,34;8,95;0,43;2,47;1,57
4,5;-0,43;2,49;-1,02;-5,84;-5,88;12,74;-5,06;0,2;8,06;-6,12;-4,85;2,93;0,96;-4,57;-1,38;3,19;2,26;10,87;12,4;-0,46;-4,84;-6,56;-9,58;-2,31;-6,62;7,38;-5,33;6,19;3,81;23,25;-5,47;-7,38;-4,17;3,71;4,65;11,95;3,02;-11,15;6,17;7,05;-3,57;-2,39;6,62;-0,11;6,68;4,41;0,76;-2,52;5,46;3,6
16,84;-1,09;2,14;-4,46;-5,75;0,34;23,53;0,56;1,25;2,12;-21,8;-17,17;-6,03;-4,72;-1,27;-3,64;2,67;9,98;18,21;28,68;4,32;3,69;-16,92;-12,28;2,21;0,1;0,17;-25,22;-1,31;6,69;10,73;4,35;1,52;1,69;-3,53;3,45;6,59;-4,52;0,76;-3,59;7,1;-1,55;10,69;2,04;-2,99;1,69;-11,75;1,34;-0,06;-3,42;1,66
5,23;-2,86;7,6;-9,64;-1,31;3,35;16,03;3,57;7,77;1,52;-8,29;-17,56;-5,22;-7,8;-3,35;5,31;-0,74;2,77;13,14;15,73;4,04;-2,1;-8,18;-9,91;-1,03;-7,25;5,87;-20,87;6,47;2,49;17,1;8,45;5,75;-0,51;2,48;7,36;2,73;-1,23;-15,12;-10,73;-5,5;-2,18;-2,8;-3,07;1,12;4,33;4,61;-1,73;-2,29;6,96;1,11
9,99;-4,7;7,01;-1,32;-4,5;2,13;23,32;-3,9;3,24;7,24;-16,61;-19,2;1,56;-6,57;-2,55;-4,86;0,2;5,77;13,02;30,13;-3,17;1,84;-17,72;-12,36;-2,48;-1,31;3,32;-21,44;1,55;7,75;10,65;-2,33;-0,32;-0,27;3,23;5,72;10,3;-4,18;-6,28;7,13;3,78;-3,19;2,97;5,75;0,66;4,36;-3,97;3,44;-0,66;-0,74;2,29
-0,21;8,7;-2,63;-5,73;-0,81;-0,65;6,86;8,44;5,94;-6,59;-10,57;-8,88;4,13;-2,06;1,92;-4,04;-1,49;2,35;7,84;9,77;8,11;-3,34;1,14;-0,57;-3,83;-1,54;2,33;-4,58;0,47;1,39;6,67;15,52;13,69;2,35;-1,1;-0,02;4,6;-6,07;-14,71;-8,96;1,55;-4,1;-8,01;-2,14;4,95;-0,28;7,57;-3;-0,09;8,78;1,69
-0,87;9,68;4,42;-2,67;4,74;1,48;4,04;-1,94;0,77;15,87;-6;-0,89;-1,4;-2,65;2,55;2,3;12,69;1,82;3,41;4,45;9,07;0,13;1,5;-1,27;1,55;-7,17;3,72;0,11;3,28;-8,02;12,72;-6,69;-13,23;2,8;-6,89;6,45;-1,17;-0,76;-17,63;-17,22;1,77;12,85;1,48;-0,59;-14,55;11,91;0,7;7,85;2,52;10,04;3,38
0,98;4,69;-0,15;-12,69;1,61;-1,11;20,26;-6,01;13,9;17,03;-10,6;-18,23;3,35;-8,86;-4,03;0,48;5,17;3,92;15;17,13;0,71;0,41;-2,02;-0,7;-6,45;-10,91;3,78;-14,16;4,43;-0,91;7,76;1,38;-5,93;-3,35;-0,77;2,95;8,54;-6,4;-5,55;-5,17;7,71;3,23;0,85;3,73;-7,27;7,83;3,68;-0,75;-1,5;4,8;1,88
17,93;0,62;2,02;-12,82;-4,56;1,51;33,14;3,46;15,74;-0,84;-34,58;-36,86;-6,27;-13,25;-2,57;-4,37;-2,46;11;30,66;39,35;0,38;-1,1;-22,78;-9,87;0,62;-1,2;5,67;-39,76;2,28;4,53;11,22;6,78;3,54;-1,99;0,74;1,18;10,59;-11,7;-5,21;-2,57;5,32;-2,24;-2,35;1,58;1,98;1,21;4,11;-0,51;-2,47;4,65;-0,01
3,94;-1,78;6,46;-2,78;3,18;-1,55;6,98;-8,08;4,2;3,96;-6,05;-10,07;0,07;-4,28;0,04;-0,53;-2,13;1,22;3,44;6,76;9,62;-0,64;-4,6;-11,64;1,69;0,56;4,71;-7,88;14,83;7,17;25,75;2,21;2,75;0,94;2,6;12;-1,7;-0,42;-25,61;9,97;4,91;-3,04;-3,76;10,68;4,2;4,11;3,3;-3,55;-0,22;9,72;4,93
8,69;3,03;0,03;-1,69;0,95;0,29;10,14;1,61;-1,69;5,23;-8,3;-11,51;4,63;-4,36;-4,93;-0,81;1,73;6,2;10,89;14,4;4,86;0,25;-16,07;-4,6;-4,43;-7,65;0,96;-10,37;-3,22;3,53;5,04;3,77;-1,18;-0,54;1,6;3,07;3,9;0,97;0,21;-6,83;0,1;-0,54;3,75;-1,5;-1,69;6,25;-0,67;4,7;-2,86;0,09;1,22
13,1;5,12;-5,81;-0,22;-1,5;-0,39;12,54;1,5;-3,75;4,86;-8,27;-8,74;-3,24;2,74;-1,51;-3,03;1,14;7,01;8,42;14,82;2,5;3,12;-13,97;-7,73;-1,05;-5,16;1,5;-15,85;-3,1;3,95;-6,73;5,34;8,14;2,41;0,39;-0,23;4,35;0,99;2,77;-5,45;-1,51;-0,66;-12,46;0,54;0,73;3,69;15,98;0,19;1,64;1,05;1,52
1,15;7,89;0,68;2,67;1,2;-6,68;13,14;0,61;4,85;-1,92;1,71;-16,23;3,93;-6,94;-2,34;0,69;0,66;1,06;3,31;8,22;14,07;-3,4;-7,08;1,62;-1,77;0,82;-1,55;-5,75;1,34;5,13;13,67;2,34;4,63;-0,87;2,5;7,09;9,9;-3,76;-17,13;2,07;3,29;-5,8;0,69;4,52;5,25;2,62;3,21;-2,27;-0,29;8,27;3,42
6,09;-0,48;0,33;-7,13;-0,45;3,73;20,56;-0,27;8,82;5,2;-18,28;-24,93;0,08;-11,44;-5,62;-8,19;0,22;1,88;15,87;25,75;4,77;-0,36;-15,19;-3,32;-3,76;-3,3;1,05;-23,18;1,05;12,42;5,45;0,92;-4,29;-0,9;0,43;1,44;5,14;-6,32;-6,8;7,71;10,36;-7,48;1,02;13,91;-1,08;5,61;-0,59;-1,55;-5,19;3,76;-0,29
5,81;0,77;0,22;-2,99;-0,99;0,13;22,06;4,47;14,67;2,77;-16,6;-26,88;3,21;-13,5;2,44;-3,98;-0,15;5,73;14,39;23,95;0,22;5,33;-8,33;0,38;-1,2;-3,13;-4,09;-19,31;0,38;-0,44;0,88;8,19;3,26;1,7;-0,91;1,95;12,1;-14,12;4,31;-5,31;2,55;-0,26;11,11;-3,46;-0,48;0,06;-11,65;-1,03;1,25;-3,01;1,01
4,49;3,92;-6,65;-15,85;0,15;-0,33;24,43;3,84;14,69;-0,55;-19,39;-17,81;1,49;-9,38;0,36;-10,66;4,65;9,12;28,46;26,81;-1,59;3,25;-5,53;-5,32;-5,99;-0,32;4,97;-19,67;-3,96;0,78;-8,96;5,12;4,23;-0,96;-0,97;-3,61;9,79;-6,75;7,1;-3,39;1,92;-5,05;-6,84;4,64;-0,94;3,76;7,72;2,1;-0,62;-1,68;0,87
6,61;0,24;5,49;6,76;2,31;-10,04;0,27;-6,4;-4,25;11,94;2,4;-1,81;-3,27;0,87;1,37;-3,57;7,33;2,93;-6,24;-0,49;0,8;5,36;-1,96;-5,27;14,44;-8,31;2,19;-0,56;5,55;-0,73;14,17;-8,49;-13,2;-1,19;-2,62;9,82;-4,39;-0,92;-6,94;-3,61;3,34;5,41;14,48;6,21;-8,66;11,3;-13,85;5,73;-1,49;0,13;2,08
3,39;-2,38;8,1;-4,43;-1,32;-0,49;18,08;-4,48;6,07;3,29;-16,98;-21,94;-1,17;-8,1;-6,24;2,97;5,09;0,39;12,32;20,89;10,27;3,39;-8,87;-8,55;1,15;-5,7;1,08;-17,22;8,45;7,53;16,48;3,6;-3,84;3,28;-4,88;9,87;5,09;-3,43;-16,17;-8,82;0,47;-2,05;7,75;-1,31;-7,11;4,92;-7,98;2,99;0,21;6,48;1,39
4,27;0,07;3,56;-7,36;3,42;1,81;15,81;2,77;2,83;1,95;-8,19;-19,43;2,49;-1,99;0,36;2,25;1,91;4,66;6,34;17,08;8,5;-0,77;-11,34;-7,19;-13,7;-2,05;5,59;-17,01;4,12;-2,65;8,25;6,55;8;2,28;-1,27;6,93;6,23;-5,6;-14,13;-12,63;-2,51;2,34;-7,41;-2,38;-0,6;4,13;6,71;-0,82;2,59;6,81;0,43
3,64;-2,34;-1,17;5,65;0,73;-2,26;9,79;-2,79;-3,54;8,72;-4,56;-15,72;-0,07;-8,28;-2,78;6,08;5,67;-1,25;0;15,56;-1,1;0,82;-11,79;-5,65;9,7;-10,46;5,65;-8,71;4,93;-0,96;3,7;1,77;-1,37;-1;0,32;3,11;-0,14;1,34;-0,94;-14,26;-4,92;3,63;-5,37;-4,04;-6,36;9,4;5,42;3,25;-0,65;0,94;-0,93
3,46;5,05;1,39;-8,59;1,69;4,45;17,16;4,27;13,94;6,5;-14,53;-17,16;3,05;-11,47;-2,38;-9,72;-0,56;5,24;17,41;19,61;6,28;-1,43;-6,14;-3,95;-9,22;2,05;3,1;-16,25;5,18;3,9;16,73;-5,37;4,49;-3,03;7,87;3,64;7,83;-9,09;-15,49;5,6;3,58;-10,97;0,72;3,59;3,9;2,83;2,04;3,92;0,35;9,34;3,64
8,59;2,08;2,93;-3,98;0,22;0,44;13,68;1,94;3,62;4,98;-6,13;-9,88;-0,11;-6,56;-6,49;-1,34;-6,87;8,35;14,13;15,11;11,2;-2,21;-11,02;-9,66;0,33;-1,97;0,83;-11,95;3,86;10,62;22,57;10;3,59;1,77;1,83;8,7;5,56;-0,06;-14,68;3,85;6,95;-4,73;2,58;2,63;4,46;-0,57;-1,93;-2,38;-3,44;7,49;5,28
13,67;0,48;-3,6;-5,85;-4,6;-1,51;25,84;-1,15;1,66;0,58;-22,86;-19,17;2,84;0,66;-0,47;3,15;7,48;13,36;22,93;31,47;2,56;-2,28;-14,54;-6,57;-9,85;-7,83;-0,48;-18,39;-2,99;1,52;4,53;4,51;9,39;1,76;-1,04;2,73;17,66;-6,39;-2;-11,96;-5,59;4,32;-6,89;3,05;1,78;12,13;7,85;2,44;1,75;-0,06;2,72
2,49;3,81;-6,26;-0,48;1,65;-3,01;7,9;4,74;-7,46;0,77;-0,86;-3,09;4,21;2,77;2,24;-2,54;0,1;3,13;-0,64;10,84;-2,96;4,06;-7,32;3,82;-4,73;2,87;0,57;-1,68;-2,76;2,29;-17,91;6;7,12;2,01;2,71;-4,18;3,83;1,57;5,67;-3,31;-1,9;-4,25;-9,8;-0,54;2,77;1,15;11,58;-0,26;1,6;2,41;1,37
4,36;0,73;-7,55;12,48;-9,31;-4,55;8,83;-3,08;-10,3;-2,56;-4,05;-8,71;7,41;-1,2;-2,6;0,9;3,01;0,17;0,29;16,03;-4,98;8,25;-9,55;-2,13;6,81;-5,19;-0,24;0,05;-2,21;4,85;-14,87;7,06;7,8;-1,33;0,34;-1,5;6,34;-0,94;9,6;-4,86;-5,44;-3,18;-7,25;4,14;0,11;5,79;7,37;-2,32;-3,21;-0,45;-0,47
0,68;4,91;-4,89;5,27;4,33;-3,57;0,03;-8,13;-12,4;9,72;6,63;8,48;-1,36;4,36;-0,64;-1,01;7,99;-0,35;-7,1;-0,89;0,84;2,06;-2,22;4,09;3,57;-13,04;-4,6;4,8;-5,09;0,2;-8,02;-1,08;-9,49;-1,77;-0,37;-2,15;-7,65;7,98;5,34;-4,39;0,58;4,65;1,72;6,59;-7,05;12,5;1,91;2,09;-3,51;-0,15;-0,04
7,81;-0,42;-1,04;-12,56;2,45;1,53;17,35;0;10,17;9,98;-15,88;-10,78;-3,58;-5,46;-3,29;-0,3;4,52;9,21;15,41;17,81;3,13;-0,53;-4,22;-6,1;-1,1;-13,03;-0,01;-14,83;2,43;-4,82;13,26;5,29;-1,7;-1,85;3,72;2,78;4,67;-7,98;-4,76;-12,17;-4,9;2,9;3,13;-2,24;1,28;12,07;-3,69;6,71;-1,92;2,17;1,25
1,86;3,29;-5,44;-3,57;1,35;-8,84;8,66;6,06;16,15;-0,26;-6,47;-9,31;5,41;-5,18;0,78;-4,69;4,88;4,36;6,33;2,12;1,6;3,37;8,27;-0,27;5,98;-3,26;-0,1;-0,71;-1,37;2,41;-4,41;6,1;4,06;3,06;-3,89;0,1;5,42;-12,19;2,22;-13,13;0,87;0,82;-1,62;-1,61;-3,83;4,46;1,51;3,63;0,57;1,08;1,69
16,98;4,67;5,28;-8,23;-10,41;2,96;27,41;5,49;11,06;0,46;-30,5;-16,03;-2,64;-3,95;0,74;-5,14;-2,66;13,72;29,18;33,03;10,98;-1,56;-10,13;-4,07;0,64;-6,05;-0,15;-25,04;4,26;-0,95;21,89;11,39;12,76;0,86;3,46;11,58;16,6;-8,44;-15,42;-9,07;-7,7;-4,64;6,59;-1,29;2,28;3,56;-4,08;-1,18;-2,97;5,42;5,28
5,65;-1,09;1,19;1,97;0,23;-5,41;8,42;-4,53;-0,5;9,28;0,59;-2,69;-0,84;1,24;-2,73;-3,74;5,27;3,09;4,09;4,45;6,76;-0,54;-7,32;-10,18;2,45;-10,46;2,28;-1,67;3,09;1,77;14,19;2,44;-3,06;1,12;-2,74;4,49;5;2,91;-9,52;-9,61;-1,48;4;-0,74;3,65;-6,23;11,39;1,44;6,12;-1,9;3,32;1,96
12,09;2,66;-1,68;2,9;-2,75;-8,17;14,96;-2,76;3,88;10;-11,79;-19,29;0,18;-1,54;-0,18;5,21;4,45;6,59;6,06;16,99;5,73;1,26;-10,31;-5,4;2,18;-8,05;-2,86;-16,51;-0,35;-5,6;15,42;-1,47;-1,72;0,9;-0,2;2,17;8,19;-8,19;-0,86;-11,32;-3,18;10,6;13,58;0,15;-1,53;10,5;-11,1;4,51;1,43;-0,01;1,69
0,04;5,19;-4,8;-4,19;-0,76;-0,41;10,77;-3,89;5,23;12,32;-4,4;-6,69;7,02;0,61;-0,89;2,9;9,9;3,54;10,22;7,32;6,47;6,56;-0,62;1,63;-14,46;-7,95;-3,6;-5,28;-6,96;-1,49;-8,81;-0,78;-0,5;2,62;-0,81;-0,29;11,84;-2,62;9,3;-8,05;0,6;7,72;9,7;-2,34;-5,36;8,61;-8,22;5,21;3,45;-2,86;2,78
5,8;4,89;-3,55;-8,28;-1,97;4,45;19,7;0,43;7,43;15,92;-16,78;-20,75;2,72;-5,31;-7,04;1,34;5,58;6,64;19,05;25,56;-0,96;5,23;-12,95;-0,17;-12,15;-10,99;2,03;-19,47;-1,92;-1,43;-11,67;-1;-5,9;-2,43;2,51;1,26;12,64;-5,24;5,91;-13,39;0,89;0,76;-1,77;-2,05;-6,42;11,9;4,35;6,26;-1,24;-1,95;-0,48
7,92;1,46;-5,06;-1,5;5,81;-0,03;9,35;-1,68;-12,98;0,67;-8,97;-1,62;-6,74;1,67;2,32;-3,32;2,76;3,5;3,27;12,1;-6,39;7,45;-11,28;0,83;5,72;-3,01;-1,53;-3,32;-3,25;1,24;-6,68;2,63;2,56;0,08;3,06;-0,87;-9,93;7,73;16,1;4,45;1,96;-1,74;11,02;6,35;2,81;4,54;-11,12;-2,42;1,03;-8,58;1,27
7,68;-1,47;7,81;-2,85;-5,18;-4,04;14,74;11,59;-2,29;4,39;-15,62;-8,42;-4,6;0,87;-4,35;-1,9;-3,66;4,77;11,91;16,97;6,32;2,16;-8,15;-5,95;4,88;-9,05;-4,4;-12,54;1,09;2,61;15,43;19,88;6,73;1,15;-0,32;5,75;5,25;1,25;-6,42;-14,81;2,6;-3,81;17,24;-8,04;-3,25;-1,07;-17,02;-3,61;-3,62;-0,29;1,17
-0,23;4,38;-2,47;-3,08;-6,12;5,39;15,75;2,21;13,48;2,39;-19,96;-17,14;1,16;-6,68;-0,76;-1,94;-0,85;-0,37;20,77;15,8;5,21;2,18;0,25;0,12;-6,04;-4,79;-4,18;-14,73;-4,71;1,63;-1,45;8,08;3,09;-1,73;4,25;-1,37;12,05;-6,66;2,58;0,49;-0,48;-6,88;7,45;1,77;4,09;1,57;-7,86;-3,82;-2,65;-1,43;0,44
4,9;1,76;-1,72;2,56;-0,3;-4,96;18,32;-2,83;5,42;3,15;-12,4;-13,04;10,11;-6,26;3,54;3,68;12,51;5,38;9,33;18,96;3,46;-0,79;-8,42;-6,34;-1,37;-11,05;1,49;-2,85;3,36;-5,44;13,87;-0,64;-1,47;-1,45;1,18;1,85;11,12;-8,45;-8,53;-10,86;-5,27;2,26;-0,59;-1,24;-0,37;13,11;2,88;4,59;2,11;7,74;3,22
7,52;4,94;3,61;-10,38;-4,16;5,46;24,79;-4,37;11,04;4,66;-30,38;-20,5;4,43;-9,08;-4,82;0,19;1,13;9,25;26,05;35,13;8,89;-0,21;-11,07;-8,02;-7,99;-9,46;0,78;-19,85;-0,87;3,15;20,7;4,09;0,44;-2,75;1,59;5,22;14,23;-10,8;-12,95;-4,16;-0,5;-3,75;11,42;-0,81;-0,46;5,43;-9,99;1,46;-2,65;4,99;2,1
3,47;3,88;0,03;2,19;1,73;-1,51;3,5;2,45;-7,57;7,61;1,97;-7,6;-3,75;-1,68;-3,25;1,93;1,04;-0,88;-5,79;3,88;5,23;-0,15;-4,21;-7,25;8,21;-9,94;4,65;-5,47;4,82;-1,91;16,39;13,35;8,44;-0,06;0,75;3,75;-3,96;5,55;-13,83;-13,08;0,56;4,22;-3,04;-3,3;-1,2;4,93;3,08;-2,54;-0,21;8,58;1,1
-1,88;8,53;-2,32;0,83;3,87;-9,64;1,28;-0,46;4,58;2,73;10,03;3,77;6,9;3,38;1,05;1,65;5,19;-1,3;-6,42;-8,07;-2,51;-0,5;10,26;-2,82;-0,89;4,99;8,35;10,98;2,16;-2,73;7,91;-8,98;-2,79;2,29;0,99;-0,76;3,94;-0,94;-5,41;0,68;-0,29;3,88;-3,15;0,41;2,46;5,37;5,82;7,53;4,4;4,44;4,85
1,91;-5,65;2,68;5,24;3,4;-10,7;3,04;0,74;-0,92;9,34;-0,77;-0,03;-1,01;-4,23;-3,04;6,57;8,33;-1,48;-4,18;-1,19;6,2;-3,28;-1,66;-14,01;14,68;-11,39;3,01;0,86;2,4;-5,94;18,91;7,01;-1,09;1,71;-1,59;6,98;-6,61;1;-7,71;-19,05;-2,68;7,86;0,66;-8,19;-5,25;9,01;-2,58;4,85;1,23;0,87;0,01
11,85;5,75;-8,62;-7,61;-1,53;-2,47;19,05;2,28;3,26;2,88;-16,02;-8,69;-1,36;-2,68;1,88;-6,91;-0,8;10,43;15,76;19,43;-2,35;5,02;-11,07;-6,34;-1,66;-1,56;1,66;-16,35;-4,66;0,12;-10,65;1,14;4,74;-1,59;5,48;-2,34;3,5;-3,81;6,34;-0,14;-1,59;-3,44;-10,03;3,34;5,61;5,84;11,41;3,24;-1,69;-0,73;0,48
11,28;3,64;-2,67;-13,14;-4,97;7,56;33,2;-5,34;10,89;8,39;-37,89;-22,37;2,38;-8,46;-4,37;0,54;2,96;13,07;34,45;44,17;10,15;1,29;-17,59;-3,78;-11,79;-13,2;-1,45;-27,33;-4,38;2,85;4,28;6,11;-0,93;0,18;-1,79;4,03;14,71;-10,93;-0,42;-10,75;-0,99;8,13;6,89;2,38;-7,02;9,42;-7,51;1,07;-3,39;-1,77;1,46
3,33;0,82;-1,6;-1,12;3,14;-6,51;7,59;1,32;5,22;8,02;0,23;-5,42;5,27;-2,58;-4,7;-0,79;5,1;5,13;3,49;5,69;-2,01;-0,77;-0,42;-10,27;-1,27;-7,66;2,84;1,51;2,75;1,34;17,1;3,91;-2,25;0,8;-3,18;3,2;6,7;-6,18;-4,29;-13,01;1,08;4,1;-0,4;0,45;-6,92;8,07;2,06;4,12;-1,8;0,1;2,09
11,85;2,06;5,54;1,86;-3,29;-2,84;11,28;1,73;-0,72;4,43;-7,9;-7,18;-2,7;2,55;-1,92;0,17;6,77;8,41;10,96;11,01;11,02;1,95;-7,29;-6,3;-3,32;-6,54;0,94;-14,66;8,7;-0,41;20,21;7,69;2,49;1,24;-0,63;10,87;8,53;-1,44;-16,09;-10,78;-1,5;-0,8;7,64;-3,31;-3,42;6,39;-6,37;2,87;-0,03;5,97;4,56
-0,82;0,25;0,05;0,8;1,39;-6,22;8,12;-0,86;4,39;4,29;0,9;-5,54;5,41;-6,39;-2,74;-1,61;2,4;0,24;4,32;5,38;5,33;6,75;0,77;-5,14;4,32;-10,74;-2,14;5,16;-1,57;5,19;-1,33;10,42;3,17;-1,29;0,32;3,54;3,61;-1,52;3,33;-5,45;2,82;-1,28;7,64;2,21;-0,82;6,39;-4,32;-2,09;-2,99;-1,49;2,54
-5,03;5,47;-10,77;6,97;4,14;-3,07;-9,22;-0,72;-8,08;0,92;8,69;9,39;6,65;7,97;-2,05;-2,05;0,98;-1,07;-13,56;-6,01;1,2;1,68;12,2;-4,06;0,33;-4,5;-0,96;13,78;-5,31;8,78;-10,5;7,11;2,36;2,6;-0,22;-3,38;-0,01;1,63;2,86;-1,22;-1,49;-3,9;-17,61;5,14;-1,84;4,73;21,6;-0,16;-3,49;3,65;1,78
1,09;-1,78;3,66;-7,86;1,03;-0,37;8,94;-1,84;2,94;4,33;-8,49;-11,22;3,05;3,03;-1,3;-0,66;0,12;4,82;6,49;11,06;8,81;2,17;2,75;-9,75;-10,18;-7,81;2,9;-9,64;10,38;3,16;25,75;6,95;4,48;0,98;1,55;8,8;10,05;-5,36;-17,31;-8,34;-5,37;1,52;7,99;2,92;1,65;8,38;-11,64;1,52;-2,78;5,84;2,68
13,59;5,32;0,16;-7,9;-6,56;-1,02;24,97;-0,6;5,15;9,37;-23,82;-20,98;-4;-6,01;-2,64;-5,44;-4,62;8,88;21,98;31,37;6,24;-4,33;-16,94;-7,29;0,33;-3,1;8,43;-25,51;5,06;7,9;23,07;6,19;4,39;1,71;4,98;4,04;8,04;-5,62;-14,92;5,92;5,38;-4,15;-0,15;1,33;2,89;0,04;3,3;-0,07;-1,15;7,6;4,31
-2,87;0,14;-0,47;0,79;3,7;-2,13;1,8;-1,91;0,46;4,57;5,54;-4,96;2,46;-2,16;1,37;-1,64;8,98;-0,5;-2,64;0,05;0,12;6,31;1,56;0,96;-0,26;-7,58;-1,86;2,31;-0,23;-0,15;-4,38;-4,18;-3,06;1,97;-0,81;2,87;4,83;2,41;4,99;-7,95;-3,99;6,04;6,42;1,97;-0,55;13,04;-4,63;10,38;0,52;0,2;2,74
5,75;9,44;-7,78;-8,14;-0,72;1,52;21,26;1,54;15,52;1,48;-18,58;-20,83;6,05;-6,55;-2,31;-4,56;2,91;11,11;19,88;22,76;3,99;2,83;-7,43;-2,42;-12,17;-3,87;2,49;-18,97;-0,05;6,36;1,01;4,13;-0,84;1,12;-2,39;-1,21;14,05;-16,74;-6,02;-4,87;2,09;-3,42;-5,47;0,54;-1,89;3,26;7,39;3,59;-1,88;6,41;1,4
13,66;2,51;-0,74;-1,96;-6,03;-3,01;17,18;-2,65;1,03;2,78;-17,52;-11,14;-1,21;0,46;-1,43;-6,12;-0,1;10,12;15,14;21,49;6,7;3,67;-8,52;-5,02;1,91;-1,3;-0,4;-15,45;0,97;9,71;6,77;-5,27;-4,23;-1,89;2,28;5,44;10,79;-3,36;-3,91;5,29;3,54;-6,43;7,69;7,96;0,72;6,26;-6,54;4,15;-4,52;0,23;2,99
8,26;3,52;4,8;-6,46;-3,23;-2,98;17,07;3,12;10,11;1,41;-19,88;-15,92;-0,06;-3,21;-1,62;-2,8;-0,33;7,53;19,03;18,47;11,18;-1,36;-3,84;-3,46;2,84;-1,15;-1,39;-16,64;-2,5;9,66;18,07;1,27;1,52;0,32;-0,55;5,64;8,51;-7,27;-10,63;-0,49;3,81;-5,51;12,47;4,82;-0,74;2,64;-10,68;-1,29;-1,59;4,51;3,52
8,36;1,45;-2,65;-1,11;0,88;-8,08;7,23;-1,22;-4,06;4,12;-5,72;-12,38;2,06;-5,05;0,73;0,27;3,09;5,87;5,87;12,22;6,09;2,77;-8,81;-2,9;8,37;-2,71;-1,23;-7,07;-2,07;-1,97;0,79;0,77;3,04;-1,49;5,19;3,2;-0,67;-1,88;-0,2;-0,68;-2,57;-1,21;2,07;1,88;3,67;6,4;-1,48;1,61;1,19;0,05;1,56
2,43;7,3;-3,63;1,46;2,49;-3,61;3,36;-0,56;-0,52;-4,21;0,63;-3,09;1,37;-4,81;1,13;-2,5;1,81;2,25;2,71;2,28;-1,21;6,01;-4,79;-2,08;6,07;0,38;0,15;-0,46;3,17;2;6,83;5,22;6,43;-1,08;-0,54;2,65;-2,03;1,7;-2,33;-5,89;-3,86;-2,09;5,56;3,92;-1,84;3,88;-0,26;-1,33;-1,68;3,39;1,73
3,52;3,13;-1,27;-2,31;5,16;-1,91;10,28;5,01;-3,34;5,46;-5,92;-16,42;-1,79;-6,82;-2,37;-4,75;3,92;0,05;3,01;14,91;-1,85;2,42;-10,41;-6,06;4,56;-6,58;1,85;-11,19;1,41;-0,55;7,13;5,34;-3,78;1,73;-2,26;2,63;-2,22;3,68;-1,93;-10,22;2,62;-0,07;-1,49;-3,01;-4,69;4,06;4,16;4,09;-1,05;0,28;-0,93
-0,04;0,51;1,5;8,67;6,52;-1,14;1,58;-3,83;-14,56;0,68;-2,18;-8,42;0,95;-6,07;4,34;-7,83;0,94;-3,13;-11,7;10,89;-1,26;-0,28;-12,23;-7,68;7,13;-5,81;2,72;3,19;-0,83;3,87;7,69;-3,07;5,43;-1,11;1,41;0,7;-8,59;2,93;-2,62;-0,61;-5,07;-1,71;-2,35;7,99;0,06;8,06;6,32;1,03;-1,32;4,03;-1,15
2,38;0,09;8,15;-0,21;1,41;0,48;13,72;-3,93;2,28;8,99;-0,42;-14,11;-2,51;-8,5;-0,86;-0,13;6,07;-1,33;5,36;12,15;8,38;4,23;-11,57;-6,76;2,22;-9,97;0,15;-11,28;5,6;-0,34;19,65;7,85;2,72;1,33;-3,65;7,09;3,02;4,32;-10,03;-13,77;-1,75;4,77;19,6;-2,28;-9,42;6,68;-18,83;0,5;1,25;1,75;1,76
9,8;4,02;-5,88;-4,59;2,33;5,26;15,98;-0,87;-1,13;7,7;-15,69;-6,36;-8,22;-7,49;-1,81;6,55;2,09;6,17;16,79;20,4;1,75;-0,79;-14,03;-5,15;8,17;-5,3;-0,13;-15,95;-3,13;-4,61;5,75;-2,78;3,15;-1,86;5,8;0,36;-3,39;3,37;1,37;-7,91;-0,82;5,68;-4,73;-1,14;2,54;9,89;5,22;2,75;2,19;2,83;2,03
4,81;2,76;-0,43;3,34;6,23;-4,56;4,89;2,89;1,94;-3,1;-1,11;-12,35;-0,5;-7,57;0,47;-4,1;-0,37;1,24;-0,77;7,43;8,41;-2,05;-9,08;-7,93;3,72;2,55;5,32;-9,72;6,64;6,49;23,74;7,6;11,13;-2,49;5,14;5,35;-3,75;-1,82;-16,55;3,61;0,29;-11,73;-2,01;4,42;2,27;0,49;1,31;-5,54;-0,4;11,2;1,84
12,34;-1;3,5;-1,07;-1,52;3,34;14,91;-2,26;-5,64;8,92;-13,84;-7,1;-3,99;-1,15;2,52;-0,57;8,05;5,19;11,33;24,99;10,61;-5,14;-20,98;-7,41;2,8;-6,41;4,92;-15,18;5,85;-1,06;20,43;-6,11;-2,99;2,42;-2,63;9,39;0,81;5,75;-20,19;-9,06;-2,01;7,88;-7,1;3,34;-5,43;11,95;7,06;6,51;2,16;9,75;3,5
14,09;1,82;-2,31;-12,01;-4,17;-0,13;34,05;5,58;6,78;0,96;-25,63;-32,5;-4,65;-9,16;-1,87;-5,93;-3,48;9,8;25,85;36,72;10,65;-4,17;-24,16;-8,16;-1,27;3,08;2,09;-35,13;1,41;3,13;12,42;4,68;3,26;-3,36;9,53;7,78;11,55;-3;-12,99;9,94;5,31;-10,39;-11,63;1,98;8,5;-1,14;15,08;-0,32;-3,23;5,01;2,32
-0,31;8,23;-3,34;2,05;-0,36;-7,95;12,28;-2,91;7,65;5,52;0,06;-20,61;3,24;-13,09;-5,8;4,14;8,24;0,06;3,18;5,71;1,48;1,59;1,13;-5,76;6,79;-9,36;6,1;-7,7;1,83;2,1;0,79;7,42;2,78;0,87;-0,63;-0,8;4,61;-7,35;-11,64;-10,41;0,93;1,47;-14,02;-2,75;-4,46;8,27;12,18;1,56;1,37;7,97;0,62
14;-5,35;4,2;-3,62;-1,22;-2,12;13,41;1,09;-3,22;3,9;-11,85;-4,17;-3,95;-0,2;-1,48;2,38;2,84;8,37;11,79;16,67;-1,13;-0,49;-11,23;-6,11;3,77;-5,91;2,3;-9,74;-0,49;-2,31;8,39;3,98;4,37;0,97;-0,48;3,2;1,65;3,54;1,59;-14,97;-4,43;4,8;7,74;-3,84;1,59;8,28;-6,82;6,29;1,02;-0,91;2,14
6,23;1,54;0,26;-6,42;2,02;0,86;16;1,06;9,19;10,81;-15,43;-12,69;3,18;-4,05;0,95;-0,05;2,75;5,97;15,92;17,54;-0,99;0,9;-6,52;0,43;-6,7;-1,6;2,82;-11,3;0,82;-1,53;-1,72;-3,86;-1,43;-1,38;1,46;-2,13;8,59;-5,8;-3,93;-8,36;1,32;1,17;-3,83;-2,22;-3,28;5,73;4,34;4,02;1,57;5,23;2,01
5,05;0,47;0,31;-12,86;1;3,57;22,51;-6,49;10,96;7,89;-17,31;-17,53;-3,92;-7,55;-0,6;1,96;11,94;8,03;25,81;21,04;6,5;0,68;-11,96;-5,46;-7,87;-7,56;3,11;-18,55;3,12;-5,01;6,59;-4,62;-2,61;1,24;-2,02;1,54;9,74;-1,21;-12,44;-11,18;-5,43;7,27;-6,17;-1,14;-4,48;13,25;3,25;10,11;3,18;6,91;1,27
10,27;4,84;-3,36;-2,23;-0,07;-4,42;19,54;-3,83;-2,81;8,73;-13,2;-12,26;0,15;-5,4;-0,61;-0,09;3,86;9,87;12,63;21,11;6,37;5,8;-12,45;1,09;6,82;-9,09;-3,42;-8,74;0,47;-1,9;0,56;1,29;-0,92;-1,37;2,18;3,96;3,92;0,55;-5,22;-6;-4,88;2,41;1,91;4,32;-1,37;9,2;2,42;1,76;-2,19;5,42;2,99
4,06;7,35;-6,9;3,97;-2,02;1,18;4,79;-1,83;-8,42;9,71;-5,26;-1,39;-5,3;-0,49;0,03;6,08;4,78;2,13;0,86;9,03;3,4;3,92;-6,04;3,98;11,06;-7,26;-4,95;-2,47;-11,87;-5,29;-15,29;-3,11;-4,05;1,04;0,87;-2,36;-2,63;3,13;13,41;-10,03;-2,85;7,98;2,99;-1,74;-1,21;8,23;0,37;3,76;1,98;-5,8;0,89
11,44;0,87;4,75;0,75;1,22;-6,27;12,32;0,33;-5,47;6,45;-10,15;-5,32;-3,76;2,61;-1,14;4,56;4,32;9,39;3,91;15,2;10,05;1,34;-4,89;-9,48;7,6;-9,99;3,76;-7,97;10,14;-5,07;19,18;10,69;4,59;1,85;-4,53;10,63;3,39;-1,5;-19,02;-21,48;-4,26;10,44;4,46;-5,71;-6,19;8,34;-5,68;1,91;1,07;5,87;3,59
14,72;4,51;-3,11;-16,13;2,65;5,12;28,96;-1,96;16,22;5,05;-32,82;-35,33;-4,61;-18,03;-2,78;-6,11;3,74;11,87;28,3;35,65;-2,13;1,68;-18,06;1,71;-3,75;-0,8;0,77;-38,88;-1,36;9,98;-5,47;-4,1;-1,59;-1,26;2,02;0,51;3,66;-12,56;1,96;2,61;7,84;-7,3;-2,36;8,36;-0,25;7,5;5,78;3,52;-0,81;0,33;-0,44
5,62;3,3;-1,06;1,26;-1,78;-5,35;14,13;5,22;-0,06;7,33;-10,55;-16,31;-1,89;-3,66;-2,39;-0,56;3,63;2,65;7,52;15,43;5,46;2,48;-10,23;-6,07;8,62;-6,44;0,44;-8,91;0,85;-4,05;8,89;-0,79;1,8;-2,48;3,52;1,65;3,9;-2,66;-3,06;-13,3;-1,45;1,8;6,66;-6,99;-0,74;7,18;-4,95;7;1,85;1,71;0,98
16,61;2,52;4,45;-11,98;-1;2,9;21,5;-8,22;5,98;10,09;-23,57;-16,37;-6,5;-4,87;-3,07;-5,13;1,63;14,09;23,93;25,87;5,43;-0,61;-12,71;-8,01;1,07;-12,9;2,51;-25,01;2,45;2,75;14,94;-1,15;-1,58;-3,61;-0,76;3,78;4,63;-5,77;-10,01;-5,58;-1,55;5,29;2,6;7,19;-4,08;11,6;2,48;4,39;-4,65;4,28;1,92
0,84;6,27;-3,54;-6,9;-0,27;2,91;16,64;-1,38;9,65;-0,19;-15,7;-18,5;4,32;-9,34;-2,9;0,36;2,84;5,09;16,32;20,91;8,85;1,09;-6,35;-4,15;-7,87;-8,08;2,42;-11,09;-0,68;-0,32;6,29;8,53;9,21;-2,32;4,68;2,13;9,47;-10,89;-9,8;-6,34;-6,83;-2,56;-5,13;1,18;4,16;8,01;6,29;0,72;-2,04;6,44;1,26
4,58;5,69;-2,17;-4,92;0,01;1,3;10,73;-0,68;4,13;5,95;-10,55;-4,18;3,15;-1,04;2,05;-1,6;8,18;4,1;12,27;13,49;6,84;5,31;-4,33;-3,61;-7,86;-4,24;1,88;-5,44;-0,7;-6,51;-1,84;3,19;5,34;1,25;-3,15;3,72;6,55;0,2;-2,32;-15,7;-0,87;12,45;-2,91;-1,83;-4,92;8,93;7,75;5,72;4,52;5,38;4,18
3,15;4,72;-1,89;-0,6;-6;-5,07;15,29;0,48;8,48;9,62;-11,13;-11,27;8,45;-4,21;-5,36;5,44;4,12;5,97;17,89;14,67;3,71;1,12;-4,02;-6,78;-3,84;-20,92;2,32;-2,61;-1,52;-2,8;3,29;14,54;-0,54;1,36;-2,81;4,18;16,06;-8,43;-0,98;-24,89;-2,5;11,38;-2,89;-8,99;-7,73;10,36;7,37;1,71;-0,69;1,31;1,9
7,72;0,32;0,9;-7,51;-1;0,66;24,71;0,55;10,51;7,62;-11,46;-20,33;4,3;-6,57;-5,68;2,07;0,13;8,53;18,46;24,88;3,73;3,02;-18,62;-2,49;-12,83;-12,69;-2,99;-21,04;0,11;-1,24;4,51;15,33;6,29;-2,83;1,16;0,96;14,55;-8,91;-0,44;-10,75;1,13;-1,96;10,26;-1,83;-1,27;4,19;-10,02;-5,2;-4,11;0,46;0,04
2,39;2,49;-1,74;5,47;-0,96;-1,64;5,46;-1,64;-4,35;8;-3,97;0,54;0,45;1,96;-1,94;-1,54;3,36;-1,65;-0,61;7,12;2,58;2,63;-2,97;-3,23;1,59;-5,68;3,05;-0,26;0,56;-2,3;4,15;0,82;-0,66;-2,72;0,44;-0,91;1,2;2,85;-1,41;-9,48;1,38;3,72;6,93;-1,97;-3,07;6,86;-6,76;4,89;-0,03;-0,48;1,4
-0,38;-1,13;9,63;-4,07;-6,16;4,52;16,33;-5,06;13,99;9,3;-7,27;-13,44;4,07;-11,3;-0,37;4,74;7,6;0,62;18,69;13,94;10,4;-3,65;-8,26;-7,99;-3,42;-8,34;-0,41;-12,14;8,3;-2,35;28,87;0,96;-1,76;1,46;-1,77;10,93;14,21;0,2;-18,94;-13,97;-5,04;7,8;7,14;-1,21;-5,87;10,63;-5,03;4,78;1,12;7,87;4,32
5,83;-1,34;-0,05;-1,68;5,14;-4,41;12,86;-1,83;6,56;2,69;-8,45;-18,27;0,39;-11,53;-2,42;-5,44;4,61;0,94;4,47;12,04;3,46;-1,44;-6,2;-3,5;9,81;-11,05;-1,73;-8,39;0,31;4,9;10,6;10,19;5,9;-4,86;3,1;5,55;-1,81;-3,83;-3,81;-0,65;1,68;-8,44;0,13;6,1;0,56;7,03;-1,71;-3,83;-4,69;0,89;0,47
7,17;3,25;0,73;2,44;2,97;0,33;5,66;2,25;-3,4;1,81;-8,57;-5,2;0,29;-1,96;-0,87;-1,99;1,02;4,25;2,91;11,29;7,43;-2,21;-8,5;-5,65;0,57;-9,41;1,96;-4,63;2,84;-2;12,23;9,12;4,63;-2,1;0,87;3,39;-1,56;-1,66;-14,72;-13,06;-0,09;4,83;-7,75;-2,26;0,05;6,71;9,24;1,23;-2,68;10,41;1,57
-3,63;1,44;3,83;0,85;1,69;-5,15;5,12;-4,87;5,51;8,87;-0,19;-1,43;3,21;-2,78;0,78;-2,14;6,41;-1,45;2,95;0,78;4,66;3,89;5,57;-7,71;0,55;-8,25;2,15;4,95;2,23;-0,9;12,38;-3,21;-2,3;-4,49;2,83;5,43;4,94;1,05;-7,01;-6,46;-3,35;-0,26;12,84;6,26;-4,98;12,26;-13,24;2,32;-2,98;-0,83;2,48
1,82;2,1;0,76;-4,09;0,07;-1,34;5,88;-10,26;7,28;13,91;-6,33;-0,73;1,14;-1,53;0,02;-0,18;5,96;7,68;10,44;6,47;-2,08;0,92;4,89;0,02;2,45;-17,36;0,95;-0,86;1,51;-0,14;-0,42;7,57;0,15;-1,1;2,41;0,89;3,89;-7,53;-1,92;-3,49;3,66;3,43;0,71;0,25;-5,11;9,44;0,84;-2;0,43;1,18;2,35
3,22;-1,4;6,88;-0,01;-0,8;-9,06;3,33;-0,74;-1,57;13,63;-2,69;-7,13;1,48;4,22;-0,95;0,45;7,64;2,94;-0,63;0,59;8,5;-0,97;5,6;-10,34;-0,41;-12,56;2,35;-2,18;5,54;-4,92;22,05;1,22;-2,37;0,48;-5,55;5,66;3,19;-3,81;-14,65;-18,67;0,5;7,55;7,78;-2,12;-7,69;9,97;-8,94;4,19;1,89;5,2;0,66
7,72;5,58;-2,7;-4,77;-2,75;1,26;25,69;-1,02;21,51;4,33;-27,55;-27,65;5,45;-12,1;-0,87;-4,09;6,14;9,36;26,02;30,53;6,84;-2,95;-9,34;-4,85;-5,67;-10,09;1,76;-20,88;2,8;2,58;13,79;2,41;-4,81;0,43;1,43;2,23;16,97;-18,8;-10,68;-5,48;-2,24;-0,94;-1,08;5,21;-2,81;10,86;2,89;3,85;-3,58;5,46;2,39
8,76;-2,01;4,86;-3,14;-3,18;-5,3;19,86;-3,3;10,37;11,09;-16,1;-19,56;0,36;-9,19;-2,87;-2,06;8,64;5,68;18,79;19,74;6,14;0,98;-13,43;-7,1;1,54;-16,77;1,57;-18,04;1,62;-0,86;8,14;1,93;-2,68;-1,93;-1,49;6,63;8,73;-5,33;-5,68;-13,71;-2,26;4,95;7,76;3,13;-6,33;14,94;-4,77;4,73;-2,44;0,1;0,88
5,8;-1,55;4,68;-11,76;-0,9;2,55;18,34;-10,51;7,4;9,76;-21,68;-11,49;-2,72;-3,17;-0,98;6,1;8,88;8,35;20,07;20,95;3,98;-2,88;-4,07;-10,41;-3,17;-10,46;0,69;-14,51;2,68;-0,84;19,18;-3,72;-10,02;-2,18;1,18;6,19;6,9;-4,17;-5,32;-7,25;1,11;8,39;5,44;-0,12;-4,53;12,93;-1,82;6,48;-0,29;1,53;2,18
8,12;5,53;2,51;11,52;-0,64;-5,02;5,7;-8,94;-10,73;3,99;-3,28;-12,1;-2,38;-0,08;0,79;-4,74;6,66;1,38;-5,1;10,51;1,36;3,01;-15,32;-0,7;11,61;2,21;2,8;-4,9;2,33;3,82;1,35;-8,82;-1,97;-3,36;4,22;2,84;-1,98;-0,58;-5,4;9,81;5,22;-5,6;1,68;9,65;1,85;7,92;4,02;3,24;2,26;4,92;2,27
5,75;0,24;1,1;-9,14;-1,76;-2,7;16,17;-4,66;7,14;4,94;-12,18;-13,86;2,18;-3,68;2,45;-4,47;4,84;8,49;12,55;19,18;-1,94;4,35;-1,75;-2,48;-6,62;0,53;2,17;-15,83;-1,42;0,67;-0,57;-10,41;-6,44;-1,23;2,93;-1,13;10,6;-7,86;5,43;1,67;-3,86;2,42;8,43;9,67;1,43;12,89;-8,83;10,31;-1,12;-2,21;2,08
3,42;-1,73;-1,43;-6,88;0,44;-2,47;12,27;-7,88;9,57;10,28;-17,19;-11,12;2,91;-3,36;1,09;0,31;6,09;6,29;10,88;17,13;4,14;-4,18;-1,86;-9,13;-0,83;-7,05;-0,02;-8,32;-3,25;1,65;15,3;-7,94;-4,84;0,69;1,99;4,13;5,74;-9,8;-3,42;-2,66;-1,11;5,46;-3,02;5,02;-3,12;11,38;3,16;5,36;1,36;2,56;1,37
2,82;1,83;2,32;-8,89;2,47;4,61;16,82;5,61;7,16;6,23;-12,89;-14,15;3,89;-6,05;1,63;0,57;0,07;3,95;13,71;20,02;6,59;-2,98;-4,67;-9,79;-13,63;-9,13;5,68;-12,21;1,77;-2,99;13,11;2,95;-1,48;-1,36;0,74;4,11;9,19;-6,3;-15,04;-16,74;-4,01;5,02;-9,65;-5,67;-4,86;7,35;13,47;3,85;-1,22;7,61;1,37
13,12;-2,71;11,62;-10,33;1,01;-1,84;23,82;-3,87;7,07;11,99;-18,75;-19,9;-0,67;-7,47;-5,65;2,69;1,82;12,74;24,73;27,02;-0,15;-1,52;-19,45;-11,71;-3,93;-12,96;8,82;-23,16;10,91;0,12;19,96;2,63;-1,8;-1,64;0,2;8,17;8,49;-5,62;-18,79;-12,41;0,7;3,47;2,24;-2,26;-4,7;8,37;-0,6;1,77;-1,31;5,76;1,58
6,65;0,73;-2,64;-5,4;1,72;0,9;16,47;-4,38;8,76;3,76;-11,33;-20,21;2,88;-8,84;-1,93;-3,33;10,87;7,62;13,63;15,99;0,43;-1,21;-6,73;-7,85;-5,66;-7,91;4,34;-13,59;0,63;-0,78;10,66;-0,25;-5,48;-0,2;-0,15;1,54;6,77;-9,7;-6,83;-5,26;-0,3;1,78;-5,27;3,34;-1,82;11,9;4;8,14;0,26;1,55;0,67
-1,23;6,58;-3,69;-8,64;6,46;3,61;11,87;-0,81;17,2;5,89;-10,58;-11,42;5,85;-11,86;0,12;2,68;5,35;4,87;17,01;12,56;4,25;5,24;1,02;-3,13;-10,48;-4,42;-0,02;-5,77;1,55;-5,28;2,31;-1,7;-4;1,05;1,76;0,17;7,19;-9,65;-3,98;-10,53;-5,42;3,75;0,95;-2,62;-1,5;8,12;2,55;6,41;1,14;4,69;2,32
1,05;0,21;3,93;-12,89;1,38;-3,48;21,42;2,63;11,72;6,28;-8,31;-14,07;4,11;-9,65;-4,12;-0,96;4,64;4,85;17,4;13,57;4,34;-0,45;-2,99;-2,6;-1,17;-8,59;-0,45;-3,34;-3,78;1,58;1,23;7,29;-2,77;0,95;-2,55;3,87;7,21;-4,86;-1,56;-8,63;2,66;-0,87;3,71;-3,03;-3,22;4,14;-2,76;2,71;-1,88;-2;1,76
-1,76;5,45;-1,84;-2,84;5,69;-6,72;3;-1,72;6,73;12,44;5,31;4,48;6,05;-1,22;-2,94;-2,62;2,24;2,14;-1,74;-4,84;4,93;5,85;7,69;-3,37;-0,04;-9,4;1,61;10,64;-2,33;4,62;0,66;-0,32;-6,59;2,18;-3,28;-2,36;0,74;-3,77;-3,23;-8,76;2,99;2,58;6,13;-1,29;-10,52;5,27;-3,3;3,58;-1,95;4,06;2,21
4,53;-1,53;4,51;1,23;-2,09;-4,92;13,59;-2,71;-4,15;10,47;-8,01;-13,89;-0,09;0,93;0,57;-8,02;5,95;3,03;4,6;15,74;1,52;-0,02;-8,33;-4,7;1,23;-12,19;4,2;-13,38;5,05;1,75;15,68;2,01;0,83;-1,74;-2,35;5,71;3,16;-2,4;-7,78;-13,21;-2,81;2,35;8,36;3,79;-7,91;11,28;-6,65;4,66;-2,6;1,88;0,39
2,01;-1,42;3,09;-0,97;0,92;-5,26;6,5;-5,52;0,43;12,18;-2,76;-3,51;-1,18;-1,79;-1,75;3,14;9,36;1,47;2,55;5,15;7,34;-3,7;-2,1;-8,09;8,91;-8,92;2,89;2,18;-2,2;-5,09;13,88;-3,39;-6,36;-0,15;0,66;5,49;-0,82;-0,31;-5,19;-9,66;-3,83;4,37;-0,61;-2,94;-4,53;10,26;3,5;7,69;1,82;2,54;1,89
-1,12;-4,57;4,93;-5,79;0,62;-0,26;8,18;0,08;0,68;7,9;-1,24;0,69;3,52;1,35;-0,87;1,18;3,95;4,21;5,14;6,06;3,08;1,48;1,66;-14;-7,53;-7,94;2,32;0,39;5,98;-6,17;20,98;-0,43;-4,14;-2,1;1,04;5,28;5,19;-1,62;-7,55;-8,05;0,74;4,61;8,07;0,78;-0,57;7,3;-9,73;2,19;-0,72;2,4;2,73
5,35;-0,92;7,3;-3,62;2,91;-0,68;18,91;-1,29;11,76;14,32;-14,37;-17,48;3,67;-15,14;-2,85;-0,43;7,54;3,88;16,16;19,57;2,21;2,11;-11,81;-7,59;2,68;-15,79;4,68;-10,26;12,08;-5,29;17,94;3,8;-6,39;0,42;0,32;11,12;4,46;-5,44;-18,41;-12,84;-2,26;5,28;1,76;-2,83;-6,05;10,13;-3,14;4,87;-1,32;6,28;2,34
12,9;10,79;-5,69;-14,27;-5,22;10,2;35,67;-2,56;9,09;12,75;-35,27;-29,72;-0,87;-10,44;-2,18;-0,03;8,03;11,05;33,36;42,51;3,61;2,99;-22,55;-0,53;-14,83;-20,65;0,42;-34,97;0,05;-6,2;2,79;8,74;0,68;1,78;-2,3;1,6;15,78;-9,71;-5,18;-20,6;-1,22;13,63;-2,78;-4,58;-7,34;13,1;9,03;3,98;1,97;6,47;1,06
12,09;-3,37;5,75;-6,94;-3,59;0,89;21,32;-7,11;7,09;11,35;-23,17;-17,59;-1,16;-6,31;2,56;-4,02;8,31;10,75;20,39;27,66;5,56;0,58;-15,09;-4,95;-4,62;-4,47;3,18;-23,04;7,34;-1,89;13,64;-10,96;-5,84;-1,4;-2,54;5,48;10,29;-7,46;-9,97;-2,75;3,28;6,78;4,08;12,12;-4,4;13;-7,98;4,37;1,79;5,96;2,86
8,5;4,38;-4,45;-2,29;1,04;-3,48;10,01;-0,49;-2,83;5,55;-9,61;-1,93;-4,82;0,08;-1,43;-1,75;3,17;7,14;5,31;11,49;-1,06;8,04;-4,85;-5,84;10,07;-4,41;0,01;-4,82;-2,92;2,15;-5,07;-0,07;-2,82;-1,09;-0,55;2,49;-1,46;-0,08;6,82;-3,63;2,18;2,09;3,65;2,46;-1,73;5,13;-0,46;2,81;-1,61;-3,52;2,07
-0,57;6,08;1,04;-2,77;2,44;5,11;9,74;-4,42;-2,36;-0,03;-5,98;-0,9;2,8;-7,2;0,91;-5,48;6,04;0,98;9,98;13,12;8,85;1,94;-10,22;-1,31;-2,4;-4,06;0,67;0,29;4,92;0,57;10,14;-5,28;-2,79;-3,11;4,75;7,99;0,11;4,77;-16,36;5,13;-3,71;-4,49;0,96;9,74;5,35;11,04;0,67;6,18;-2,91;7,99;4,51
6,93;-0,01;4,67;-1,6;-1,84;-5,65;9,2;-1,93;0;8,92;-7,7;-2,81;0,36;1,08;-2,02;-5,61;-3,61;6,32;9,89;8,23;5,65;-1,23;-4,62;-0,92;3,09;-4,88;1,55;-4,21;-2,74;1,85;5,82;-3,03;4,86;-3,18;10,04;3,09;3,26;-0,15;-2,19;4,04;-3,2;-5,5;8,45;6,8;6;9,26;-8,1;3;-2,33;0,33;3,9
0,74;-6,97;8,81;-2,43;5,21;-7,72;7,27;-0,6;3,68;10,41;9,11;-5,07;-2,41;-1,64;-0,92;-6,22;5,26;2,57;-0,64;-2,34;-2,06;-1,55;-0,93;-6,74;1,62;-9,24;3,79;-2,85;5;2,96;11,75;3,42;-4,02;-0,23;0,93;5,92;0,83;0,51;-4,16;-3,13;4,2;-2,79;6,5;0,36;-4,39;6,58;-5,61;3,04;-1,09;-1,44;1,64
9,92;1,58;3,65;-2,57;0,55;-5,74;17,27;4,33;1,54;0,77;-16,09;-17,37;-1,52;-4,19;5,13;-6,86;6,63;4,85;6,31;21,69;4,55;2,35;-9,97;-6,16;5,06;-1,36;1,5;-16,08;1,92;-5,03;8,36;1,28;2,42;1,99;-0,06;4,07;1,15;-6,17;-5,2;-4,81;-4,77;1,96;8,06;4,12;3,95;6,51;-5,71;5,38;1,11;0,77;1,81
-2,03;-0,61;14,25;-7,63;4,12;2,8;13,72;-2,1;14,6;1,6;-10,58;-22,6;3,88;-13,06;0,77;2,04;4,27;3,93;13,4;13,34;6,41;-2,96;-2,24;-7,71;-10,09;-9,97;9,83;-12,46;12,47;-2,12;25,16;10,02;6,03;1,08;-0,81;6,32;8,64;-12,82;-25,24;-14,41;-8,16;4,02;6,11;-0,75;-2,56;8,77;-5,44;-0,12;-0,56;10,98;2,14
13,65;-0,45;2,63;5,45;0,24;-5,96;1,78;-0,83;-13,12;1,99;-1,97;4,48;-3,06;8,68;-1,44;-3,19;0,55;8,02;-3,9;6,49;6,54;-2,87;-5,31;-6,7;7,95;-7,89;5,46;-2,67;7,6;-0,24;19,15;7,85;8,54;-0,14;-0,09;5,19;-1,59;3,11;-16,97;-8,75;-6,49;2,88;-2,9;3,4;1,13;7,85;1,84;1,75;-3,42;10,32;3,58
13,33;0,03;5,5;-1,64;0,7;-6,59;14,33;-1,31;-0,59;12,73;-14,62;-14,1;-2,1;-5,18;-5,44;-1,34;6,19;8,88;11,5;17,81;6,17;0,11;-11,9;-12,01;10,45;-12,36;3,14;-13,04;3,07;-0,66;23,41;0,83;-7,17;-5,91;0,7;6,85;-1,6;-2,6;-13,37;-7,54;7,69;1,32;6,05;0,98;-6,02;8,62;-4,95;0,87;-2,97;5,04;1,23
2,47;2,97;-1,1;5,81;-2,49;-6,45;3,41;2,1;-2,76;1,33;-1,45;-1,93;7,2;2,6;-1,25;2,64;1,25;1,83;-2,58;5;1,56;-4,27;2,18;-7,33;1,73;-10,57;8,3;7,63;2,34;-1,99;12,49;4,4;3,3;-2,42;2,15;-1,17;7,84;-2,53;-11,75;-12,83;-6,34;1,58;-10,71;0,27;0,61;8,79;11,35;-0,07;-4,37;9,46;1,24
7,43;-4,97;7,7;-0,65;1,23;0,75;20,9;2,84;2,09;4,86;-11,28;-21,07;1,85;-13,36;-0,08;-3,71;5,35;4,72;12,89;28,02;-0,1;-1,88;-24,27;-6,04;0,28;-10,3;4,19;-16,67;5,56;2,65;16,6;8,67;8,38;-1,11;2,79;4,45;3,12;-1,92;-7,14;-6,46;-3,04;-6,55;5,68;2,36;0,05;7,21;-5,39;-2,15;-1,6;3,86;1,76
11,39;6,78;-3,64;0,84;0,57;1,05;13,6;5,93;4,13;3,9;-11,99;-10,67;-2,36;-12,93;-0,47;0,58;-0,53;8,1;12,78;17,45;-2,17;4,34;-14,37;1,61;9,75;-2,68;0,11;-15,55;-6,46;-1,09;-11,91;6,48;3,53;3,1;0,39;-3,14;-0,73;-3,27;6,38;-6,99;-1,82;1,07;-0,3;-5,09;0,75;2,45;7,17;2,28;1,47;1,18;1,37
3,01;-1,4;1,24;-6,66;5,74;1,93;11,29;3,5;8,31;-0,36;-8,22;-4,9;1,56;-6,73;-1,17;-3,94;-0,65;5,4;12,35;13,58;0,48;2,39;-3,48;-6,03;-1,92;0,06;2,32;-2,98;0,89;3,03;1,52;11,01;10,34;1,55;0,45;-0,23;4,01;-1,68;-3,7;-5,93;-3,27;-3,56;-2,47;0,87;0,52;2,58;3,77;0,38;-1,36;2,39;3,18
6,25;4,42;-6,52;-1,64;-0,61;-5,99;4,69;-2,89;6,99;3,67;-12,61;-1,23;3,14;3,87;0,75;3,85;3,44;5,68;3,39;7,26;6,32;3,98;7,79;0,86;3,72;-3,97;-3,89;-0,94;-10,28;0,76;-13,71;0,07;-3,65;2,66;-5,76;-3,92;4,75;-8,68;11,43;-12,53;-2,28;8,9;6,01;-1,14;-5,58;6,76;-6,95;4,44;0;-5,55;0,02
4,7;3,14;5,22;-4,73;11,04;-7,59;9,36;-3,34;7,72;8,09;1,81;-11,47;-0,5;-11,02;-0,17;-6,84;6,22;4,42;7,14;2,65;7,43;2,8;-6,76;-6,02;4,7;-9,35;5,53;-4,78;3,66;1,81;7,24;-1,52;0,81;0,14;-0,7;6,55;-3,46;0,67;-10,15;-4,91;-1,64;2,08;2,84;6,5;-3,32;10,66;2,45;4,76;-0,44;6,43;3,48
7,31;1,12;5,79;-7,38;1,86;-2,82;17;2,67;-3,67;0,45;-8,19;-14,45;-4,87;-8,67;0,85;-10,74;1,86;7,88;13,91;17,86;6,55;-0,52;-15,29;-5,01;6,06;-5,62;-0,24;-15,73;5,07;7,5;17,66;6,72;8,12;1,22;1,21;5,98;0,7;2,67;-12,5;-2,46;-1,14;-5,02;7,35;5,38;-0,24;6,65;-5,19;1,67;-2,43;7,48;3,27
3,86;4,05;2,99;1,04;-4,94;0,88;7,78;-0,04;1,28;6,84;-7,51;-1,01;3,24;-0,19;-4,91;-3,05;3,49;3,36;12,25;12;8,04;0,72;-6,41;-7,13;-2,73;-7,83;2,89;-4,65;3,41;3,04;11,53;-2,34;-6,08;-2,98;2,75;4,25;6,99;0,91;-13,36;-0,55;5,22;-0,63;4,04;4,87;2;8,7;-7,31;5,15;-3,42;4,51;3,91
3,73;4,39;3,29;-4,99;-3,34;-1,56;13,92;8,51;7,65;0,63;-15,65;-12,53;7,35;-3,37;-2,65;2,69;-1,45;9,09;13,18;16,61;-0,75;0,55;3,31;-4,62;-4,21;0,7;7;-5,82;3,71;-3,23;11,38;4,34;4,88;-3,31;10,4;3,87;12,87;-14,22;-3,7;-0,02;1,38;-6,71;6,81;-5,3;11,08;1,72;-3,56;1,05;0,58;-0,22;5,61
-0,37;7,93;-1,08;-1,68;-2,72;1,22;12,51;-0,72;5,77;4,54;-11,82;-17,23;7,18;-7,38;0,15;-6,1;0,69;-0,03;5,98;16,74;6,14;-4,33;-2,55;-4,01;-3;-0,27;5,14;-7,34;5,38;0,13;21,12;0,47;2,81;-6,28;4,36;5,51;7,54;-9,53;-19,51;3,65;3,65;-5,15;-7,26;8,01;2,95;4,73;6,06;-1,13;-2,1;10,53;2,84
10,26;2,1;3,02;-6,22;-11,05;5,59;26,91;-8,7;15,48;9,07;-26,77;-27,42;3,37;-6,33;0,9;-2,36;6,79;6,8;19,16;32,1;4,62;4,75;-8,94;-2,14;-13,99;-3,72;-1,81;-29,2;-2,79;-1,47;5,94;0,03;-1,08;0,58;-2,17;5,28;21,72;-16,6;4,64;-4,22;2,55;4,25;18,83;1,64;-3,24;4,39;-15,38;2,91;1,69;-1,12;2,13
8,94;-1,03;1,08;2,91;2,11;-9,27;10,48;1,07;-3,97;6,61;-10,44;-11,82;-3,58;-6,55;-0,54;-8,51;4,66;3,98;6,9;12,97;10,77;-3,5;-15,87;-9,87;20,08;-4,43;0,72;-9,56;3,92;3,37;23,26;-2,02;-6,77;-0,63;1,92;7,99;-5,43;3,01;-13,12;0,77;4,26;-2,44;2,71;5;-0,94;6,55;0,54;5,62;-2,1;4,99;1,97
6,69;8,61;-4,49;-2,45;2,1;-6,72;8,39;-4;3,51;9,27;-5,15;-3,45;2,28;0,71;-7,26;7,56;4,38;6,17;5,25;7,57;7,08;-0,34;-0,23;-6,46;2,11;-17,23;2,83;-2,58;3,22;2,15;12,45;11,41;-2,69;-1,59;1,55;-0,11;3,63;-2,47;-16,05;-8,78;4,39;2,47;-6,41;-2,78;-4,07;7,26;8,28;-3,93;-2,62;9,69;2,18
5,41;1,98;-1,02;0,02;-0,46;-1,37;6,99;-8,86;-6,8;16,11;-0,2;5,21;4,25;4,46;-3,68;1,33;5,41;6,6;4,26;10,28;5,27;-1,57;-7,81;-3,18;-2,95;-16,78;-0,28;2,35;1,89;-1,68;10,54;2,39;-0,34;-2,64;4,7;1,07;4,12;1,42;-9,67;-5,47;-3,24;4,62;-1,83;4,21;-2,61;14,47;2,48;2,1;-2,69;6,33;4,03
1,65;0,43;-3,05;-9,24;3,6;2,3;12,47;-4,59;13,54;7,39;-11,75;-12,39;-1,54;-10,21;0,26;0,73;4,47;3,89;15,08;11,43;-7;2,37;-0,43;-0,79;-0,85;-8,98;-0,13;-11,42;-10,42;-7,57;-5,97;4,05;0,11;-5,12;3,58;-3,83;3,81;-5,98;20,82;-2,95;0,05;2,67;8,94;4,4;-1,66;7,97;-5,83;-3,48;-1,73;-7,7;-0,83
1,47;1,57;3,35;-14,26;1,66;0,9;17,98;-4,65;19,61;13,62;-15,49;-15,5;9,37;-11,34;-2,19;-4,76;9,69;8,8;23,71;15,46;5,49;-0,09;1,67;-3,83;-9,56;-11,44;-2,89;-5,92;5,85;-1,83;18,15;-2,37;-12,02;-2,06;-3,72;8,14;11,98;-12,37;-9,36;-8,45;2,08;2,26;9,24;2,54;-12,06;9,25;-7,37;5,32;-1,77;3,07;2,54
11,41;-2,04;2,06;-4,89;-0,73;1,72;13,55;-6,12;4,43;5,3;-8,1;-2,56;-3,45;-3,24;4,17;-7,67;4,84;8,97;15,07;12,62;0,12;1,21;-11,98;-5,86;-1,91;-5,35;0,82;-13,68;-0,85;0,44;6,59;-1,8;0,29;-1,23;-0,95;5,23;2,85;0,75;0,51;-2,45;-0,23;3,9;5,86;9,88;-0,18;11,62;-6,3;4,6;-1,02;-3,35;2,88
3,09;2,58;-1,92;-5,1;5,72;-4,72;18,2;-3,9;10,68;9,91;-5,55;-27,08;-1,23;-8,77;-0,99;5,1;4,36;-0,25;6,46;14,9;-0,08;2,62;-10,31;-2,25;2,12;-11,43;-1,08;-17,64;0,95;-6,43;3,72;6,05;0,7;-0,54;-0,36;2,04;3,85;-5,25;-2,22;-12,83;-4,57;9,25;2,84;-3,12;-5,17;8,93;-2,17;1,75;-1,14;1,64;-0,86
-1,71;4,75;-1,82;3,71;9,57;-2,17;7,08;-1,54;1,21;5,81;6,97;-10,74;-3,47;-13,41;-5,23;3,51;5,58;-3,44;-6,94;2,29;-2,63;2,2;-9,01;-7,13;12,28;-11,67;4,2;-4;0,42;5,22;0,76;9,41;2,24;0,67;-1,37;-0,04;-11,19;0,65;-1,98;-9,32;3,19;-0,36;-6,77;0,27;-3,18;6,7;8,73;-2,22;-0,81;4,22;-1,04
12,38;2,38;2,89;1,27;-4,43;-3,59;14,65;-3,1;1,34;4,82;-16,93;-13,63;-4,29;-0,19;-1,36;-2,45;7,73;7,1;10,14;18,52;7,36;-3,06;-8;-8,58;7,29;-14,28;5,27;-13,59;2,35;-2,52;16,01;7,17;9,04;-1,14;-1,85;4,94;6,43;-5,36;-13,63;-18,14;-8,7;7,76;-2,58;1,08;-3,43;12,91;4,43;4,13;-1,67;7,5;1,97
3,62;4,41;1,32;-0,94;-0,21;-2,31;11,98;-8,7;4,36;7,55;-7,98;-15,51;1,67;-4,57;0,29;-5,41;5,84;2,17;3,12;10,33;4,32;0,41;-3,34;-1,22;1,48;-6,85;0,34;-8,92;3,49;3,23;13,12;-5,35;-1,51;-3,21;-1,23;4,45;5,82;-6,81;-12,02;-1;-0,36;2,03;1,88;9,87;-4,08;10,42;-1,06;3,44;-1,29;6,65;1,45
4,24;7,05;-3,66;-3,63;-1,72;-3,82;10,7;0,5;13,21;8,25;-14,18;-9,77;3,88;-1,81;-4,83;-1,33;0,62;8,31;10,09;11,59;4,62;3,12;6,4;1,18;-4,11;-9,12;-0,86;-7,58;-0,65;3,58;1,64;4,63;2,97;-0,97;1,23;3,69;11,17;-13,74;-1,64;-7,11;-0,56;0,18;3,96;2,12;-2,74;6,92;-3,49;0,14;-3,42;-0,67;2,23
5,25;1,26;1,06;-5,84;3,6;4,62;12,46;9,55;0,69;-6,51;-3,43;-9,22;-1,72;-3,44;1,35;-7,72;-4,35;2,23;7,86;12,12;7,09;2,19;-11,16;-9,39;-6,76;3,68;2,46;-13,45;6,41;4,72;14,32;5,91;10,75;-0,55;6,33;3,12;-0,3;4,28;-11,97;2,42;-1,01;-11,5;3,69;0,44;9,96;-0,86;-4,92;0,61;-1,51;4,79;2,32
-1,95;3,82;5,73;-3,28;5,92;-5,88;11,84;2,65;7,71;2,39;1,45;-19,99;-1,69;-13,51;-3,39;2,31;2,81;-4,71;2,93;6,23;17,32;-2,57;-8,61;-7,97;4,26;-2,03;-0,57;-11,71;7,53;4,24;32,63;0,21;1,83;-0,61;1,57;11,79;1,03;2,54;-24,59;-8,4;4,04;-0,42;11,47;-4,21;-2;5,49;-9,25;4,11;1,78;8,78;2,92
9,23;1,47;1,47;-10,11;0,02;1,89;19;-11,58;10,94;12,38;-14,71;-12,37;-4,34;-8,7;2,42;-0,13;8,3;8;20,67;20,83;7,9;-3,06;-10,13;-3,95;2,21;-6,74;5,33;-17,74;7,62;-3,82;22,02;-12,38;-9,56;-2,4;1,23;7,53;4,95;-2,01;-19,28;-0,91;1,3;8,54;-2,76;3,92;-4,57;11,05;4,01;7,01;1,85;9,06;3,85
1,55;2,63;1,28;-3,74;0,04;-6,12;10,65;-7,04;7,87;2,63;-5,46;-14,37;7,33;-3,68;0,82;-7,44;9,71;2,16;5,81;6,98;-0,73;4,24;0,29;-8,1;-4,31;-7,06;3,33;-7,81;2,08;3,77;4,61;0,26;0,88;0,45;-4,01;2,02;7,53;-6,23;-0,61;-3,5;0,4;0,57;1,65;7,76;-1,54;10,3;1,02;5,72;0,58;1,71;2,19
-1,22;3,65;-5,66;-12,41;2,52;0,83;14,06;1,17;9,89;2,19;-12,56;-18,67;9,21;-4,82;-0,74;-2,78;-1,72;2,92;12,86;18,78;-0,52;5,77;-1,72;-1,15;-14,09;-3,53;-2,34;-11,16;-6,78;4,66;-10,59;5,53;2,7;0,48;1,93;-2,61;11,27;-8,34;11,24;-1,21;1,56;-3,51;0,65;1,37;2,02;2,68;0,56;-0,09;-2,61;-0,32;-0,11
5,36;3,69;2,13;-2,56;4,94;-2,57;6,54;6,49;0,79;2,66;-4,29;-10,54;-0,13;-5,97;-3,31;1,38;1,4;1,29;2,96;9,1;7,89;1,76;-7;-6,03;1,41;0,75;1,6;-9,54;4,59;-1,22;14,84;11,05;2,4;-0,18;4,64;7,32;-1,1;3,57;-11,29;-3,79;6,35;-8,62;4,39;-11,07;3,75;-3,05;-3,07;0,25;2,41;4,38;2,7
6,14;4,2;-7,65;-9,44;-0,5;3,42;25,06;1,56;8,96;7,12;-21,35;-23,45;2,08;-13,43;0,77;1,4;3,16;6,27;23,26;30,62;5,4;4,96;-20,65;-1,84;-5,41;-7,57;-4,56;-22,08;-10,01;-2,94;-9,96;6,29;3,45;-1,63;4,37;-2,59;8,69;-5,75;11,44;-7,63;-2,41;-1,65;1,76;-2,47;-2,1;5,68;-1,77;-2,43;0,43;-3,13;-1,04
9,43;0,24;4,1;-6,92;1,31;5,74;23,38;1,84;1,61;9,88;-16,59;-22,13;-1,78;-10,51;-0,6;-10,82;3,52;7,69;17,37;27,35;8,49;-1,36;-21,48;-8,73;-6,45;1,47;7,12;-23,18;3,94;4,59;15,46;-6,97;-5,14;-2,9;2,17;3,09;3,81;-1,21;-14,73;4,82;4,2;-9,85;0,83;6,31;-2,62;4,22;-2,52;4,6;-1,05;7,94;1,68
8,99;1,32;3,16;-3,34;-2,61;1,69;22,97;-4,48;12,32;0,22;-21,27;-19,68;-2,91;-9,8;5,13;1,27;5,04;4,64;17,07;23,47;9,11;-3,98;-10,23;-8,33;1,77;-1,95;6,48;-19,99;8,62;-0,98;23,15;1,34;1,03;2,34;0,73;5,84;6,67;-8,94;-23,34;-1,99;-5,01;0,75;-4,77;1,5;1,99;6,12;1,7;1,88;2,1;10,88;2,66
8,45;10,96;-2,85;9,25;-2,53;-4,5;14,15;9,29;-6,08;-5,16;-7,91;-22,71;-0,78;-8,91;-1,25;1,56;-0,38;1,56;1,58;21,27;3,53;3,66;-22,01;-1,77;10,03;-2,63;0,64;-15,29;-4,54;-3,39;-2,53;14,55;14,46;-1,87;4,76;-1,64;3,67;-0,76;-4,65;-10,61;-6,96;-5,47;-0,14;-5,99;7,78;2,95;0,96;0,07;-1,06;3,99;-0,32
1,08;-2,67;5,88;6,46;4,6;-7,78;-0,37;-0,45;-7,61;0,16;5,88;-2,46;2,25;4,64;-1,18;0,22;6,52;0,09;-10,08;-1,34;7,01;-3,94;0,66;-13,31;1,57;-2,8;3,78;4,01;2,16;2,69;27,03;1,23;0,1;-0,06;2,78;5,62;-0,75;-1,93;-10,28;0,12;0,33;-4,12;8,8;2,01;0,59;6,17;-8,34;2,21;-0,08;3,44;2,83
6,37;1,51;0,11;-15,4;2,22;0,3;21,12;3,22;12,76;11,68;-17,12;-13,44;5,42;-3,65;-4,25;8,43;4,88;12,18;20,58;22,17;0,9;-0,11;-4,09;-4,48;-12,26;-9,53;1,96;-12,54;1,65;-3,08;8,79;12,94;2,72;6,15;-4,35;2,79;12,7;-9,25;-5,59;-24,01;-2,53;8,74;-1,56;-13,78;-7,79;4,76;4,47;3,11;3,25;5,66;3,2
10,42;2,51;5,66;0,61;1,61;-0,63;1,37;0,95;-18,35;10,69;-1,01;9,22;-10,9;5,36;-0,07;-9,48;-0,66;4,65;0,16;6,13;7,35;1,43;-10,75;-5,76;12,23;-3,57;-2,47;-3,27;1,6;3,65;17,52;0,27;4,08;-1,96;4,14;4,71;-8,16;18;-8,61;2,63;5,36;-2,81;14,98;7,51;2,59;5,5;-13,71;0,98;-1,22;2,7;4,51
-4,82;3,52;-1,33;-1,75;4,77;-1,55;7,08;-0,01;11,31;9,01;-3,51;-10,55;10,98;-11,73;-2,1;-7,02;7,7;1,72;7,94;4,31;2,31;2,72;0,55;-0,02;-3;-3,43;0,84;2,29;2,59;3,82;0,97;0,26;-5,72;3,12;-0,6;4,87;3,45;-6,82;-1,73;-4,02;1,99;-0,75;1,58;3,1;-7,14;8,43;2,12;8,08;-1,13;2,54;2,87
9,35;5,02;0,27;0,89;-2,61;-8,27;7,28;0,43;-4,18;3,6;-4,71;-4,99;-2;0,68;1,35;-6,06;1,68;6;3,58;7,81;5,03;4,69;-2,25;1,03;9,02;-5,67;-2,32;-5,07;0,93;4,08;0,02;4,8;1,11;1,45;-1,16;3,45;2,49;0,09;-1,77;-7,17;-2,26;0,84;6,26;4,68;-4,67;6,14;-1,94;1,41;-2,8;3,66;2,71
10,28;2,22;-1,75;-7,05;-2,99;1,32;14,02;0,48;6,73;8,56;-18,27;-12,58;-1,69;0,07;-1,94;-7,12;6,37;8,83;12,97;19,85;3,4;3,47;-4,86;5,1;-3,63;-3,97;-2,62;-18,45;-0,47;2,4;-3,25;-5,2;-8,66;-4,18;3,25;1,43;8,48;-7,9;1,12;5,41;9,13;-4,48;5,08;6,28;-1,64;5,03;-5,46;2,49;-1,8;1,62;1,97
3,51;3,96;1,94;1,74;3,9;-0,4;15,18;0,16;6,25;-0,37;-6,27;-25,29;0,85;-17,78;-2,4;-1,12;0,24;0,48;6,68;16,12;10,07;3,29;-15,01;-7,64;5,8;-9,52;0,69;-13,62;9,07;6,54;23,92;11,86;2,73;-1,46;2,18;11,92;-1,66;-3,83;-15,34;-4,97;1,56;-5,22;10,76;-2,75;-0,35;3,36;-11,5;-1,44;-4,05;3,65;1,02
14,73;0,75;-1,54;-5,57;1,27;1,17;21,45;0,62;2,64;11,73;-15,63;-12,42;-5,74;-2,09;-6,15;3,29;4,14;11,18;13,64;21,05;7,04;-2,93;-10,94;-9,66;-1,93;-16,99;3,95;-18,56;1,03;-2,97;14,83;12,37;2,7;-1,93;1,28;6,25;7,34;-2,57;-7,34;-15,68;0,95;5,09;-4,58;-6,95;-2,9;7,54;5,87;0,64;-2,54;1,5;2,27
9,52;3,89;-0,92;-3,05;-1,04;-1,11;19,98;-0,5;6,3;1,61;-16,81;-14,62;-2,86;-6,21;-2,83;-1,9;6,9;5,92;15,5;19,44;-7,59;2,57;-11,81;0,65;1,98;-10,81;3,33;-17,82;-2,95;4,89;-5,66;3,59;-6,01;-1,04;1,24;-1,38;3,87;-4,31;5,17;-4,36;2,21;-2,84;-2,3;-0,41;-1,13;8,44;3,92;4,76;-2,42;-0,22;0,2
1,74;-3,18;-0,37;13,89;-2,62;-6,48;2,59;4,8;-6;4,02;4,16;-4,58;6,93;-3,14;-5,04;-8,83;0,77;-0,79;-7,8;3,77;2,26;7,64;-6,36;1,5;10,52;-6,54;-4,36;6,09;0,16;8,38;-8,2;6,3;2,01;-0,71;0,66;1,99;2,69;-0,98;3,42;-5,92;4,22;-5,74;8,55;3,13;-3,82;5,93;-10,46;2,68;-3,02;-1,17;0,66
8,63;4,91;0,12;0,69;-0,29;-5,25;13,62;-5,52;0,28;13,91;-3,94;-7,84;-3,87;-5,15;-3,24;-3,86;9,28;2,99;5,97;11,99;2,45;3,22;-11,81;2,19;8,75;-17,18;-0,21;-10,68;1,01;1,76;2,02;1,72;-6,31;-3,11;-2,89;2,74;0,41;3,49;-4,63;-10,85;4,1;3,97;3,18;4,94;-9,99;12,65;0,18;2,23;-2,72;4,61;1,27
6,35;1,07;2,63;-6,04;-3,19;3,04;22,39;0,58;14,36;6,96;-21,57;-23,56;5,4;-11,98;-3,54;0;2,84;5,3;21,6;26,38;5,89;-2,17;-11,4;-15,97;-4,45;-10,56;8,99;-17,76;10,53;0,61;24,71;13,24;8,78;1,58;-1,38;7,94;11,52;-10,95;-18,87;-15,36;-5,36;2,27;-4,71;-2,45;-6,02;6,32;6,5;0,1;-1,25;7,65;2,31
-0,77;1,74;6,75;-3,76;-4,24;0,16;14,6;-3,41;8,6;6,48;-14,38;-6,62;0,96;-6,35;-2,03;-8,04;1,54;1,79;15,74;14,05;4,2;2,78;1,15;-4,62;3,24;-5,78;-4,47;-4,95;1,83;11,34;13,78;-0,47;-1,88;0,06;1,22;7,73;6,99;-2,21;-3,13;4,64;7,53;-1,5;15,69;11,16;-1,33;7,11;-10,71;1,02;-3,36;0,26;5,24
1,92;-5,87;8,3;1,23;1,63;-3,89;18;-5,32;0,42;12,24;-5,52;-16,16;-0,9;-9,03;-2,86;2,78;10,6;-1,5;6,51;15,12;4,16;-2,31;-10,43;-12,33;2,81;-15,52;6,24;-10,57;5,72;-6,43;18,5;3,87;-3,87;-1,14;-1,02;9,82;3,71;2,6;-15,96;-15,36;-2,99;4,26;-3,04;-5,81;-6,22;10,96;2,64;5,81;1,09;6,09;0,3
13,38;1;-0,36;-4,23;-1,71;-2,28;18,97;-5,09;4,64;1,45;-16,51;-16,28;-7,09;-6,63;2,77;-6,79;5,47;10,16;18,57;21,65;6,51;2,37;-14,72;-5,16;8,3;-4,2;-1,82;-20,85;0,74;4,33;12,3;-4,78;-1,71;-2,34;-1,7;2,42;4,79;-1,79;-3,44;-0,8;-0,91;1,18;9,21;11,67;-4,16;10,94;-7,19;2,75;-3,09;3,44;2,37
15,01;4,9;-5,38;-8,18;-2,51;5,99;24,3;-4,74;8,32;6,86;-31,58;-27,28;0,23;-9,7;2,44;0,8;4,61;10,64;21,58;33,89;-5,42;6,69;-16,74;0,28;-5,51;-5,41;1,57;-29,64;0,31;-3,49;-11,7;2,27;1,77;0,75;-2,77;-4,18;6,11;-13,68;5,02;-8,72;-0,58;9,94;-4,79;2,09;-2,77;8,26;11;2,98;0,58;4,24;0,58
1,96;1,54;2,18;5,42;0,41;-7,83;0,73;-1,57;-3,83;5,05;2,47;-0,74;7,03;5,68;0,76;-0,54;4,94;0,97;-7,47;1,41;1,28;2,31;0,89;1,45;-0,26;-9,8;-0,27;5,75;0,66;-1,52;2,8;5,15;2,7;2,48;-7,45;1,14;3,63;-2,91;-0,72;-19,64;-6,27;13,04;9,37;3,94;-9,05;11,2;-7,32;1,98;-1,27;0,3;1,51
-2,63;3,03;-1,01;3,9;2,31;-6,1;11,32;5,78;3,57;1,39;-7,03;-7,38;6,17;-7,63;-1,62;-0,24;0,54;0,02;2,59;11,85;4,72;7,82;-3,76;-0,79;3,75;-0,13;-1,44;1,65;2,71;5,58;-1,55;7,27;4,83;1,4;3,58;3,39;1,92;-7,25;-3,88;-3,81;0,33;-6,54;6,31;-1,41;0,99;1,82;-5,72;-0,67;0,27;1,96;2,88
2,07;-0,81;5,81;0,21;2,16;-1,3;17,53;1,57;15,34;8,05;-11,52;-20,78;2,97;-17,97;0,88;-1,57;-1,77;0,92;8,88;16,7;3,46;0,77;-5,39;-8,99;6,17;-3,32;1,38;-7,93;6;-0,92;18,44;9,38;10,65;2,55;0,42;8,46;4,56;-11,91;-9,06;-8,17;-1,83;4,84;6,61;-2,23;-0,57;2,45;-5,94;-0,61;0,76;3,52;3,34
8,01;0,75;0,94;-8,83;0,49;7,7;20,83;2,94;5,04;3,53;-18,03;-18,13;0,83;-8,79;-5,64;-5,38;-1,38;5,93;19,41;29;9,33;-2,21;-13,79;-4,62;-8,18;-9,41;-3,88;-20,2;-1,72;5,93;14;9,62;3,91;-0,71;2,95;6,14;7,72;-2,66;-7,42;-2,93;0,64;-3,59;3,66;-0,04;3,29;4,21;-1,52;2,47;-5,67;3,99;1,39
6,89;3,34;3,6;3,87;-7,25;-7,15;13,48;0,38;-1,31;3,3;-17,44;-9,25;6,02;1,59;-0,54;0,04;6,25;3,4;8,73;19,28;9,06;-1,11;-3,3;-4,7;6,08;-6,82;1,44;0,4;0,81;-3,26;16,03;-0,05;0,92;-1,08;-1,29;2,68;9,55;-6,14;-11,44;-15,26;-7,87;3,82;6,95;-1,61;-2,46;11,29;-2,04;7,83;-1;7,46;3,42
-2,79;4,86;2,42;4,18;2,53;-2,74;10,55;1,31;-2,71;-1,17;-3,92;-13,65;9,75;-9,22;-2,19;-2,53;-1,29;-2,01;0,41;13,59;-4,18;4,8;-9,11;-0,81;2,07;-3,08;2,05;4,32;0,52;1,56;2,05;10,42;5,41;-0,73;3,59;0,38;2,19;-1,72;4,02;1,11;0,09;-6,64;13,27;-0,76;4,74;-0,28;-9,67;-1,79;-2,3;-2,05;1,75
13,71;3,36;4,23;2,8;-3,27;-9,08;15,08;2,02;-11,01;0,96;-9,61;-9,57;-3,26;3,66;1,16;0,79;1,91;11,43;9,2;16,83;4,71;3,47;-18,3;-6,36;5,88;-6,2;-0,6;-14,35;1,59;1,27;19,18;9,49;9,92;3,92;-3,77;5,13;3,92;1,94;-7,03;-14,87;-5,42;5,17;19,65;1,53;-2,07;7,13;-16,6;-0,48;-0,22;0,71;3,47
6,21;1,38;0,83;-0,77;-3,2;-0,43;15,14;-2,79;2,81;12,45;-12,08;-13,68;1,76;-8,11;0,29;-2,15;6,04;4,41;11,81;19,7;6,73;-0,37;-8,62;-3,08;3,58;-5,14;-5,12;-10,99;-4,56;-0,74;10,2;-7,14;-13,16;1,16;-5,63;2,3;6,01;-3,2;-1,44;-8,66;3,62;9,71;9,88;4,44;-10,66;8,49;-10,15;6,82;-1,58;-0,04;0,73
7,7;0,12;1,17;-17,71;3,41;5,4;19,97;-5,82;10,48;4,32;-25,17;-23,05;-1,44;-7,37;-1,62;-0,73;12,4;9,21;20,46;27,4;-0,38;-0,52;-5,51;-5,27;-10,99;-10,48;3,67;-26,32;4,16;-1,02;7,27;1,82;-4,64;-1,18;0,44;2,05;5,22;-10,78;-8,74;-8,32;-4,87;1,64;-5,9;2,32;-2,74;14,38;5,86;8,47;-1,9;7,69;-0,32
14,4;5,05;-0,41;-0,24;1,44;-2,81;11,04;0,73;-8,81;0,18;-10,31;-9,86;-5,54;2,36;1,6;-5,1;2,29;7,2;3,35;17,37;10,82;-0,48;-14,23;-1,33;4,09;-3,54;-3,97;-13,43;-2,02;0,47;17,26;4,02;5,02;-0,66;0,88;6,34;-0,85;2,41;-6,98;-2,84;-4,26;-1,7;12,2;8,77;0,45;7,93;-11,23;0,05;-3,1;2,77;2,66
-2,88;1,18;2,91;-11,53;1,23;8,23;16,49;-6,11;14;21,37;-11,47;-16,79;7,86;-10,23;-0,78;1,98;6,86;4,62;16,06;18,43;4,72;-0,36;-1,94;-8,01;-16,14;-9;0,41;-12,53;3,51;-3,75;18,19;-8,95;-11,28;1,26;-0,75;6,27;12,17;-9,86;-10,47;-7,54;5,69;13,51;4,92;-1,43;-7,17;10,06;-1,96;8,21;3,86;4,05;2,82
6,14;9,01;-9,43;-10,36;-0,06;-4,41;16,37;-6,26;5,33;-1,96;-9,92;-13,8;-0,41;-2,71;1,67;-0,17;1,32;7,57;14,54;15,47;-5,55;7,54;-3,58;6,51;-0,52;-4,01;-3,56;-12,89;-8,05;3,23;-18,04;5,17;8,65;-1,24;3,42;-2,51;8,19;-1;15,58;1,5;-5,58;3,16;3,85;10,13;3,96;8,78;-3,62;-1,98;-2,39;-7,57;1,69
7,99;4,64;1,64;-10,38;-3,46;-4,45;18,05;-2,17;11,68;16,74;-23,08;-17,97;-0,52;-4,1;-1,78;-2,8;12,12;9,42;20,15;21,5;7,43;-2,09;-2,38;-8,89;-2,44;-16,28;4,57;-18,92;2,41;-1,67;18,35;-3,39;-15,99;-0,33;-4,56;4,78;10,27;-11,22;-16,4;-13,52;7,19;8,4;-3,3;0,72;-13,49;11,42;6,87;5,68;-0,81;10,21;0,77
-2,95;0,52;-1,29;-11,71;3,02;-0,1;21,34;-2,06;21,2;5,04;-17,65;-24,06;4,04;-10,14;-0,43;-3,33;7,19;5,81;19,65;16,44;10,21;-0,79;3,73;-11,38;-9,66;-7,45;3,43;-12,8;2,16;0,97;12,66;-2,64;-8,63;0,29;-3,27;5,08;12,11;-15,98;-12,35;-6,78;1,75;2,01;-5,22;2,2;-6,89;7,6;5,02;4,05;-0,31;7,05;-0,01
2,54;2,65;1,7;-3,04;1,54;-6,07;7,5;-3,49;2,06;11,73;-5,58;-11,44;3,3;-3,89;1;2,44;4,43;4,43;4,03;7,61;3,57;3,28;-3,46;-7,57;2,28;-14,81;3,01;-6,08;5,43;-7,53;8,05;8,01;0,03;-2,14;5,57;4,46;1,75;-5,18;-11,53;-8,97;-4,46;4,62;-3,54;-3,26;0,52;10,15;7,48;0,84;-1,72;5,84;1,01
14,45;1,73;-1,48;-15,22;-3,46;1,9;26,35;-5,22;12,43;6,77;-29,7;-24,38;-4,41;-6,69;2,48;2,19;4,97;14,6;26,14;31,48;0,72;-1,62;-12,31;-5,88;-3,38;-1,56;5,08;-30,03;7,24;-1,23;16,31;-8,93;-1,25;0,42;-2,49;1,96;11,46;-10,47;-13,86;-5,11;1,1;9,66;-4,86;5,6;-3,59;9,79;5,67;3,43;3,51;9,49;2,68
2,27;7,53;-3,78;3,13;3,06;-6,63;5,69;1,75;-6,01;1,03;0,7;-12,2;-0,68;-0,19;-3,06;-5,19;1,72;-3,15;-5,41;6,31;4,93;2,32;-8,4;-4,4;3,71;-5,17;1,56;-5,66;-3,97;6,18;0,87;9,32;4,86;-0,28;0,79;-3,44;-3,01;3,63;-4,64;1,29;3,81;-5,72;-0,85;8,23;1,36;2,84;1,38;-4,56;-3,76;3,08;-0,3
5;-0,05;5,17;-8,68;1,65;1,96;15,19;1,28;6,25;-3,41;-11,93;-16,96;-2,2;-8,67;-3,38;0,51;-1,51;3,85;14,34;16,72;9,35;4,39;-11,05;-8,13;-3,75;-5,51;-2,98;-18,22;0,47;8,11;11,71;18,04;17,32;3,47;0,63;8,54;3,74;-1,05;-4,12;-6,11;-4,35;-7,23;15,56;-2,1;2,52;1,42;-13,92;-4,14;-1,24;-2,11;2,15
6,36;4,07;-0,51;-0,33;-2,55;-5,01;16,83;-0,69;10,47;6,9;-14,35;-14,54;-0,06;-6,83;-3,43;-0,29;5,88;5,89;12,81;16,33;-2,94;0,19;-4,62;-4;4,48;-8,77;0,94;-10,81;-3,48;0,84;1,96;1,07;-2,66;-1,46;1,81;-2,32;9,04;-8,92;5,45;-5,12;-0,05;0,06;5,85;2,85;-2,52;8,51;-1;2,25;-1,39;-0,21;1,13
0,73;9,49;1,72;-1,44;0,53;0,18;7,25;-0,12;0,68;3,94;-6,95;-6,09;4,35;-5,55;-2,86;6,23;5,25;2,17;9,17;12,47;10,46;-2,64;-4,77;-3,25;-0,97;-11,96;7,86;-5,49;5,23;-1,82;17,98;16,14;2,38;2,68;-3,73;7,83;1,3;0,19;-20,13;-17,31;-0,84;7,09;-3,52;-4,06;-7,07;5,84;9,02;-3,55;-0,73;10,67;3,73
11,66;3,66;1,02;-11,32;-4,55;7,84;33,4;-3,94;12,24;6,25;-26,02;-32,14;4,18;-8,22;-0,47;2,05;9,51;10,59;25,85;39,67;6,67;-0,18;-22,99;-4,15;-20,92;-13,23;4,54;-30,76;4,15;-7,08;15,03;2,33;-2,77;-1,99;-1,59;2,56;17,75;-15,43;-9,66;-15,05;-7,92;8,04;4,99;1,44;-4,26;14,01;-2,44;5,38;-1,41;5,4;0,77
2,42;3,41;1,04;-17,29;2,56;-2,15;26,73;-0,77;28,66;0,74;-15,82;-25,91;3,63;-14,09;-2,47;-0,07;2,95;6,27;25,95;22,16;9;-2,43;-2,64;-13,11;-9,73;-8,58;9,31;-23,64;8,74;0,64;22,52;11,68;9,64;-1,08;0,23;4,03;16,07;-11,08;-23,86;-8,81;-3,78;-0,17;-9,81;1,5;1,55;6,46;10,69;-1,37;-1,78;12,99;3,47
11,06;3,69;0,66;-5,74;0,08;-3,49;19,52;0,44;3,44;2,95;-18,15;-19,03;-2,18;-5,54;-4,01;-5,64;-0,42;8,83;15,96;23,07;3,84;1,25;-15,03;-1,43;6,55;-7,58;-0,22;-18,89;1,62;2,74;9,64;5,3;4,29;-2,81;3,32;3,17;3,2;-4,52;-6,32;-4,6;1,11;0,31;7,78;2,86;3,61;7,27;-8,27;3,48;-4,04;1,44;1,97
11,61;0,44;3,22;-1,69;-6,25;-0,61;15,18;5,92;5,94;1,65;-20,4;-14,1;-0,21;-2,05;-3,11;-2,3;-2,6;7,66;16,75;21,83;8,13;-2;-10,1;-6,24;0,64;-4,61;0,61;-19,95;-2,04;6,79;9,8;7,13;4,77;-1;2,58;2,71;10,93;-4,81;-5,72;-8,13;3,42;-4,18;3,13;-4,62;1,12;2,17;-3,51;1,11;-1,3;2,7;2
-3,34;-0,79;2,43;14,55;5,12;-11,29;-4,9;-1,58;-6,4;4,57;16,96;0,32;7,38;-4,19;-0,61;-7,72;4,78;-5,94;-17,17;-10,63;3,49;-0,5;-1,4;-8,63;8,31;-6,05;-0,36;14,37;-0,22;1,58;16,64;6,51;2,03;-2,05;-1,21;4,62;-5,63;2,74;-3,49;-4,76;4,37;-1,67;8,7;4,95;-4,55;6,37;-9,05;0,53;-1,94;-0,5;1,16
-3,87;5,94;-2,85;6,8;2,13;-1,49;-0,5;-1,89;-13,85;7,77;6,56;3,64;6,46;4,15;-3,42;-3;7,87;-2,59;-8,71;5,17;4,06;2,71;0,23;-1,85;0,95;-8,32;4,09;11,9;4,46;-1,27;4,58;0,5;-8,18;-2,63;-3,49;2,74;1,18;6,9;-10,48;-9,31;9,88;2,29;-3,6;-4,77;-6,29;4,43;3,73;5,18;0,67;5,91;2,06
9,01;1,86;-2,27;1,34;-0,65;-10,73;10,18;-2,91;-12,3;8,28;-0,62;-4,67;-4,71;1,04;-0,87;2,01;5,49;3,32;1,09;8,76;4,73;2,26;-9,81;-5,78;12,11;-8,33;-3,22;-5,91;-2,38;1,19;7,39;4,23;0,64;1,4;1,48;2,46;-1,96;9,7;1,07;-9,34;-0,33;2,01;6,23;-1,79;-4,68;8,49;-4,12;1,56;-0,07;-0,8;1,32
9,65;3,71;-0,41;-8,29;-2,53;-3,34;21,42;-2,81;-1,71;6,24;-16,04;-15,75;-1,49;-2,35;-0,85;0,99;4;6,83;17,87;24,23;8,76;-2,76;-13,79;-3,25;-0,45;-10,68;0,7;-16,02;-4,02;1,98;9,27;7,25;2,82;-1,44;0,38;4,35;8,34;3,89;-2,94;-7,14;0,01;1,19;2,3;1,68;-2,85;7,92;1,27;-2,51;-1,25;1,89;2,28
4,75;0,32;5,74;-4,88;-1,67;-2,75;9,94;6,78;3,11;8,53;-7,97;-1,19;4,89;5,14;-1,91;1,25;6,33;4,42;4,5;9,19;7,26;-0,75;0,48;-5,12;-8,11;-11,61;-0,33;-3,95;2,04;-8,27;17,37;11,39;2,5;0,07;-2,27;9,73;5,77;-4,31;-4,42;-21,14;2,07;5,79;13,62;-6,16;-4,96;7;-10,09;0,82;0,46;-1,29;3,09
7,82;1,42;3,95;-13,51;-7,25;4,33;32,98;-2,56;22,98;13,98;-30,84;-32,2;1,93;-14,32;-1,79;-1,31;6,34;8,3;31,32;38,85;3,51;-2,98;-13,52;-5,69;-8,72;-9,81;5,45;-32,76;-1,02;0,01;9,34;-6,7;-9,86;-1,36;1,29;2,93;19,86;-16,01;-10,15;-5,8;2,1;2,64;-4,01;3,53;-6,4;11,13;4,49;5,66;-0,87;3,66;0,93
-5,05;6,57;-9,73;4,43;-1,98;-2,32;11,72;-2,61;1,21;10,13;-8,94;-8,7;7,45;-2,89;-0,09;-6,83;5,13;-2,89;5,71;12,63;-5,76;3,01;0,7;5,42;-1,89;-5,66;-5,66;5,34;-10,79;5,73;-18,79;-2,53;2,28;0,58;3,31;-8,29;7,27;-5,36;14,94;3,16;1,5;-1,15;-4,52;12,58;0,52;11,24;8,82;2,17;-1,5;-2,9;2,05
8,55;1,98;3,49;-7,32;-1,51;-5,71;14,45;-2,04;3,85;-2,21;-13,8;-14,52;-4,88;-1,8;0,86;1,33;4,13;5,35;9,7;15,52;-2,89;2,93;-4,27;4,16;3,77;-2,94;-0,9;-17,31;7,8;2,82;11,28;2,59;5,08;0,29;0,83;4,47;3,99;-4,14;-2,61;-4,98;-3,86;-1,86;14,73;0,6;1,14;5,8;-11,65;1,68;1,56;1,93;2,3
9,83;0,78;-2,43;-1,72;-1,85;-5,03;8,69;2,18;-7,85;1,24;-10,12;-6,75;-4,39;3,54;-2,01;-6,87;0,15;8,02;2,03;16,8;8,59;4,36;-5,68;0,49;6,4;2,82;-9,16;-10;-7,24;5,73;-4,04;-6,12;-4,04;-3,06;6,08;1,25;2,25;-1,02;8,45;6,95;3,52;-5,04;11,93;8,73;4,22;5,27;-11,69;5,48;-5,22;-3,5;1,43
6,18;-0,98;1,6;-7,34;-4,75;3,49;26,4;-6,14;3,12;5,06;-21,67;-21,57;3,85;-7,64;0,79;-13,17;-0,42;5,45;21,59;34,26;-0,41;0,45;-18,75;-6,9;-4,96;-1,95;3,4;-19,55;2,35;10,78;11,86;-2,58;1,72;0,13;0,87;3,85;12,5;-1,2;-4,98;11,03;4,79;-4,87;2,65;13,52;1,39;4,15;-3,31;0,99;-4,29;3,39;2,9
4,36;5,89;2,37;-0,42;0,62;-1,02;11,51;-4,03;0,92;7,7;-9,08;-8,86;5,29;-4,56;1,12;-5,21;3,56;3,68;4,93;14,37;6,79;0,88;-6,8;0,2;2,09;-6,31;0,49;-1,5;7,07;1,95;15,87;1,71;-1,35;1,95;0,03;6,85;1,8;-3,64;-15,83;-1,06;1,2;3,34;4,14;2,95;-2,41;6,89;-2,57;4;-0,38;10,3;4,92
-1,79;6,36;-7,93;-4,99;3,31;1,1;20,56;1,87;9,29;4,47;-13,88;-19,96;8,14;-13,42;-3,9;-7,08;-0,37;1,51;16,43;23,81;4,25;-1,35;-12,79;-5,35;-5,61;-3,41;5,35;-9,32;-1,13;10,32;2,43;1,23;5,46;-2,77;6,12;-2,04;4,56;-8,01;-7,01;3,79;2,41;-8,64;-13,28;9,38;3,43;7,3;12,62;0,96;-3,83;5,87;1,24
-1,09;7,55;-2,77;-0,73;6,18;-9,66;2,48;1,65;2,33;6,04;11,66;-2,01;-2,04;-3,27;0,5;-0,45;6,94;3,88;-3,71;-7,49;7,51;5;6,68;-4,99;7,01;-1,62;2,17;2,48;1,49;0,52;6,59;1,23;5,38;3,61;0,52;4,24;-0,86;-1,99;-8,48;-8,55;-1,7;0,95;2,66;-2,89;-2,24;6,35;-3,81;5,34;4,66;3,37;3,98
9,04;3,83;4,13;-6,76;-0,83;1,22;25,59;-7,87;12,36;15,74;-18,37;-25,84;4,01;-8,59;1,01;0,42;8,84;4,19;19,94;25,77;2,08;1,68;-16,1;-6,09;-11,65;-8,72;4,99;-22,48;3,09;-1,13;10,13;-7,13;-8,81;-0,07;-2;2,51;10,88;-7,26;-10,09;-7,25;3,19;13,33;4,58;5,67;-6,47;13,2;2,29;5,78;0,89;4,64;3,01
9,75;6,12;-5,08;-10,13;-3,4;-5,28;25,05;-6,18;12,65;11,79;-24,01;-27,51;-0,58;-7,7;1,13;-11,06;5,52;8,62;18,16;23,78;-1,7;7,02;-7,8;-0,05;-0,73;-7,48;0,16;-26,02;1,01;2,48;-4,48;-12,31;-8,78;-5,85;2,45;-1,48;10,98;-12,26;2,26;4,09;6,75;1,88;-1,23;13,68;-1,77;12,8;5,05;6,42;-3,58;4,66;1,02
16,31;2,55;3,22;-10,46;-5,07;2,05;29,96;-1,2;11,83;11,24;-28,59;-18,92;-0,95;-3,8;1,14;-5,8;2,68;15,04;25,26;35,08;8,79;1,8;-17,18;-10;-9,03;-10,17;2,21;-27,15;9,2;1,18;23,43;6,7;2,8;-1,36;-0,94;7,04;16,11;-12,22;-17,3;-7,61;3,28;0,23;6,68;3,89;-5,89;7,09;-6,18;-1,72;-1,71;7,01;3,87
4,71;5,8;-5,13;-4,17;6,6;-2;4,02;-2,94;-0,95;7,64;-1,77;-1,3;-5,51;-7,2;2,27;-4,39;8,58;4,91;3,54;3,03;5,96;-0,74;-3,69;-5,02;10,85;-6,48;1,03;-6,24;-2,42;-1,91;4,01;-4,41;-6,04;-0,73;1,24;-0,27;-8,35;3,63;-4,23;-6,87;-1,69;2,73;-5,68;-0,39;-2,88;9,66;10,11;8,23;1,95;6,43;0,85
6,45;6,54;0,95;-7,61;-3,12;1,97;17,49;-0,41;7,41;11,87;-13,98;-17,01;0,76;-5,11;-3,78;-3,31;4,23;5,94;15,02;19,36;8,92;0,42;-5,75;-4,55;-3,78;-5,93;1,41;-16,32;0,46;3,44;7,49;-2,88;-5,77;0,12;-1,12;1,87;11,39;-2,96;-10,48;-9,63;1,74;1,96;-0,64;-2,69;-5,31;6,54;4,63;8,76;-0,75;7,09;2,04
2,99;-3,39;-1,04;5,32;-4,55;-3,62;12,43;3,98;-1,42;6,43;-17,28;-12,8;4,67;-5,3;-2,72;-0,94;4,07;3,91;8,61;21,17;2,67;-2,71;-6,38;-5,92;7,57;-10,83;2,3;-4,13;0,42;-4,13;7;10,69;-0,35;0,08;-0,16;4,21;6,9;-9,24;-4,96;-15,16;-1,46;1,5;-6,47;-5,5;-0,73;7,22;4,87;4,3;-2,14;1,31;-0,05
12,74;1,3;-0,07;-1,93;1,79;-7,1;13,12;2,2;0,24;2,03;-8,6;-9,95;-0,14;-0,91;-5,28;4,98;7,87;8,44;7,66;13,52;2,02;-0,57;-6,51;-6,62;3,53;-9,79;3,68;-11,41;-2,02;2,6;6,2;11,94;2,68;2,59;-2,45;3,19;2,93;-2,6;-1,5;-14,52;4,04;2,92;-2,39;-6,52;-2,16;6,63;4,23;2,09;2,11;2,06;2,33
4,24;1,33;0,29;5,4;2,94;-6,24;-0,77;-1,7;-12,82;12,47;11,87;6,87;0,57;1,38;-2,71;-1,67;-0,76;1,48;-8,21;-1,37;7,99;-1,31;-1,9;-2,76;9,3;-10,67;-1,28;7,03;0,45;1,06;10,86;4,54;2,47;0,49;-1,47;4,2;-4,06;10,32;-7,22;-12;-1,12;3,05;2,31;-1,97;-5,07;6,19;0,46;1,6;0,68;5,1;2,65
7,59;-0,1;8,7;1,99;-3,5;-3,73;7,78;3,13;-7,28;4,05;-4,69;2,54;-1,28;6,32;0,06;-4,86;1,75;4,56;0,75;10,34;5,87;4,27;-7,27;-10,55;-0,31;-7,52;-0,39;-2,18;8,53;0,19;21,04;3,8;4,39;-2,42;2,9;6,54;3,43;1,44;-15,41;-7,64;-3,59;-2,61;13,79;1,64;0,04;7,53;-12,11;2,36;-3,05;5,21;3,64
8,22;4,94;-1,78;-3,06;-3,06;-3,41;17,31;-3;2,53;10,2;-20,7;-15,11;-5,69;-3,32;-2,28;3,07;4,95;4,07;13,16;19,28;0,31;0,92;-7,3;-4,64;6,37;-13,66;3,09;-16,4;-2,44;-0,69;8,01;7,02;3,97;-0,34;-2,29;-0,75;1,55;-4,69;1,34;-15,06;-0,72;5,32;4,28;-0,66;-7,75;8,54;1,17;-2,02;-0,5;2,68;0,48
7,41;-1,39;1,85;-9,88;1,32;4,44;17,82;-2,59;13,96;7,04;-20,76;-16,22;1,65;-6,2;-4,88;3,2;2,49;8,25;18,2;19,77;3,64;-3,39;-2,01;-15,68;-6,91;-9,53;4,78;-12,78;2,96;3,5;20,07;6,76;1,03;-1,47;4,58;7,7;9,38;-11,5;-11,95;-2,91;0,56;-2,84;-5,51;-1,1;-0,19;6,18;4,48;-0,59;-1,82;1,76;2,38
7,27;2,18;-2,71;5,06;-7,16;-0,36;23,01;-2,73;0,1;2,97;-12,27;-20,01;6,66;-8,23;-3,74;-0,84;5,5;4,06;14,79;31,05;10,18;-2,9;-20,29;-16,17;-1,11;-9,78;7,1;-10,4;4,54;-1,63;20,79;4,03;-3,05;-4,73;3,35;3;16,51;-2,26;-17,76;-7,15;-3,11;-1,84;-9,26;-0,77;0,04;8,89;10;5,08;-4,41;9,54;1,82
1,41;1,75;1,91;0,66;0,57;-6,97;8,2;-8,4;11,49;4,72;-5,96;-6,08;5,31;-8,67;-0,63;-3,87;1,69;1,89;5,16;6,34;6,57;2,1;-2,2;-3,94;7,22;-4,84;1,81;1,41;2,69;1,85;10,92;-7,3;-2,1;-4,37;3,28;3,41;4,13;-6,85;-7,23;0,12;-1,42;1,16;4,29;7,49;0,38;9,43;-4,19;4,65;-1,47;4,48;3,04
4,93;0,07;2,31;-0,35;0,16;-1,02;18;-1,64;6,56;5,67;-8,75;-16,61;5,51;-11,47;3,09;-3,04;8,67;2,38;9,88;19,36;-1,98;4,59;-12,4;0,63;-0,58;-3,22;1,39;-11,44;0,78;-4,57;-3,33;-8,53;-3,28;-1,91;4,45;0,8;4,7;-4,1;2,71;-1,48;-2,44;3,46;6,04;4,41;3,69;11,65;-3,56;8,85;1,25;1,2;2,53
13,88;-2,24;1,03;-0,28;-1,46;-11,31;25,32;2,94;6,73;7,16;-12,9;-30,09;7,16;-12,08;-4,37;2,04;5,51;7,08;13,49;25,44;-2,17;6,11;-21,82;1,74;2,61;-11,51;-2,73;-19,19;-2,29;0,21;-5,33;11,24;-1,04;-0,07;0,25;1,4;10,96;-7,61;8,78;-12,61;2,14;-0,44;10,68;-6,89;-4,36;4,74;-11,15;0,51;-0,86;-2,09;-0,49
-5,04;-3,18;6,11;1,4;3,89;-4,51;0,87;-9,11;9,12;11,52;0,46;-1,54;9,92;-0,01;-0,88;-10,56;4,6;1,34;-2,6;-2,74;3,63;-3,94;9,84;-6,89;-5,01;-6,87;0,63;9,94;1,27;9,05;17,34;-8,65;-9,42;-2,3;-3,84;5,06;7,01;-10,05;-5,62;1,21;7,34;0,6;9,42;12,97;-6,25;10,36;-6,16;5,64;-4,42;-1,01;2,82
-3,35;1,64;-1,61;-1,32;2,44;-2,32;2,63;-2,09;2,12;8,28;-5,25;-1;7,36;-4,18;-3,99;-5,12;0,27;0,72;0,55;7,16;3,86;-2,94;8,85;-8,58;3,81;-3,09;1,08;8,17;3,5;6,73;22,04;-1,94;-7,02;-3,36;7,37;5,32;0,47;-5,21;-10,11;10,12;9,01;-7,67;-0,94;7,51;2,99;5,64;1,53;1,58;-3,56;4,5;4,37
2,25;0,14;2,98;-7,13;-0,17;3,1;23,54;-2,02;13,82;2,71;-18,47;-16,43;6,02;-11,48;-4,06;6,61;1,15;5,72;22,49;22,19;3,99;1,75;-11,56;-0,89;-9,35;-12,03;-1,84;-9,72;-0,61;-1,85;7,63;16,91;8,16;-1,45;2,77;1,79;9,44;-9,74;-2,35;-13,74;-4,27;0,63;13,93;-10,04;1,03;4,78;-14,22;-1,13;-0,47;0,88;1,6
4,95;-1,39;5,05;-4,37;1,14;0,97;14,63;2,59;3,43;5,29;-6,52;-10,56;2,79;-6,14;0,58;-8,08;8,62;4,2;12,84;17,98;1,41;-1,77;-10,83;-9,75;-4,63;-4,03;4,54;-9,43;7,37;4,85;18,48;-5,09;-8,48;2,09;-2,56;7,47;7,09;-0,9;-15,3;-4,19;1,54;-2,15;-4,92;3,51;-5,28;8,14;4,81;8,59;-1,24;7,66;2,35
9,35;5,24;-0,7;-1,78;-2,27;-5,22;19,55;2,31;11,31;7,48;-19,11;-25,87;-0,79;-5,47;-3,95;2,57;3,12;7,95;13,73;21,16;4,32;-0,86;-7,65;-3,92;2,23;-11,1;1,72;-19,47;0,6;3,03;7,9;6,86;2,85;1,39;1,85;7,3;12,56;-12,97;-7,4;-12,06;-0,24;0,57;-4,44;-3,17;-3,35;7,87;5,68;0,22;0,06;2,28;0,9
-0,66;1,58;3,39;-5,36;0,87;-4,63;13,75;1,94;6,47;-4,63;-7,34;-14,08;5,84;-5,4;-2,64;-1,07;-1,38;2,56;8,43;14,23;8,72;-2,82;-1,58;-6,87;-4;1,75;4,34;-2,61;3,87;8,21;18,31;8,66;9,41;2,88;0,83;2,75;7,94;-5,44;-16,67;2,58;3;-3,53;-0,42;3,12;6,06;0,54;0,94;-2,02;-0,49;9,56;4,77
-1,49;-1,06;13,51;-8,83;8,54;0,64;20,2;-0,92;16,68;8,98;-8,87;-26,07;8,4;-18,43;-5,89;-4,07;-4,17;1,88;14,14;17,87;11,83;-5,28;-10,39;-14,39;-8,96;-2,51;9,57;-10,83;14,79;7,91;39,44;2,52;2,4;-1,95;3,4;12,55;4,52;-10,18;-33,16;0,99;6,21;-3,96;-0,08;3,45;-2,48;3;1,74;0,16;-3,96;16,59;4,13
-3,23;-0,45;3,22;4,81;-0,59;-4,06;5,62;1,58;0,56;7,27;1,31;-2,91;2,44;-4,77;-0,77;1,4;5,36;1,08;1,94;2,06;4,2;2,92;1,35;-4,69;5,31;-11,24;-3,69;3,92;-2,57;-1,06;7,1;6,36;7,21;1,93;-0,94;3,05;3,11;-2,77;0,5;-16,89;-5,42;4,52;10,15;-1,98;-3,66;9,92;-9,61;1,48;1,27;0,02;2,24
10,4;3,28;-5,09;-2,65;1,65;-2,31;17,88;-6,05;4,73;3,73;-12,33;-17,57;0,16;-8,98;-2,14;1,42;6,06;6,86;12,35;18,01;-2,05;5,96;-13,39;-1,46;2,57;-0,27;-0,58;-14,57;-4,09;0,4;-13,78;-7,8;-4,54;-1,18;2,2;-5,36;3,76;-3,54;8,19;1,95;-0,69;-0,14;-3,39;2,62;1,33;6,39;5,66;6,27;1,61;1,18;0,89
6,54;3,09;-3,2;1,14;-1,36;-5,24;7,43;1,81;2,45;1,14;-6,4;-11,12;3,52;-1,86;-0,33;-3,38;5,73;5,01;4,84;9,82;7,08;5,94;-5,72;-4,29;2;-0,41;-0,36;-7,9;1,38;3,5;0,61;2,45;1,93;0,42;1,02;4,31;4,31;-5,56;-2,54;-0,55;1,85;-4,46;3,03;1,4;0,38;3,37;-4,86;2,7;1,32;0,06;1,8
6,37;1,96;1,25;-5,79;-4,12;-2,21;9,45;-0,75;5,48;1,17;-19,96;-0,66;1,53;-1,45;-1,54;-6,19;0,82;10,05;15,7;14,75;6,73;-1,61;6,7;-16,23;7,03;-3,99;9,07;-4,38;3,29;5,28;22,05;0,42;-0,69;-2,25;3,49;4,02;2,96;-8,01;-14,91;3,55;-0,03;-6,92;-3,28;6,38;1,91;5,54;4,95;2,2;-3,7;7,47;4,1
0,85;-2,98;7,13;4,41;-1,08;-1,22;9,68;6,84;4,69;2,71;-6,42;-14,79;0,5;-5,69;-3,72;-8,18;5,83;-2,25;2,56;8,88;6,26;-4,46;-3,63;-11,55;3,31;-2,66;3,13;-7,25;8,99;4,73;34,11;3,4;-0,22;0,02;0,27;9,21;5,09;-3,6;-19,02;-0,9;6,74;-8,06;8,06;2,84;-0,19;3,05;-10,08;2,68;-1,64;6,41;2,84
8,96;0,07;1,11;-13,34;4,42;6,06;24,3;-2,59;16,17;6,35;-17,79;-25,54;-1,08;-12,08;1,43;-1,79;11,57;11,32;23,08;23,69;9,44;-2,51;-11,48;-6,04;-10,36;-8,93;0,04;-25,87;2,02;-0,72;16,88;-4,03;-4,07;0,48;-3,26;3,42;10,76;-8,9;-11,17;-6,81;-0,13;5,42;-0,43;4,22;-5,7;10,87;4,98;4,03;1,57;9,74;2,54
14,75;-1,2;5,42;-5,29;-4,82;0,37;20,61;-5,86;-1,3;10,67;-23,95;-18,57;-1,77;-1,57;-4,28;-6,02;5,85;10,29;13,52;31,28;2,18;-3,88;-15,92;-3,27;-1,88;-7,27;-1,08;-22,12;0,67;6,48;18,93;-7,18;-9,99;-3,82;1,89;5,68;6,5;-6,33;-6,41;5,47;7,21;-4,64;7,46;10,07;-4,82;9,58;-4,96;3,44;-4,1;2,56;0,89
5,32;1,03;-2,01;4,03;-9,19;3,45;19,82;-2,03;2,82;8,07;-14,01;-15,53;4,31;-7;-4,46;-3,46;7,04;3,36;13,62;24,44;-1,2;9,54;-14,41;-1,54;-4,14;-8,9;-4,47;-14,13;-4,18;3,87;-5,91;-3,8;-6,96;-3,84;3,67;0,81;15,46;-5,78;13,29;3,02;5,29;-3,22;17,23;9,05;-0,23;10,74;-16,96;3,33;-3,37;-8,8;1,53
-4,44;0,42;-1,26;-12,69;0,94;6,87;19,1;-2,89;22,53;17,87;-19,3;-23,2;6,82;-13,1;-2,97;-0,31;6,55;4,27;21,04;21,92;-1,35;2,1;-2,64;-1,68;-13,72;-13,56;-2,94;-17,4;-6,03;-0,9;-1,79;1,6;-6,27;-3,83;1,5;-1,26;13,09;-14,61;14,99;-7,52;9,89;1,29;13,14;-4,47;-7,88;6,86;-7,83;1,12;1,44;-6,56;-0,88
4,17;0,68;5,7;-1,57;2,85;-0,43;14,95;-3,48;3,67;18,06;-12,31;-10,46;3,02;-8,66;-4,31;2,06;8,76;3,65;8,35;16,86;8,63;-2,33;-8,35;-7,7;2,63;-18,3;3,64;-6,02;1,91;-4,94;17,2;-2,19;-11,19;-1,92;1,82;6,72;0,39;-6,35;-15,9;-14,5;-2,77;6,2;0,39;-2,88;-8,42;14,9;-2,29;8,04;-1,63;6,27;0,77
12,32;1,01;-0,97;-6,46;-6,18;1,9;23,19;-3,29;3,05;8,77;-21,78;-10,66;-0,56;1,4;-2,04;4,87;3,37;11,71;20,97;28,3;6,38;2,23;-8,53;-0,53;-2,98;-16,11;-1,73;-17,38;0,95;-0,12;4,25;11,06;4,48;-1,21;-0,08;1,74;13,09;-5,82;-4,38;-14,21;-2,97;5,8;4,72;1,55;-5,87;9,67;-5,24;-5,27;-3,26;2,98;2,69
13;5,35;0,49;-13,24;-7,43;0,19;28,02;-3,25;14,22;12,07;-34,61;-19,57;-2,65;-6,22;-1,81;-2,01;5,35;14,32;32,39;32,04;2,41;1,85;-8,39;-1,86;1,33;-7,9;1,85;-24,76;1,28;1,99;9,51;-3,9;-5,77;-1,19;0,11;-0,35;11,75;-14,78;-6,54;-6,61;-0,51;1,54;4,98;3,48;-5,38;10,65;-0,09;5,76;-1,36;6,59;2,74
13,61;-0,71;-1,28;-5,2;2,13;-1,91;23,32;1,45;-4,61;6,67;-8,54;-18,85;-2,89;-6,27;-1,66;-2,24;6,77;6,04;9,45;25,56;0,06;2,86;-20,44;-7;-0,52;-5,95;1,2;-18,64;-0,37;1,68;11,47;1,13;-10,51;0,83;1,97;2,24;4,02;1,61;2,65;0,34;3,79;-6,46;10,84;-2,51;-0,59;4,83;-11,44;5,55;-0,67;-0,67;0,7
-3,05;-0,87;1,23;-1,75;6,12;-3,42;-1,34;-2,22;0;6,85;5,91;-1,01;1,59;-4,51;-3,38;-1,23;2,77;-0,28;-3,48;-2,51;6,82;3,97;2,78;-5,11;5,1;-9,87;-1,59;7,08;0,86;3,48;11,62;0,08;-2,53;-1,63;5,11;2,78;-6,19;0,28;-2,95;-2,36;-0,66;-0,14;15,04;0,29;4,19;8,78;-15,2;5,82;-2,75;0,59;1,57
4,04;-0,76;0,99;-2,44;1,79;0,99;12,69;2,41;1,36;3,64;-9,87;-16,37;0,78;-4,98;-2,71;2,43;9,89;1,26;4,17;16,66;3,52;3,19;-10,01;-3,56;-1,1;-7,64;1,09;-12,81;3,05;-2,57;5,07;4,22;-4,37;0,59;-0,79;2,56;2,85;-2,3;-4,94;-9,66;1,62;-0,78;2,7;-3,99;-2,48;5,56;-4,37;2,86;0,78;1,77;-0,29
2,73;4,2;1,61;-6,66;1,61;0,67;12,14;1,2;8,71;9,53;-5,47;-10,32;-5,44;-9,03;-0,52;-5,21;2,29;0,27;11,47;9,13;8,32;1,93;-6,59;-2,69;0,68;-11,65;-2,12;-14,86;3,42;1,68;14,58;-1,97;-5,5;-2,57;2,78;7,76;3,06;5,66;-10,92;-2,95;1,15;-1,61;7,1;7,41;-2,89;10,33;-6,6;0,63;-4,85;4,55;1,75
8,65;2,69;3,29;-3,93;-2,99;-3,39;15,22;-1,25;4,25;14,68;-11,55;-10,97;4,12;-5,65;-2,98;-2,98;4,01;6,28;10,29;16,89;1,88;-5,1;-8,76;-8,75;3,32;-15,08;9;-9,68;6,66;1,31;23,5;6,47;-2,51;-0,56;0,03;3,53;3,82;-4,53;-18,06;-5,83;2,73;-0,69;-6,21;1,57;-6,77;6,69;10,2;-1,7;-3,05;10,8;2,35
3,99;3,97;-2,32;5,31;4,14;-9,89;5,32;2,46;2,59;3,09;1,88;-7,18;1,35;-6,93;2,64;2,76;9,04;2,08;-2,15;0,63;1,86;0,39;-1,99;0,86;9,89;-9,71;4,5;0,53;-1,38;-4,83;1,36;8,22;4,47;1,91;-2,18;0,1;-2,26;-3,48;0,75;-18,91;-7,67;5,72;1,26;-2,78;-4,41;10,19;0,68;2,22;1,33;2,37;1,5
-0,45;1,17;0,53;0,4;0,21;-0,61;-2,23;8,44;-6,54;-8,26;-2,28;19,24;2,33;5,59;-4,95;-0,6;-3,72;5,71;5,01;2,14;2,94;-2,81;4,12;-14,09;4,19;-3,86;5,98;14,2;-0,59;5,45;14,21;19,31;16,99;-1,97;8,98;-0,22;-1,71;4,98;-8,83;1,1;3,28;-11,58;-8;-2,53;12,38;-1,69;11,12;-7,24;-1,87;5,9;6,04
5,08;-0,6;-2,66;-2,05;2,56;-3,03;10,53;-2,61;4,89;5,7;-9,16;-9,25;3,01;-4,15;-3,16;-7,7;4,49;6,62;8;11,28;0,81;2,82;-6,93;-2,33;-1,75;-4,44;-1,38;-6,4;-4,79;5,2;-5,93;-2,25;-1,86;-1,73;0,44;-1,85;3,76;-7,08;6,15;-1,46;0,2;-3,69;0,4;6,16;-1,77;8,78;0,4;7,04;-2,25;-1,13;-0,02
12,29;2,05;-0,59;1,87;-1,05;-4,1;12,5;-4,15;-7,23;8,91;-3,92;-7,98;-4,72;-2,58;-4,29;-4,43;0,75;4,25;8,86;13,32;0,28;1,08;-15,82;-8,73;5,31;-7,54;5,47;-12,53;0,4;8;4,84;-1,5;-3,66;-1,5;2,45;2,36;1,75;8,37;-4,24;4,81;3,56;-2,45;-5,83;8,99;-0,19;6,92;8,45;1,2;-5,16;3,66;1,65
14,8;3,62;-3,72;-6,2;-2,69;0,1;25,02;1,36;9,03;7,09;-21,3;-22,55;-6,71;-10,13;-1,86;-1,88;0,06;9,17;24,14;28,83;-0,13;0,44;-20,62;-2,1;3,21;-8,12;-0,17;-27,5;-2,01;0,5;0,02;7,97;-1,73;-0,34;4,71;-1,22;7,37;-3,25;0,35;-2,75;0,44;-2,22;-3,73;0,79;0,43;4,9;3,12;-0,41;-3,02;2,98;0,33
2,94;0,37;10,42;-5,91;0,45;4,78;16,18;-0,19;12,03;12,09;-18,66;-18,1;1,35;-10,07;-2,81;-1,09;3,55;4,01;15,72;21,02;8,52;-3,7;-6,5;-16,48;-7,06;-6,04;9,12;-15,21;13,11;-2,56;39,29;-0,14;-3,53;-2,89;6;11,27;8,51;-8,09;-28,64;-0,17;2,56;-1,92;2,37;1,88;0,89;6,85;-2,77;1,87;-0,87;11,37;3,84
10,3;-4,66;7,63;-1,58;-2,12;5,63;18,84;-3,34;1,33;7,91;-11,4;-12,45;0,14;-3,52;-2,02;-8,66;2,33;6,82;13,7;22,36;10,01;-2,57;-17,44;-10,96;-5,71;-4,74;2,24;-18,44;5,08;0,7;23,67;-2,6;-2,14;-0,88;0,02;8,87;6,16;-1,61;-14,06;-3,64;0,61;-0,77;6,47;4,63;-1,65;8,8;-10,52;7,69;-1,25;2,51;1,98
9,67;5,98;-0,59;-17,04;-2,03;3,41;32,07;-5,67;17,44;-0,12;-27,38;-25,59;1,52;-11,73;-0,61;-4,86;1,99;12,99;29,6;34,32;5,08;3,1;-11,52;3,08;-9,87;-2,4;0,79;-26,02;0,9;8,5;-1,7;-0,42;2,23;-0,22;-0,17;2,62;14,81;-14,75;-3,86;3,4;5,32;1,41;1,86;9,4;1,28;6,52;2,14;1,39;-1,31;1,93;3,52
5,37;3,15;0,75;0,85;3,09;-4,2;6,92;9,08;1;-7,22;2,82;-6,12;-0,67;-2,18;-0,1;-2,08;0,87;5,45;2,26;4,05;1,46;-2,37;-5,24;-3,55;-2,16;-4,58;-0,62;-7,59;-0,49;0,77;17,79;18,29;18,29;-0,14;4,42;4,74;4,29;-0,29;-4,98;-10,97;-7,24;-7,64;7,93;-4,02;4,28;3,04;-4,81;-2,85;-1,84;1,77;2,18
1,11;0,99;-3,42;-0,22;5,35;1,32;8,64;2,95;-5,36;9,08;-2,86;-4,88;-2,16;-0,91;-2,94;1,47;0,93;-0,29;-1,09;10,44;2,4;5,91;-7,47;-4,94;-2,44;-9,18;-1,6;-6,5;4,44;-1,78;5,5;7,1;5,21;1,13;0,32;8,71;-4,39;2,99;-2,86;-12,62;1,25;6,96;3,75;-2,99;-2,68;5,99;-6,32;-0,49;1,24;-1,21;1,05
10,95;1,49;3,09;-11,41;-4,96;-6,68;22,44;-3,3;13,87;-9,2;-9,62;-25,8;0,95;-6,52;1,09;-3,19;5,49;8,52;21,32;16,37;7,07;-1,27;-8,28;-9,8;-3,55;-3,2;1,93;-24,06;1,8;4,94;15,19;4,71;10,05;0,59;-3,89;3,45;15,87;-5,6;-14,58;-10,87;-11,31;1,42;-2,58;5,53;1,01;9,46;3,82;5,21;-3,45;7,15;1,44
7,15;5,15;1,4;3,56;-1,71;-3,6;12,19;4,05;-1,79;-0,61;-3,54;-8,89;2,59;-2,95;2,6;-11,8;-3,07;3,95;5,47;12,21;7,79;-1,53;-9,95;-5,89;0,04;0,2;3,07;-5,01;5,43;9,86;18,15;10,85;8;1,96;-1,61;8,87;6,8;0,18;-15,5;5,31;9,47;-6,54;-0,09;10,02;2,04;-0,43;0,67;-6,01;-2,53;6,13;5,65
-2,35;-0,74;3,67;1,19;0,43;0,55;8,76;2,08;6,22;-6,26;-15,39;-11,69;6,92;-3,6;-0,59;-5,77;-0,21;1,38;5,75;15,35;6,33;-5,08;5,21;-12,12;-3,73;0,07;5,24;-4,77;9,27;9,48;30,94;8,46;13,72;1,13;1,8;6,43;8,03;-10,51;-19,85;-1,53;-4,17;-7,67;-0,39;7,35;4,82;6;1,19;0,48;-2,79;10,3;4,33
3,55;2,62;-1,91;8,11;1,54;-1,92;1,21;-1,22;-11,09;-1,35;4,6;-2,37;6,31;3,44;0,05;3,12;5,29;0,67;-8,88;7,15;-2,52;3,13;-6,29;-0,12;-3,49;-9,07;0,81;3,32;-3,34;-2,19;-15,72;8,26;5,12;0,08;3,09;-2,79;3,25;4,57;6,86;-8,31;-7,65;-1,15;-5,91;-1,09;5,49;9,41;9,19;1,94;-0,85;-1,75;1,16
7,32;5,41;-1,13;-7,85;1,91;1,65;12,63;-0,43;-0,22;4,17;-3,56;-9,44;-0,24;-4,42;-0,55;5,85;4,49;6,76;13,21;14,52;-4,63;-1,25;-12,54;-1,59;-5,68;-10,39;5,29;-14,08;-2,47;-3,69;-5,37;9,51;6,14;1,76;1,08;-3,95;3,48;4,67;-1,2;-14,48;-6,83;6,13;-10,82;-4,56;-0,91;8,75;14,39;0,62;2,2;4,76;0,48
12,99;1,25;0,46;-9,52;-3,05;6,82;26,26;0,43;6,61;9,05;-28,65;-23,22;-5,87;-8,65;-0,86;-2,91;0,99;9,95;21,7;35,56;-2,55;0,25;-17,55;-6,96;-1,99;-6,03;6,14;-31,12;1,29;-0,33;6,21;-0,82;0,32;-1,36;4,07;-0,54;6,29;-7,45;-4,04;-1,04;-0,02;-1,02;-2,76;4,29;0,59;6,9;4,86;0,86;-1,33;3,72;0,8
9,33;2,29;0,2;-8,82;0,27;-1,27;23,19;-6;15,96;10,17;-15,45;-25,07;-3,96;-11,5;-0,25;-2,78;3,74;7,32;21,52;18,84;2,95;0,63;-11,6;-6,03;-4,48;-11,58;2,38;-24,78;3,97;-0,95;10,98;-0,97;-2,48;-1,84;1,06;5,82;9,86;-8,11;-6,43;-7,72;-4,47;4,03;1,37;2,46;-3,47;10,96;-0,29;5,55;-2,26;1,9;0,5
16,03;2,9;-3,26;-5,71;-4,29;-7,95;14,83;-2,05;-1,03;2,88;-12,48;-15,82;-3,78;-1,49;2,23;-2,1;1,6;10,76;14,69;16,78;4,32;3,43;-14,76;-9,44;8,39;-5,13;1,88;-20,74;2,3;2,58;5,71;5,66;9,25;2,73;-2,59;1,96;3,9;0,59;-6,12;-9,75;-7,11;5,38;-2,35;7,24;-2;10,35;3,72;1,61;-1,76;4,03;1,84
1,89;4,23;-4,82;-2,49;0,82;-2,75;12,86;0,35;4,68;7,29;-9,15;-16,79;-0,08;-7,15;-1,81;0,32;3,4;3,76;8,94;9,37;-4,28;4,78;-0,46;-3,84;0,87;-7,78;-1,26;-10,67;-7,72;4,58;-13,86;1,87;-4,2;1,18;2,3;-5,03;3,31;-8,04;10,75;-3,16;2,93;-0,12;-6,98;1,38;-0,44;6,69;13,11;2,17;-1,34;0,83;-0,96
6,1;2,2;2,61;2,39;-3,61;-6,01;14,66;4,26;2,02;5,1;-14,1;-17,23;3,75;-9,32;-3,71;5,16;1,66;6,92;14,48;21,21;2,23;1,93;-10,67;-3,98;8,24;-7,83;0,36;-9,38;3,86;0,44;12,69;2,93;-1,51;0,29;4,64;7,37;7,38;-7,82;-4,2;-9,36;-4,04;0,64;8,93;-3,08;3,52;8;-6,93;4,19;-1,75;-0,94;2,83
4,2;1,73;6,77;7,28;0,44;-3,92;6,24;-5,32;-9,67;4,04;1,51;-10,18;2,06;-4,36;3,7;-3,2;1,52;1,28;-4,72;10,54;5,49;-1,51;-11,99;-4,07;8,57;5,53;5,42;-3,56;2,79;3,59;12,84;-14,97;-3,78;-2,39;4,03;5,75;-1,06;1,89;-11,94;6,29;-3,21;-2,01;6,2;9,53;1,19;8,32;-5,08;6,82;0,82;3,99;2,98
-0,24;2,83;0,62;-4,1;2,65;-2,25;6,78;-6,01;7,09;8,4;-3,13;-7,69;1,93;-2,37;1,73;-1,35;6,58;1,48;5,17;2,18;3,44;3,84;1,21;-3,21;-3,63;-8,06;1,95;-4,44;4,5;2,45;3,43;5,77;0,08;2,08;-4,74;3,08;1,33;-3,83;-6,34;-10,54;-2,79;5,11;0,38;1,42;-8,13;8,07;1,32;1,77;-0,93;5,13;0,91
13,04;3,74;-3,11;-10,99;-4,36;1,52;27,73;-2,93;11,74;4,04;-24,66;-20,31;1,02;-6,41;-5,56;7,89;-1,62;13,59;26,48;30,73;5,2;4,56;-11,34;-7,87;-8,5;-8,76;-1,49;-24,99;-1,2;3,94;0,32;14,45;9,6;-0,14;4,61;1,09;12,93;-13,66;-1,17;-4,57;0,16;-1,68;-0,77;-5,71;2,05;2,84;1,09;-4,49;-0,35;0,51;1,88
7,54;2,9;0,92;-0,13;-1,28;-0,84;9,24;0,72;-7,07;5,85;-12,55;-1,29;0,43;5,35;-5,26;2,73;2,25;3,65;3,42;17,15;8,89;-1,05;-9,9;-10,58;-1,62;-14,31;7,7;-5,86;3;-2,17;12,84;19,24;11,17;-1,18;4;6,03;0,8;2,49;-16,39;-11,3;-2,76;-2,68;-5,81;-7,85;1,99;3,47;5,71;-3,24;-1,54;5,65;1,7
6,89;-0,7;8,09;-6,04;-4,42;-4,28;19,37;3,93;11;3,02;-19,2;-18,1;3,08;-8,18;-2,59;1,88;3,1;4,84;19,77;19,35;13,11;-2,65;-4,23;-9,01;2,13;-8,7;3,5;-11,1;5,01;-0,51;18,98;12,14;5,34;-0,71;2;11,4;8,2;-8,2;-17,27;-8,94;0,13;-1,09;0,33;-1,23;1,1;4,95;3,75;-3,33;-0,12;6,81;3,9
9,5;-1,13;3,98;-10,09;-0,53;3,9;28,21;-1,87;13,15;7,35;-17,65;-28,97;1,44;-12,87;-1,09;2,09;6,44;9,03;24,44;28,41;3,75;-4,79;-18,15;0,1;-10,27;-3,9;-1,23;-26,45;1,26;0,99;21,26;-0,26;-2,05;4,03;-4,28;7,57;12,06;-10,2;-7,53;-9,68;-3,32;4,42;10,28;1,87;-5,07;7,54;-10,04;4,4;1,51;1,34;1,68
7,56;2,99;-1,93;-9,93;-0,25;3,9;20,84;2,59;7,24;-3,49;-18,44;-20,36;1,26;-9,4;-4,23;-5,06;0,07;8,3;19,12;27,56;4,87;-0,49;-12,58;-8,21;-6,7;-5,22;5,11;-19,74;2,88;7,37;13,71;9,86;10,7;-0,86;3,62;2,03;7,96;-6,27;-10,54;-1,07;-1,37;-9,29;-7,77;3,3;6,06;4,63;6,96;0,27;-4,46;7,66;1,38
4,06;-2,82;10,82;-2,69;1,03;3,96;17,41;1,88;2;7,88;-18,34;-16,93;0,11;-4,91;-2,91;-2,35;0,49;1,85;7,69;23,18;12,51;-1,49;-8,4;-8,28;-1,89;-7,64;-0,53;-13,88;5,53;-1,33;24,27;4,77;4,43;-1,32;2,17;11,18;0,91;-8,56;-19,18;-10,83;0,82;4,07;6,57;-0,95;-3,59;6,42;-6,93;1,05;-0,48;6,54;1,53
15,73;5,91;0,84;1,28;-4,64;1,34;18,26;-2,89;-4,31;16,78;-19,48;-11,37;-4,75;-0,37;-0,3;-3,42;9,09;9,29;11,12;25,1;6,31;6,55;-17,79;-5,84;1,65;-10,75;-1,05;-20,64;0,58;-0,96;7,38;-10,43;-13,86;1,43;-6,22;4,43;2,51;-4,53;-6,01;-15,15;1,88;8,01;9,55;0,86;-12,32;12,55;-4,8;10,04;0,69;3,31;1,01
-3,32;2,22;-0,44;0,95;5,3;-0,9;1,2;7,32;-3,46;1,46;3,24;-2,14;0,59;-2,06;-1,13;0,39;-2,91;-4,46;-4,36;-1,75;5,73;4,3;0,77;-1,6;1,64;-3,58;0,23;2,42;0,46;1,52;2,79;12,18;11,75;3,38;1,75;5,58;-4,9;5,12;0,13;-11,71;-5,48;-2,33;9,71;-6,78;2,33;1,59;-10,02;0,5;-0,31;-2,02;1,85
7,92;7,55;-0,88;-9,33;-3,24;0,79;20,25;-1,57;8,2;-0,75;-20,24;-20,5;2,29;-0,3;-2,17;1,04;4,18;10,51;17,5;22,84;10,08;0,36;-2,67;-4,33;-12,98;-7,29;-0,95;-19,88;-0,45;7,05;17,23;3,74;-1,56;0,68;-2,24;3,33;17,15;-12,61;-10,92;-4,99;1,91;-2,52;5,47;3,16;0,19;6,81;-3,41;1,31;-2,63;8,79;2,53
-0,8;1,65;11,65;1,92;3,91;-2,76;9,16;-0,65;9,35;7,14;-5,98;-13,72;5,99;-6,79;-3,34;-1,42;4,01;1,23;2,9;7,32;9,26;-4,32;0,98;-8,18;-7,31;-11,98;4,65;-4,06;13,35;3,31;40,34;2,96;-7,32;-1,08;-0,63;13,45;6,55;-12,09;-28,36;-10,37;0,63;-0,34;8,4;0,19;-5,99;7,45;-6,1;2,5;-4,12;10,86;3,07
4,73;1,82;1,48;4,94;2,32;-5,23;4,28;-0,24;-4,61;1,27;-4,09;-4,63;1,79;-4,27;-5,26;-4,97;-1,13;-0,27;-0,17;9,14;0,34;0,45;-11,74;-2,98;8,86;-3,66;-0,86;-1;0,05;9,59;5,99;5,87;0,12;-3,84;4,5;4,75;-6,03;3,65;-5,09;1,41;4,42;-12,48;2,37;0,07;-3,01;1,2;0,71;-0,52;-5,14;0,17;-0,6
8,22;1,23;-5,47;-4,08;1,19;-7,14;9,74;8,54;-2,57;-1,85;-3,46;-6,83;-2,35;3,93;-5,06;-0,98;-0,25;7,24;1,84;4,28;4,1;0,65;-1,99;-4,72;0,37;-4,55;-0,24;-5;-5,65;3,13;-5,14;14,46;9,24;-1,64;4,55;0,57;4,49;-2,23;4,75;-6,59;0,56;-10,3;-6,88;-3,63;4,66;0,86;4,13;-2,36;-1,87;-1,8;-0,18
10,54;3,95;-1,44;-4,45;2,69;6,35;20,92;-3,16;-2,33;10;-15,7;-15,6;-2,62;-10,34;-2,31;4,56;5,69;6,55;15,88;27,4;5,65;5,95;-19,84;-6,46;-0,41;-7,7;-0,55;-18,45;-1,47;-2,4;5,17;0,29;-4,3;0,83;1,65;5,32;1,36;3,75;-1,81;-7,91;-0,93;6,3;10,2;-3,63;-2,9;8,01;-12,43;5,61;0,49;0,3;2,54
7,58;2,39;0,09;-2,42;0,31;4,62;13,16;-4,45;-6,89;4,86;-9,95;-8,42;-3,09;-1,53;-2,09;1,66;4,34;3,94;9,53;19,68;3,63;2,89;-15,87;-1,72;-1,8;-8,25;-2,87;-14,45;-1,6;-1,13;0,44;2,65;-2,38;-2,53;0,81;-2,39;4,24;6,97;-2,8;-5,46;1,88;2,16;0,86;-1,15;0,38;7,12;-0,3;2,63;0,17;6,46;0,68
3,53;2,19;1,35;0,26;-0,26;-5,94;11,33;-5,98;4,05;10,46;-3,33;-7,08;-1,34;-3,56;3,04;-4,88;4,5;5,43;8,15;9,54;-1,26;0,37;-2,28;-7,05;4,48;-4,3;7,37;-4,44;5,3;-2,15;14,1;-6,57;-5,28;0,06;-0,55;3,45;4,94;-3,43;-7,99;-0,95;1,35;7,34;-0,39;7,84;-4,14;9,56;4,13;4,88;0,43;6,6;4,19
3,95;3,04;3,14;-0,57;-2,96;-1,71;13,31;-0,77;1,04;7,29;-14,86;-9,27;4,5;-5,09;-2,79;-4,05;3,13;5,08;9,24;20,15;7,27;0,53;-2,98;-3,32;6,82;-5,9;1,61;-3,16;6,14;1,39;16,58;7,81;4,51;-3,92;3,82;6,2;6,81;-6,37;-14,47;0,12;5,13;-5,94;4,08;2,34;-2,14;3,77;-3,94;-3,27;-0,92;6,93;4,52
4,04;2,11;-0,04;-11,04;1,16;4,43;26,19;-0,3;11,78;2,01;-21,14;-24,7;5,49;-7,18;-4,86;4,77;3,3;5,44;19,56;29,2;8,77;-0,09;-11,09;-3,81;-17,66;-10,12;-2,68;-21,01;-0,15;-0,03;10,51;14,99;6,19;-2,25;0,37;4,95;11,17;-10,53;-5,52;-12,19;-3,21;-2,54;4,02;-4,45;-2,46;5,32;-1,39;-2,34;-2,28;3,66;0,46
12,57;3,05;-3,34;-4,82;-2,39;-2,73;15,34;1,1;0,48;3,88;-15,49;-13,01;-3,86;-1,46;2,06;-5,84;1,54;6,65;12,09;18,38;6,3;0,67;-13,34;-8,88;0,67;-2,79;5,67;-19,15;3,42;-1;3,67;1,85;7,29;-0,33;4,33;1,77;4,96;-1,06;-12,51;-2,48;-1,17;-1,14;-14,71;0,66;2,59;5,28;13,38;2,89;1,62;9,03;1,21
7,13;0,59;2,73;-6,04;-0,27;0,64;13,79;-3,46;0,78;12,36;-12,99;-10,97;-1,15;-3,05;-1,37;-3,67;1,06;6,82;10,75;17,81;1,21;4,29;-8,77;-5,51;1,22;-2,12;0,59;-10,88;-0,27;5,03;0,89;-6,59;-5,08;-1,03;3,59;3,58;5,43;-3,04;1,08;5,05;6,97;-2,87;4,15;3,71;-1,5;4,84;-2,67;3,69;0,02;-1,02;2,32
1,46;0,89;-1,06;6,95;-3,85;-9,48;1,23;0,44;-2,62;0,9;5,15;3,63;1,1;0,74;-8,62;5,86;-1,44;0,82;0,45;-1,84;3,72;6,58;3,6;-3,56;11,71;-10,14;-3,67;6,61;-1,48;7,23;4,85;10,81;2,27;-2,04;6,24;6,54;4,51;3,88;1,91;-3,36;1,93;-8,57;12,8;-4,9;3,21;3,38;-13,46;-2,2;-4;-2,75;2,82
2,58;4,75;1,54;-7,02;4,46;0,49;13,62;5,19;1,53;1,94;-4,18;-10,96;-2,05;-5,08;-0,23;-0,85;0,32;1,07;4,83;13,3;9,46;0,59;-5,79;-6,31;-1,26;1,15;-1,64;-10,52;7,32;2,51;22,24;3,3;3,33;3,15;-1,3;10,43;0,67;3,4;-15,25;-8,42;-2,86;-0,06;4,1;-1,09;-0,78;3,53;1,11;3,94;-0,64;7,9;3,52
7,49;3,64;2,84;-10,47;3,19;-3,7;21,42;-3,23;13,17;11,91;-10,44;-19,99;-4,1;-12,91;-1,8;-5,79;5,81;8,17;18,79;16,16;7,87;-2,87;-14,75;-3,26;2,91;-2,42;2,1;-19,41;4,99;2,86;23,31;-9,27;-10,22;-0,07;0,61;4,21;3,89;-6,12;-16,3;2,67;5,14;-0,41;7,49;4,63;-4,98;8,12;-4,54;8,53;-0,25;8,21;3
6,78;4,23;2,28;-10,88;-3;3,73;25,5;-0,64;8,47;0,2;-22,76;-21,91;0,95;-10,56;0,22;-3,14;1,39;8,91;24,21;30,51;2,48;0,25;-13,97;-3,34;-5,19;-2,9;1,82;-21,88;2,59;3,31;11,22;4,58;6,33;0,67;-2,24;3,45;10,5;-8,16;-7,79;-5,6;-1,47;2,28;5,4;2,65;-1,42;4,23;-1,79;0,52;-0,32;4,13;2,06
2,77;8,66;-2;-2,51;-0,69;-2,34;13,11;-4,37;2,67;9,49;-9,17;-3,32;3,09;-2,26;-0,24;-0,73;6,67;3,65;9,34;14,31;-1,18;3,24;-5,62;-4,7;2,23;-10,79;3,22;1,51;0,96;-1,52;7,44;2,2;-4,72;-1,63;0,49;-1,88;7,82;-0,34;-2,93;-5,17;3,99;8,61;5,6;5,57;-4,25;10,95;-0,43;1,3;-1,3;3,67;4,74
7,56;7,05;-2,64;-3,19;-8,37;-5,71;21,72;-0,34;14,6;5,72;-19,01;-24,26;5,62;-5,41;-0,71;-3,68;0,84;4,94;15,21;22,52;3,56;5,56;-4,16;1,47;-2,55;-6,71;-1,53;-16,89;-3,33;2,61;-3,72;5,04;4,12;-3,09;4,9;0,61;17,47;-14,18;2,24;5,56;4,94;-3,46;9,2;8,71;1,88;4,75;-8,61;-5,95;-4,4;0,43;2,59
9,2;7,05;5,65;-8,72;-3,83;-0,93;26,36;-8,85;19,8;13,29;-17,45;-25,72;6,46;-11,37;-1,58;-4,02;15,46;11,1;23,76;23,93;12,94;-1,69;-9,2;-1,3;-13,58;-13,99;2,79;-22,22;7,89;2,08;24,5;-6,68;-8,44;-2,28;-0,88;11,42;16,3;-18,5;-22,48;-2,36;3,64;1,06;7,24;10,15;-7,16;17,43;-1,73;6,12;0,12;11,63;5,44
5,65;8,77;0,36;-4,43;3,3;0,99;14,9;-3,92;-0,04;9,11;-17,32;-11,45;-1,4;-6,65;-1,77;2,43;4,52;5,29;8,49;21,85;-0,88;0,11;-11,65;-0,12;5,3;-7,13;3,81;-11,16;4,11;-0,61;7,74;-1,36;-3,97;0,92;3,04;0,25;-1,09;-4,72;-12,8;-4,73;-5,31;0,18;-5,52;-0,55;-0,37;9,39;11,44;6,14;0,27;11,62;1,58
7,85;0,6;2,91;2,94;-0,97;-1,03;10,82;-7,83;-0,6;5,69;-1,95;-2,91;2,78;0,51;-5,3;-0,36;5,06;7,1;3,17;12,63;11,39;3,76;-7,28;-6,45;-4,9;-12,71;-2,36;-6,35;3,25;7,58;10,37;6,32;5,33;-2,99;0,79;7,11;8,82;-2,12;-10,89;-5,14;2,05;0,5;7,51;5,1;-4,58;9,98;-9,25;-1,93;-1,36;4,04;3,38
-11,78;7,09;-3,8;3,63;5,19;2,39;1,77;-3,91;5,67;8,24;9,82;-7,03;11,76;-11,8;0,19;-2,16;5,23;-10,22;-3,94;1;-0,36;5,79;1,43;1,08;-4,15;-5,37;2,58;9,99;-0,16;-0,52;-7,53;4,29;1,27;-1,61;2,67;-1,6;3,18;0,85;-0,57;1,22;1,51;-0,69;-2,24;5,48;-0,89;5,96;4,46;-1,21;-0,13;3,03;2,37
-3,55;1,3;-0,89;-3,1;4,67;-4,32;1,25;2,13;2,95;12,41;0,6;-3,63;6,23;2,77;-2,67;-2,04;0,02;-0,18;-1,98;-2,54;1,67;0,17;10,37;-1,9;-6,21;-3,11;2,88;3,2;1,88;3,47;4,87;-0,08;-2,88;0,41;2,11;1,9;1,9;-4,67;-4,69;-4,01;3,98;-0,01;-2;-0,51;-3,06;5,05;1,83;3,56;-0,43;3,75;2,04
12,46;-0,37;2,11;-6,96;-6,19;8,8;24,82;-1,86;4,55;13,55;-21,93;-21,83;1,51;-9,89;-4,82;8,12;8,91;8,11;22,59;34,54;-4,9;1,9;-22,99;-6,9;-7,46;-10,81;6,07;-23,48;-1,09;-3,31;-3,45;2,1;-5,65;-1,22;2,69;-2,56;11,56;-3,14;4,41;-10,57;5,36;4,05;-2,92;-5,77;-4,94;8,41;7,15;1,23;3,21;-0,02;0,46
10,15;1,99;1,09;1,62;1,47;-5,28;9,65;1,91;-9,3;1,76;-7,77;-15,65;-1,17;4,44;2,05;-4,79;-0,04;2,58;-2,14;14,28;7,01;2,32;-12,95;-6,7;1,7;-0,15;-3,03;-13,74;-0,28;4,35;15,19;0,03;7,9;-1,15;4,99;1,6;1,8;3,28;-3,89;0,53;-1,21;-5,63;11,86;2,36;4;3,28;-7,06;0,39;1,17;4,44;1,48
1,14;5,38;-0,31;0,75;1,27;-7,52;-3,11;-4,92;-2,05;4,62;2,83;6,34;6,73;6,01;0,37;-8,01;-0,25;3,67;-3,83;-4,87;3,65;-2,11;6,35;-4,84;1,16;-4,42;3,89;8,28;3;5,87;16,59;0,89;2,1;-2,35;2,64;3,09;0,72;-2,38;-10,69;8,35;7,22;-1,4;-0,57;10,01;4,94;4,89;5,6;-0,26;-3,12;7,37;5,17
4,42;0,94;-3,74;-1,58;-0,83;-0,07;7,51;-4,39;-5,52;12,48;-10,76;-4,57;3,08;1,45;-0,89;3,22;9,05;3,55;5,68;14,48;6,12;0,46;-3,19;-9,22;-1,69;-10,44;0,09;-0,11;-0,56;-9,5;9,47;-4,73;-3,16;-2,09;1,18;2,33;4,3;-0,61;-5,59;-14,26;-2,3;11,46;-2,76;-2,68;-4,01;12,26;2,97;6,52;2,62;2,42;0,89
11,78;3,39;1,02;0,65;-7,12;-2,51;18,59;-0,74;-0,91;12,03;-17,47;-16,85;0,61;-5,23;-0,42;1,87;4,56;7,68;18,5;27,63;0,76;0,82;-13,74;1,52;4,29;-5,04;0,38;-19,73;3,48;-2,31;7,86;-5,32;-1,71;1,56;-0,93;2,14;8,26;-2,71;-5,46;-10,86;-1,3;6,86;4,52;-2,85;-6,8;7,64;1,26;5,88;2,55;4,16;3,42
12,28;3,03;-2,15;-3,47;-4,38;-3,99;19,57;0,93;4,78;-2,45;-19,82;-8,67;0,52;-1,82;-1,77;0,45;2,96;11,68;17,44;23,49;-0,35;3,05;-11,39;-5,02;2,98;-9,16;-0,81;-11,51;-5,04;0,44;-3,84;11,43;8,88;-0,96;1,76;0,97;9,2;-6,68;6,57;-12,96;-8,31;-0,09;1,39;-3,78;0,59;7,71;3,66;2,87;-1,23;-2,27;1,62
10,03;0,72;1,73;-7,29;-4,93;4,26;23,84;-7,5;-0,22;4,17;-22,18;-22,43;-1,48;-4,54;-4,74;2,62;6,84;6,61;16,91;31,72;0,19;-4,07;-16,81;-5,3;-2,6;-12,18;7,19;-23,88;4,21;-1,71;18,05;0,19;-2,31;-2,86;0,61;5,17;10,52;-2,75;-9,89;-14,77;-4,6;8,16;-0,7;-1,55;-0,69;14,32;1,07;10,22;-0,99;4,82;0,87
12,99;-0,48;2,89;0,67;-2,52;-1,84;15,58;-1,18;-7,01;1,95;-15,33;-12,19;-2,51;-1,69;-1,63;-3,71;-0,6;7,64;12,94;22,01;13,12;-3,38;-19,22;-7,52;3,39;3,66;3,93;-15,84;4,77;4,51;18,76;-2,67;4,07;-4,46;6,94;5,24;3,54;1,77;-20,72;5,74;4,91;-6,06;-2,33;2,85;3,55;2,2;0,53;1,54;0,73;10,63;3,3
4,9;0,39;-4,08;-6,2;0,55;-3,55;11,98;-1,74;4,72;0,85;-11,83;-3,98;-2,97;-2,37;-1,88;-5,6;6,67;6,85;14,5;9,76;8,49;3,29;-1,45;-5,89;5,16;-9,18;-1,71;-6,37;-3,97;6,84;-4,04;10,76;8,37;-0,15;1,38;4,74;3,41;-1,08;3,04;-5,61;0,61;-2,81;-0,64;1,56;1,04;7,54;1,38;1,58;-0,32;-2,54;3
4,78;2,14;5,13;2,54;-1,22;-2,79;3,58;-4,22;-5,24;16,7;-3,53;3,54;-3,05;2,77;0,6;-9,88;4,15;4,83;3,62;5,9;6,66;-3,25;-0,23;-11,2;3,52;-3,37;6,84;-2,64;10,95;-0,75;26;-10,82;-3,5;-2,37;-0,22;9,57;1,11;1,68;-22,3;-4,84;3,68;8,25;-6,52;7,96;-6,32;10,22;9,27;7,98;0,25;12,34;5,55
7,36;3,13;-1,57;-4,32;3,71;-4,28;18,76;-3,57;0,3;9,25;-3,45;-16,27;-3,09;-4,02;-7,23;4,88;1,92;3,8;8,32;14,79;5,54;-1,39;-10,05;-4,75;-3,38;-12,54;3,69;-15,68;2,08;-0,24;10,06;12,07;3,27;-1,81;1,33;1,96;5,03;3,24;-13,84;-9,75;0,47;1,34;-8,52;-4,59;-1,11;5,98;6,31;-0,78;-0,96;9,3;0,63
10,58;3,53;1,56;-9,1;-8,3;-0,11;25,25;-0,05;11,07;6,92;-27,08;-20,59;-0,77;-3,26;-3,8;-1,21;0,17;9,86;28,05;28,83;1,89;4,74;-7,35;-6,93;-6,02;-3,96;4,57;-25,09;9,96;1,49;19,64;2,38;1,15;1,12;-1,22;7,97;15,8;-9,94;-13,12;-9,24;-2,16;2,19;10,34;-1,67;-3,92;3,43;-9,75;3,6;-1,01;3,41;3,06
17,29;6,53;-1,91;-3,08;-3,04;1,97;19,39;-5,16;2,74;14,25;-18,85;-19,58;-4,07;-7,96;0,38;-1,1;5,82;12,67;22,77;27,86;-1,23;-0,81;-22,73;-3,97;1,4;-6,4;7,66;-26,5;3,54;-0,78;3,62;-6,1;-4,51;-1,26;-1,67;1,36;8,71;0,86;-10,64;-8,43;2,2;5,73;-12,34;3,06;-9,55;9,03;13,62;3,42;0,68;8,42;1,77
6,95;8,2;-4,54;-3,9;-0,57;-0,28;19,63;-1,07;7,62;0,31;-12,96;-18,73;10,07;-5,06;-0,89;-4,42;6,81;7,38;13,19;23,44;2,46;4,55;-15,45;1;-13,73;1,88;3,82;-13,34;5,45;1,92;-2,35;-8,75;-2,73;-1,76;-0,01;2,03;13,07;-10,46;-8,86;-2,26;-1,12;-3,2;-9,41;3,88;0,35;8,71;11,37;9,5;0,38;7,8;2,38
3,51;0,4;1,49;-1,41;-1,66;-1,9;13,97;-0,88;7,26;0,46;-1,48;-11,41;1,37;-7,37;-0,15;0,64;1,25;2,41;7,9;9,46;3,24;2,41;-6,44;-7,54;-3,7;-4,39;2,73;-10,57;2,73;0,18;9,03;5,1;9,28;0,51;4,21;4,85;8,85;-4,2;-3,29;-4,34;-6,03;-0,92;3,64;1,61;3,48;6,89;-2,06;0,36;0,97;0,9;2,93
2,77;-2,45;6,45;-0,62;-4,72;0,39;12,71;0,07;7,48;10,23;-10,37;-4,55;5,17;-2,47;-4,43;1,92;1,91;5,98;11,28;13,47;5,76;1,05;-1,53;-6,45;-7,04;-8,19;3,13;-4,68;3,76;-0,66;8,99;3,38;-2,91;0,3;-1,27;5,73;12,67;-9,98;-10,3;-13,6;-0,41;3,81;0,39;-5,94;-6,35;4,26;-1,08;3,45;-0,73;5,51;1,94
8,86;1,98;0,3;-13,22;4,24;5,16;17,55;2,43;12,8;2,43;-6,71;-17,29;-0,89;-11,28;-0,62;-10,95;0,38;8,19;20,61;17,5;-1,04;-2,85;-11,08;-3,89;-9,82;-4,62;2,74;-21,32;0,09;3,09;11,93;1,66;0,15;-2,03;4,33;1,58;7,2;-3,05;-3,5;2,91;2,95;-6,92;0,19;5,73;5,87;6,3;2,79;4,54;-3,1;2,62;2,7
-0,57;2,66;-3,4;1,05;0,87;-8,27;5,91;-0,84;1,02;-1,6;4,18;-10,1;1,33;-7,53;-1,81;-2,42;1,53;0,16;3,26;1,62;1,77;2,2;-2,02;-4,47;8;1,11;-2,25;-2,89;0,48;4,12;4,85;1,49;5,35;-0,53;2,55;0,91;2,21;2,65;-4,73;-0,39;-2,28;-3,33;-1,58;4,12;6,35;5,94;1,31;3,96;-0,44;3,5;1,91
17,71;2,23;2,92;-9,01;-3,39;2,27;29,81;-1,12;13,09;6,88;-28,64;-26,23;-5,93;-11,11;-3,37;-0,6;6,67;12,53;29,56;32,6;2,8;-0,47;-18,95;-4,53;2,66;-6,55;3,17;-31,33;0,28;0,78;12,76;0,83;-3,81;-3,69;5,22;2,29;8,96;-9,31;-5,4;1,72;4,79;-7,68;4,55;0,34;1,21;5,63;-1,93;1,14;-0,28;2,27;2,61
6,81;1,31;3,7;0,07;-0,13;-7,61;9,58;-0,22;-4,01;4,24;-3,93;-11,05;1,18;-1,47;-1,94;-1,4;3,74;1,29;3,31;10,18;1,42;-0,16;-9,69;-3,04;4,54;-9,75;4,15;-6,89;4,13;3,19;10,26;12,19;5,04;0,43;-1,61;2,19;2,24;3,51;-7,43;-6,66;3,23;-2,17;2,95;2,54;-3,46;4,81;-0,92;-4,7;-1,48;5,27;1,94
2,16;0,71;1,16;-4,65;2,96;-7,26;9,5;1,44;9,01;5,11;-5,73;-6,05;0,32;-5,57;-1,43;-4,14;4,24;2,81;7,7;5,62;7,1;-0,83;0,96;-5,47;6,69;-3,8;-0,56;-4,42;3,06;3,42;16,47;3,08;-0,97;-0,33;-1,07;2,77;1,51;-3,36;-9,49;-2,89;2,7;-5,52;5,95;5,23;-3,08;5,47;-0,92;0,66;-3,36;7,08;2,67
10,93;-2,23;2,86;-5,8;-4,3;-0,35;18,63;0,7;5,86;0,21;-11,4;-15,14;-2,55;-4,82;-1,68;-1,16;4,02;8,68;17,11;19,35;7,6;2,08;-8,41;-6,51;-1,95;-0,18;-0,1;-21,09;0,34;-0,31;9,08;0,71;3,28;-1,39;2,64;4,72;12,54;-1,59;-2,77;-2,25;0,17;-2;10,55;0,95;3,18;4,96;-12,59;2,98;1,77;-0,46;3,03
7,73;-3,59;2,92;-1,16;-1,22;-7,22;14,85;-7,64;5,45;16,22;-11,6;-15,15;4,83;-5,1;4,59;-2,66;5,75;6,16;12,51;16,54;5,02;-4,33;-7,99;-13,37;1,26;-9,42;0,94;-11,59;2,99;-5,13;25,41;-9,51;-4,77;0,24;1,53;8,79;8,23;-6,22;-9,08;-8,35;-4,43;10,29;0,29;3,01;-3,55;14,73;0,19;9,74;1,8;1,86;2,66
5,4;5,23;-2,98;-7,83;0,08;-3,1;11,22;2,77;2,48;2,85;-14,62;-6,76;-0,27;1,53;5,74;-4,12;0,89;6,07;12,09;13,43;4,28;3,04;0,1;-2,31;1,19;-0,72;-2,04;-9,98;-5,19;-2,8;-0,99;0,62;6,95;0,65;1,77;3,16;2,87;-2,99;0,94;-5,95;-3,69;2,59;1,94;3,03;4,25;6,82;-0,85;2,5;1,75;-1,54;2,44
4,47;2,06;-3,79;3,94;-3,6;-0,19;11,07;4,96;-1,84;4,54;-8,09;-14,01;6,15;-5,31;-1,47;-1,41;1,86;4,5;7,54;16,02;-0,18;5,6;-8,68;-7,29;-2,38;-1;5,23;-5,28;2,32;0,51;-0,22;7,78;6,33;2,81;0,85;2,53;10,21;-4,65;-3,94;-5,72;2,45;0,76;-3,63;-2,13;1,02;2,33;-1,02;1,6;2,53;-0,01;1,76
8,36;3,66;-1,09;-10,2;-0,22;2,18;16,12;-4,46;-1,99;3,79;-16,44;-12,49;-7,51;-7,81;1,13;-2;4,4;7,29;17,19;22,39;4,56;0,5;-13,67;-1,85;2,8;-4,32;2,36;-18,7;-2,68;-3,01;2,27;-0,97;6,91;-3,22;2,49;0,42;-0,63;1,6;-1,88;-3,29;-4,51;1,15;-0,63;8,55;-0,22;10,5;2,98;0,02;-0,27;4,55;0,92
5,13;-0,12;-0,38;1,56;-6,03;-6,83;13,06;-7,81;11,66;11,66;-9,56;-12,66;5,5;-3,29;-2,44;-5,27;7,16;3,57;11,02;10,23;0,35;-3,01;2,09;-8,47;-1,17;-11,61;3,86;-9,87;-4,06;2,52;11,91;-1,88;-6,9;-1,75;1,18;-2,05;12,64;-11,7;-1,31;-2,72;-0,45;0,11;0,03;3,21;-6,5;10,22;-0,33;5,97;-3,52;2,91;0,36
-1,99;4,64;1,26;-9,65;0,46;1,24;10,55;-3,18;15,11;7,56;-13,61;-14,04;7,05;-3,59;0,73;-2,22;2,37;2,28;12,36;10,6;3,72;0,94;7,28;-7,72;-14;-6;4,24;-9,85;0,64;0,48;19,83;1,38;-1,7;-2,43;3,27;4,58;11,46;-10,83;-7,01;1,28;2,99;-0,91;7,42;2,67;0,69;5,26;-4,4;0,85;-2,1;4,39;3,08
9,25;1,32;2,36;-0,32;-4,81;-10,33;16,31;4,47;2,39;4,78;-14,32;-14,63;2,83;1,01;-4,14;-6,26;3,1;7,27;9,25;17,21;6,82;-3,8;-4,41;-7,57;1,18;-9,24;-1,25;-11,68;-3,77;4,78;16,97;14,17;4,96;0,57;-0,75;0,43;10,78;-7,66;-4,3;-8,32;5,13;-5,02;7,83;-5,43;-3,13;1,56;-5,29;-0,68;-0,13;3,5;1,19
3,09;3,26;2,45;8,5;-0,22;-3,22;7,55;-9,55;0,83;10,73;-5,1;-15,23;2,46;-6,9;-5,42;0,93;11,6;-1,4;0,9;9,29;7,97;3,71;-5,95;-8,47;5,45;-13,07;5,79;-4,89;7,47;4,37;17,72;-0,12;-7,27;0,79;-4,42;8,38;3,57;-2,13;-12,44;-8,95;8,42;8,16;7,56;-0,55;-8,02;12,17;-5,33;7,32;1,55;3,77;3,29
2,11;5,04;-6,15;-1,65;2,26;-5,73;11,33;-2,31;10,05;1,39;-6,94;-12,39;8,4;-7,63;-2,05;-0,93;6,04;3,15;5,56;7,97;1,82;2,78;0,69;3,06;-1,39;-10,19;-0,94;-3,08;-1,69;3,06;-4,63;8,46;5,8;-2,02;-1,43;-0,28;4,99;-11,58;1,24;-6,01;3,87;0,38;-2,37;5,34;1,18;8,15;4,87;-2,75;-0,81;1,51;2,01
-5,52;-1,49;3,55;4,11;1,94;-0,78;-0,44;-0,09;-2,48;4,98;4,35;7,03;7,16;2,98;-2,49;-1,61;2,73;-1,67;-7,59;0,1;-3,93;-0,81;7,34;-4,07;-4,23;-10,68;2,37;11,19;2,75;-1,77;9,28;7,25;7,04;-2,85;2,65;5,08;2,25;-0,42;-2,35;-6,2;-0,5;1,16;1,49;1,04;0,3;6,31;1,49;-1,69;-1,43;0,48;3,13
-0,4;2,26;5,01;2,8;0,54;3,26;8,19;-0,6;-4,9;1,9;-4,03;-6,7;1,18;-5,38;-5,31;-2,85;0,66;0,47;4,25;14,58;9,27;-4,4;-11,03;-6,6;-1,33;-3,08;1,53;-4,81;5,21;9,61;27,38;3,65;-1,11;-0,34;4,49;6,84;0,63;2,14;-22,1;6,52;6,71;-10,82;0,33;0,85;5,76;1,31;0,8;2,26;-2,45;11,84;4,18
10,92;7,27;-2,41;-11,48;-0,48;4,06;26,64;-2,81;7,21;5,16;-24,54;-23,25;-0,81;-10,05;-4,32;-0,82;3,37;9,07;24,48;31,82;4,61;-0,28;-15,7;-0,58;-5,59;-10,86;1,13;-24,35;0,7;1,97;10,18;9,66;4,7;-2,62;2,35;3,72;9,11;-3,74;-10,33;-8,96;-0,93;-2,67;-1,4;-4,58;-3,31;5,57;3,7;0,98;-1,19;5,82;1,3
-1,38;4,15;2,24;0,5;3,22;-0,93;8,61;2,21;7,18;-0,24;-2,12;-7,93;-2,3;-12,12;1,53;-4,31;-0,54;-2,32;6,45;4,62;0,41;2,84;-6,03;1,86;8,7;-1,86;-2,19;-3,82;1,3;4,13;5,66;5,18;4,08;2,42;-1,69;1,73;-0,72;2,92;-0,18;-2,72;1,42;0,71;11,03;2,99;0,11;2,45;-6,26;-0,26;-0,94;2,06;3,01
9,44;5,88;3,17;-1,34;1,08;-4,58;22,12;-3,1;2,68;7,15;-12,46;-29,09;2,47;-8,65;-4,73;5,52;6,72;7,56;6,94;25,06;6,17;0,59;-13,5;-5,29;-0,93;-10,52;4,33;-20,34;7,01;-1,33;13,73;4,9;-4,49;0,04;-2,82;5,51;7,08;-12,27;-16,88;-14,82;1,89;5,13;-0,49;-7,85;-6,79;5,98;-0,02;3,57;1,4;9,17;-0,35
4,49;-0,67;5,73;-10,73;-3,22;-0,42;15,03;3,91;10,65;10,32;-20,07;-14,3;3,63;-3,3;-5,17;-1,02;-0,42;7,68;16,85;18,34;-2,17;-0,66;1,18;-5,29;-6,2;-10,76;3,43;-13,31;2,98;1,64;13;10,23;1,66;-0,89;0,52;3,48;10;-10,1;-5,96;-11,66;0,09;-2,37;5,86;-3,59;-4,72;4,36;-3,88;0,11;-4,01;1,78;0,38
14,83;2,17;-4,2;-10,52;0,03;-5,34;21,46;-2,04;7,72;5,5;-14,74;-12,22;-5,93;-2,5;-3,59;1,4;4,26;10,03;19,98;20,11;-0,08;-1,84;-8,36;-8,42;5,58;-11,73;2,17;-18,91;-2,62;3,98;1,38;8,42;2,68;-0,66;-2,76;-0,74;4,76;2,34;-1,34;-13,25;4,82;4,4;-13,19;0,21;-2,88;9,63;14,85;0,8;-1,57;4,57;2,27
3,21;4,15;1,05;-2,61;-1,28;-1,78;7,61;0,39;3,18;14,01;-4,01;-8,4;6,68;-1,55;-6,56;2,3;-0,79;5,33;2,47;9,08;5,67;3,43;-0,29;-9,68;-6,41;-9,83;0,95;-4,9;4,21;0,45;11,61;7,31;2,63;-1,27;1,19;7,1;6,25;-8,5;-11,32;-3,78;7,38;2,17;3,54;1,73;-1,26;4,61;-1,01;-4,63;-1,95;2,58;2,44
5,28;0,74;2,78;8,7;-6,47;-5,69;10,75;1,89;2,98;2,21;-7,9;-12,9;3,23;-3,98;-0,21;2,11;6,41;2,42;3,44;14,56;3;-3,89;-3,25;-4,31;5,35;-8,58;3,99;-6,59;1,04;-4,6;9,18;8,28;3,17;-1;1,57;1,88;9,68;-8,67;-9,07;-11,86;-1,67;0,32;-3,89;-1,66;-0,08;8,03;5,81;0,36;-0,97;5,87;1,93
10,15;5,57;-4,53;0,35;3,18;-3,62;9;-1,38;0,49;8,83;-10,2;-7,17;-3,99;-2,22;-2,19;-0,82;4,46;4,64;2,62;11,57;2,33;7,17;-6,4;-3,77;9,18;-9,57;-1,61;-6,07;-1,57;-1,79;-4,93;8,02;3,17;-0,13;0,99;0,79;-2,37;-1,87;0,72;-10,49;-4,49;-1,68;3,53;-1,83;-1,67;7,34;-4,89;2,27;-1,85;-1,86;0,11
3,22;-1,1;4,43;7,46;2,21;-5,94;2,76;-1,56;-8,23;9,4;4,83;-6,09;1,49;-2,11;0,11;-1,69;5,22;2,41;-1,92;4,85;9,82;-1,67;-9,88;-9,77;8,38;-8,9;0,09;1;-0,51;-2,04;16,17;2,39;-1,7;-3,48;1,5;6,65;-0,8;3,98;-6,32;-4,79;1,37;1,5;7,76;5,61;-3,21;8,87;-7,12;-0,98;-1,48;-0,01;2,53
8,2;-2,36;-0,89;-11,23;-8,01;5,77;31,56;0,4;18;6,05;-29,34;-30,35;5,1;-10,2;-2,79;-7,75;0,91;7,34;28,85;36,74;1,78;2,19;-13,08;-3,45;-15,32;-10,12;-1,88;-30,3;-0,97;6,03;-5,6;9,77;-0,26;-2,1;1,71;-0,58;20,52;-15,41;-0,27;-3,77;4,04;-4,23;-5,67;-1,11;-2,55;3,59;3,76;1,25;-3,75;2,13;-1,51
3,96;5,79;-5,34;4,07;-0,48;-1,44;16,66;-5,85;4,97;6,59;-7,73;-20,33;9,85;-14,51;-3,4;1,73;4,62;3,04;9,12;20,42;4,63;2,14;-15,82;-5,3;1,83;-7,27;0,33;-5,5;0,49;4,13;2,56;1,64;2,6;-2,47;1,85;4,67;6,91;-6,96;-3,76;-1,24;1,02;0,35;-2;5,18;-2,2;8,39;4,06;-0,5;-1,21;1,99;2,1
7,4;2,21;-0,21;-5,89;-2,52;7,63;27,24;-4,56;6,12;11,18;-30,82;-28,53;-0,23;-13,18;-0,82;-4,47;3,75;7,38;21,68;39,69;0,34;2,63;-15,38;-2,45;-2,62;-2,71;-0,1;-26,9;-2,63;0,18;-0,96;-6,41;-8,53;-4,85;3,23;0,18;9,52;-12,98;3,22;2,02;9,2;-0,69;6,52;2,52;-2,72;6,37;-4,14;4,95;-0,1;-1,53;-0,25
-2,02;6,96;-1,91;9,05;2,14;3,75;-3,21;-1,63;-15,56;11,2;3,41;-3,87;-1,26;-4,77;-2,48;-2,91;6,1;-3,35;-8,66;7,12;7,07;1,75;-11,08;-6,35;8,06;-12,48;1,56;-0,35;-2,48;1,07;2,75;-0,69;-8,56;-0,25;-2,61;1,43;-5,32;4,73;-4,65;-10,07;2,05;3,77;-1,61;1,95;-8,58;10,15;7,9;4,44;-2,46;6,35;-1,04
0,96;6,43;-1,65;-3,48;3,71;2,96;5,29;-0,24;3,76;4,32;-7,42;-4,63;2,05;-1,6;2,19;-0,2;-0,48;4,3;6,06;10,35;-1,34;7,61;2,39;1,4;-7,87;0,79;2;-5,86;0,06;1,27;-8,04;0,61;6,89;0,79;1,87;-1,15;1,33;-6,87;2,67;-2,28;-2,87;2,41;3,6;4,25;1,99;5,4;0,04;1,35;-0,28;1,42;2,77
-0,53;7,12;-6,45;-2,29;-1,98;0,22;21,04;-1,48;9,03;7,74;-14,17;-15,61;2,87;-8,95;-0,72;-1,77;2,77;-1,16;10,61;19,95;7,04;-0,84;-3,57;-4,48;0,19;-4,41;-1,31;-5,24;-1,92;4,08;11,54;3,98;1,01;1,35;-2,71;4,84;9,06;-4;-4,85;-2,71;2,05;1,91;-0,61;7,63;-1,81;6,86;4,52;0,17;-2,98;3,78;3,97
4,69;-0,16;5,21;-5,45;2,46;4,82;26,17;4,67;3,27;-0,71;-18,07;-22,91;2,24;-11,1;-3,27;-3,29;1,39;4,94;13,22;31,19;2,15;-1,93;-15,34;-6,18;-7,31;-6,9;2,45;-16,03;1,48;3,81;13,96;9,63;5,02;-2,86;3,83;4,56;6,37;-5,55;-6,34;-2,02;2,67;-7,52;3,19;3,67;4,65;4,43;2,62;-2,67;-4,23;4,35;2,01
6,67;0,44;1,32;-5,13;-4,4;-2,84;18,36;-3,86;10,09;11,55;-11,92;-18,53;4,4;-8,57;0,31;2,32;5,91;6,2;16,99;18,64;5,93;1,23;-7,59;-6,04;-0,08;-9,1;2,11;-13,03;2,1;-6,27;11,76;4,75;3,93;0,63;-1,67;6,47;10,11;-7,8;-9,38;-12,6;-1,74;11,21;3,7;1,04;-5,3;9,83;-3,96;0,09;2,14;3,22;3,31
-4,69;2,72;0,36;-9,66;3,04;2,34;8,92;-0,77;10,58;19,36;-6,11;-6,13;8,24;-4,46;-5,08;5,42;3,24;3,83;4,9;10,18;8,5;0,61;5,96;-13,11;-11,03;-16,86;2,47;-0,89;6,71;-5;19,85;2,72;-3,82;-4,16;3,4;6,58;7,16;-12,39;-14,39;-14,21;1,58;10,25;-1,28;0,11;-6,24;12,53;0;0,74;-3,72;6,17;2,23
4,86;0,09;10,49;-8,5;-3,1;0;21,64;2,61;13,91;8,57;-16,01;-26,47;2,63;-9,53;-3,45;2,99;2,46;5;18,41;19,91;11,52;0,16;-9,11;-12,61;-9,84;-11,32;5,4;-24,11;7,63;0,72;26,63;12,08;1,97;-0,32;1,67;9,03;13,47;-12,09;-18,29;-11,37;4,45;3,43;11,87;-4,12;-6,24;5,37;-10,3;-3,6;-1,34;5,28;2,42
-2,9;-2,08;2,59;5,09;2,95;-6,72;-1,06;-1,53;-4,2;17,5;5,32;3,46;7,19;1,31;4,68;-0,94;5,8;-1,77;-2,84;-1,48;3,63;-2,16;4,49;-6,98;3,22;-13,67;2,21;14,93;0,42;-8,6;14,83;-3,22;0,66;-0,04;5,36;7,08;0,25;2,84;-4,41;-12,18;-7,41;9,53;6,31;-0,13;-2,91;13,8;-6,39;5,44;1,82;0,46;4,13
4,55;-2,31;9,9;-4,64;-1,01;-7,3;17,02;-5,23;13,54;9,63;-8,65;-19,63;2,07;-12,13;-0,12;-5,4;5,57;-0,09;13,94;13,69;-0,93;1,4;-8,85;-2,77;3,77;-10,03;3,3;-12,82;6,22;2,03;10,77;-2,83;-4,02;0,65;0,49;8,03;6,61;-2,37;-5,14;-5,86;-3,18;1,93;10,3;3,05;-5,74;11,33;-6,17;7,47;-2,71;1,47;2,34
5,94;1,75;0,51;4,21;1,08;-10,31;7,89;-3,4;1,44;3,6;-1,22;-2,23;3,77;-1,25;-0,05;1,94;1,41;5,43;5,29;4,5;6,42;4,84;-2,51;-3,3;7,35;-6,4;2,93;2,45;1,53;0,22;-2,2;10,35;9,68;1,89;1,86;3,36;5,82;-1,39;-3,74;-6,61;-5,56;2,93;2,38;-0,97;1,58;5,09;-1,14;-0,85;0,21;3;4,12
-0,7;1,54;2,55;6,31;4,91;-1,99;0,14;-3,13;-3,58;15,83;-1,6;-6,81;-2,17;-6;-1,62;-1,73;8,03;-1,99;-3,53;1,4;10,47;-0,42;-7,48;-4,5;13,71;-12,61;-0,38;-1,2;2,44;-3,65;13,72;-1,39;-6,59;-1,97;-1,55;3,79;-9,63;2,49;-13,69;-9,73;3,83;6,12;3,66;2,34;-8,84;11,11;-4,41;3,02;-1,19;6,54;0,02
17,56;4,21;-2,64;3,85;-2,04;-4,04;11,35;1,51;-13,05;8,76;-17,17;-11,17;-5,05;2,18;-1,84;-0,59;3,65;8,9;2,09;23,73;8,68;2,47;-17,46;-7,04;12,55;-6,92;4,02;-15,43;-2,65;-0,33;4,71;1,61;0,23;-0,27;2,96;1,24;-2,12;-0,43;-3,27;-8,23;0,06;0,76;2,44;-2,33;-1,88;6,91;-0,6;3,89;0,18;2,53;1,22
10,19;4,27;2,52;-8,08;0,85;-0,55;24,92;-4,71;2,79;3,72;-11,29;-20,76;-4,32;-7,54;0,51;2,09;6,62;3,67;14,82;24,12;5,83;2,86;-21,64;-3,08;1,83;-2,59;2,39;-21,1;3,57;3,87;7,02;-3,73;-0,33;1;-2,46;4,59;3,22;3,87;-8,2;-5,6;-3;-0,62;1,77;0,91;-3,4;5,7;1,81;3,21;1,77;6,47;2,21
10,2;2,29;0,58;-14,12;-3,38;1,35;24,59;-5,83;8,74;11,94;-20,56;-16,36;-3,77;-6,11;-4,04;-1,34;2,5;10,96;26,27;29,33;4,84;2,02;-11,99;-8,75;-3,95;-10,04;4,7;-22,9;3,14;3,52;12,04;11,1;0,65;-1,22;0,89;2,39;10,06;-2,15;-7,29;-3,1;6,45;-0,56;3,72;-1,91;-7,42;3,48;-4,13;-3,18;-0,37;3,31;2,07
3,98;3,12;4,29;0,25;0,53;-3,95;9,13;6,48;-1,21;-2,23;-2,13;-8,89;-5,64;-3,05;-4,81;0,76;-0,62;-0,49;2,93;5,56;8,76;0,66;-2,41;-4,47;6,72;-0,43;1,53;-10,05;3,89;1,81;17,06;13,53;8,62;1,14;3,82;6,24;-2,17;2,65;-12,91;-4,89;5,33;-7,96;9,21;-5,39;6,04;-0,78;-6,65;-1,58;1,04;5,66;3,06
0,75;5,24;2,01;-0,09;-0,52;-5,19;11,44;-0,08;4,89;-1,88;-3,35;-15,41;6,64;-3,09;-3,11;-0,23;-2,72;2,12;4,2;9,54;10,15;0,74;-1,86;-3,07;-4,14;-4,49;2,04;-6,45;3,59;3,8;14,33;10,62;11,97;0,82;4,97;4,13;8,96;-6,52;-14,39;-2,6;-5,31;-2,15;5,14;-1,24;6,42;3,21;-4,72;0,37;-2,01;6,54;3,43
1,22;7,23;-4,49;-1,84;-4,79;0,06;16,73;-1,86;14,43;2,82;-7,33;-17,44;5,6;-6,24;-3,39;1,56;4,48;2,03;13,25;14,29;3,43;4,55;0,83;-0,52;-7,38;-11,1;-1,07;-12,04;-1,45;-0,85;0,48;10,92;0,86;-1,18;-1,44;1,62;17,22;-9,86;-1,78;-11,91;-3,79;1,37;2,92;-1,33;-2,46;7,08;-4,28;0,7;-4,02;1,83;1,18
-2,61;-1,48;11,27;4,44;2,41;-1,53;3,22;5,63;-2,14;-1,91;2,29;-5,11;2;-6,07;0,07;-3,39;3,55;-1,72;-2,75;4,97;3,33;-2,84;-3,25;-8,55;1,75;-1,78;6,76;-2,25;6,34;4,01;22,31;7,73;10,39;0,31;2,56;6,39;0,02;0,86;-16,12;-2,29;1,16;-5,16;2,91;3,87;4,99;4,79;-1,37;-1,59;-0,54;8,03;4,18
6,1;0,75;-0,81;1,82;0,46;-4,64;8,74;1,01;2,78;-5,96;-10,73;-7,49;-0,98;-6,08;-1,53;-4,91;1,48;5,08;7,8;10,32;3,6;-1,98;-4,08;-5,23;11,42;-1,02;-0,16;-3,59;-2,83;4,82;5;10,83;12,18;2,36;2,27;-0,17;-1,45;-5,03;-4,49;-1,97;-5,82;-5,74;-3,16;2,73;4,83;3,38;5,58;0,96;-1,67;5,38;2,38
15,53;-0,68;1,63;0,31;-5,13;-2,12;12,05;-0,33;-8,59;6,77;-17,49;-5,36;-3,8;3,56;-3,33;2,86;3,64;8,48;8,37;22,09;3,2;-0,87;-12,17;-8,53;6,66;-7,57;4,09;-13,95;4,29;1,37;17,84;6,83;5,99;-0,36;5,88;5,12;0,26;-0,67;-10,19;-6,06;-3,55;-1,88;-1,43;-1,27;1,98;8,25;2,41;1,54;0,22;6,63;3,65
6,23;4,75;-6,04;-4,58;0,3;-5,6;8,08;-4,72;2,49;8,05;-9,16;5,18;-0,48;2,92;2;-0,48;1,44;8,17;8,25;8,19;7,77;6,98;0,69;-5,4;7,22;-2,26;-5,21;1,32;-3,36;0,27;-2,16;-2,5;4,69;-0,76;4,38;-0,11;0,4;-2,78;-0,85;-1,67;-7,17;-0,57;2,34;6,86;-0,84;8,68;-2,65;0,46;-0,24;2,91;3,11
0,02;-3,08;1,33;3,24;-0,57;-3,21;10,02;0,53;12,99;1,2;-10,48;-8,49;8,25;-6,05;0,11;-6,5;-1,34;0,49;5,42;8,09;2,54;4,89;3,34;-7,95;-2,31;-3,14;-4,22;-0,11;2,36;5,52;9,58;3,29;3,5;-3,54;3,94;5,68;9,48;-10,7;0,52;3,61;2,29;-6,89;11,62;5,3;4,29;4,73;-12,9;1,76;-4,39;-3,17;2,75
3,55;-0,51;0,79;-1,08;-0,96;-5,07;15,77;-3,79;11,33;8,97;-3,45;-21,4;15,79;-5,44;-5,88;1,04;4,18;3,87;4,84;13,82;-1;-2,7;-4,46;0,42;-14,47;-5,52;-2,19;-9,43;0,34;5,03;9,45;2,71;-2,14;-1,66;2,61;3,04;14,02;-15,15;-1,24;1,01;8,45;1,42;3,08;-1,42;-0,85;2,72;-2,24;2,17;0,02;2,37;1,9
7,69;1,65;-0,38;1,94;-5,82;-6,34;13,87;-5,55;-1,21;14,69;-13,91;-16,76;-1,43;-0,93;-5,53;-5,45;9,98;2,05;6,29;14,97;7,35;1,33;-8,87;-4,01;7,59;-13,2;-3,72;-10,72;-3,78;1,81;7,56;-7,11;-11,99;-5,89;-0,08;1,9;4,87;-3,45;1,57;-7,21;8,08;0,4;11,35;2,28;-9,71;11,68;-10,37;7,21;-0,97;-0,16;-1,19
7,51;0,54;2,46;-4,69;1,23;-4,34;10,85;1,33;7,51;-3,27;-8,25;-13,43;-0,01;-2,11;-6,54;2,26;1,6;8,41;11,17;8,52;3,81;-1,78;-0,47;-5,7;-5,8;-7,87;4,75;-11,7;6,08;7,59;18,1;12,65;3,22;0,34;-1,98;4,33;6,97;-7,59;-13,89;-10,04;0,85;-6,63;1,02;-2,02;-1,25;3,22;-1,62;-1,94;-3,8;8,37;1,3
9,97;7,49;-6,43;-0,67;-1,71;2;12,39;3,54;-6,95;3,6;-2,85;-0,14;1,94;5,62;-0,89;0,8;1,69;6,24;7,83;15,44;7,25;2,22;-10,34;0,74;-8,65;1,42;0,14;-6,37;-2;-5,92;-1,55;-0,9;3,63;-2,41;2,94;2,75;5,14;4,13;-2,92;-6,12;2,02;2,3;-5,07;-2,7;2,97;3,73;7,59;3,36;2,56;4,46;4,37
9,95;-0,12;-2,85;-0,75;-4,06;-3,27;13,38;-0,62;5,3;4,93;-13,08;-2,45;2,09;1,38;-5,05;0,43;0,55;7,84;12,48;15,09;7,88;1,33;-6,13;-3,8;-0,44;-8,82;-0,45;-4,82;-1,69;4,81;0,92;6,89;-0,12;-4,6;4,19;2,37;8,41;-4,23;-3,21;2,28;4,13;-8,52;-2,86;6,06;0,04;4,97;2,55;-5,59;-4,93;3,53;3,43
10,04;-3,07;7,32;-2,57;-5,12;-2,5;16,7;-3,48;-2,29;0,75;-18,08;-16,74;0,9;-4,42;-1,11;-5,66;4,6;5,44;16,54;24,2;9,53;-4,45;-14,96;-12,84;7,56;-5,41;3,84;-14,21;6,41;10,07;32,27;8,08;5,64;2,39;-1,53;11,81;5,38;-0,11;-18,89;2;4,33;-4,25;2,46;8,41;0,55;6,14;-3,02;-1,35;-0,79;6,75;4,92
1,06;-0,05;3,41;1,68;0,38;-5,86;3,5;-1,27;5,05;15,65;-7,49;-0,63;3,37;-1,19;-8,37;2,2;6,53;1,73;4,87;2,98;4,62;7,02;2,39;-7,46;6,03;-20,11;0,47;4,31;5,83;2,98;7,47;8,2;-5,17;-1,06;-1,18;8,38;0,68;-3,63;-7,5;-14,05;5,59;-0,1;6,78;-6,52;-9,55;6,91;-4,82;0,01;-2,41;3,25;1,73
5,66;2,93;3,02;-1,86;8,43;-6,67;12,45;-2,14;5,51;2,89;-5,97;-6,76;0,37;-7,68;4,46;0,07;8,34;3,95;5,5;10,03;1,3;0,02;-7,97;-5,14;8,02;-10,48;4,82;-0,16;3,1;-1,93;8,61;8,65;4,8;2,47;-3,65;3,2;-0,4;0,41;-8,87;-15,75;-5,94;5,14;-4,73;-1,75;-5,47;9,47;9,21;0,55;2,37;6,66;3,22
10,37;-1,15;2,36;-15,29;-2,16;1,65;29,22;-2,56;17,05;6,2;-31,76;-25,11;2,11;-10,45;-1,62;-1,79;3,4;10,52;29,68;33,23;2,28;3,17;-14,49;-7,11;-7,66;-2,8;4,31;-26,71;5,99;5,94;13,34;-7,41;-4,44;-0,28;-0,68;5,29;11,94;-11,86;-6,25;-4,16;1,79;1,78;5,33;3,51;-4,59;7,43;-5,72;5,25;-0,33;3,14;1,49
11,82;5,94;3,38;-7,2;-1,36;-2,93;17,2;5,61;-2,2;18,14;-17,54;-13,74;-5,94;-3,57;-6,29;-2,63;-1,73;5,77;14,34;22,37;4,2;1,72;-15,93;-5,34;5,74;-13,29;0,03;-20,46;3,89;5,25;11,88;2,27;-9,18;-3,59;3,71;3,08;-2,19;3,4;-14,02;-5,98;8,74;-3,36;-0,69;-1,14;-3,19;5,6;1,81;0,66;-4,98;9,12;0,43
-1,3;-0,83;5,18;-11,42;4,72;2,55;13,02;4,61;16,24;-3,15;-8,02;-9,09;4,26;-13,47;-4,2;-3,89;-3,59;3,21;18,23;14,24;0,4;3,22;-6,56;-4,84;-6,37;2,18;-0,6;-4,71;-3,18;7,28;1,39;10,18;9,04;0,36;4,31;1,6;5,47;-3,39;5,03;1,67;3,01;-8,91;9,94;-2,65;4,96;-0,6;-7,84;1,2;-0,63;-2,62;3,13
0,3;5,83;0,83;4,08;-1,44;-2,79;1,7;-0,66;-2,29;5,87;2,54;-2,56;3,95;-3,26;-0,47;-2,82;2,78;2,37;3,85;3,47;3,47;2,07;-2,12;-0,68;3,76;-5,15;-2,65;1,91;1,23;-2,16;9,34;0,13;3,52;-1,15;2,87;3,14;3,86;0,27;-3,24;-7,71;-6,51;-1,81;12,89;-0,1;-1,79;7,71;-12,56;3,97;-0,45;0,31;2,4
-5,27;-0,42;9,66;-4,04;0,6;-3,99;8,19;2,39;5,97;1,45;-6,49;-7,69;-0,86;-3,14;-3,93;-3,34;6,45;-2,04;7,48;3,52;5,35;2,31;5,35;-5,09;-1,45;-3,31;4,26;-3,83;6,45;3,22;17,19;1,06;-3,79;0,03;-0,4;4,91;3,96;-1,47;-12,07;-4,21;3,52;-5,43;13,32;-1,07;-0,47;4,43;-10,73;5,26;-0,1;6,54;2,46
5,01;-0,31;1,04;2,19;-3,07;-4,23;7,16;1,67;-5,08;1,81;-8,65;0,68;2,14;3,81;-6,76;-2,23;1,67;4,48;6,18;11,41;-1,43;3,22;-4,71;2,22;2,32;-12,22;-1,13;1,56;-1,36;10,23;0,13;17,93;4,66;0,47;0,26;-0,4;6,31;2,39;5,26;-6,08;3,58;-5,29;14,94;-1,19;-0,83;2,76;-13,81;-3,16;-4,68;-3,76;2,51
2,59;4,86;-3,01;-2,63;-2,48;1,61;13,1;-1,5;-3,31;5,74;-15,31;-7,51;0,2;-0,6;-0,77;3,49;5,49;3,3;11;19,14;3,02;1,85;-4,07;-1,35;-1,04;-6,43;3,27;-9,11;-0,57;-1,55;-3,1;-1,54;0,15;-1,6;2,62;0,23;4,85;1,4;-3,31;-7,48;-4,59;-1,15;-3,79;-2,28;-0,33;8,28;4,75;4,24;0,75;4,19;1,52
3,52;0,45;-1,99;-5,5;-4,19;0,71;25,22;-2,19;15,19;7,61;-20,51;-25,81;1,27;-15,35;-1,68;-9,26;3,44;3,59;21,85;26,08;1,58;2,09;-8,82;-4,01;0,3;-7,57;2,52;-16,72;2,51;3,58;3,4;-3,86;-2,64;-3,6;0,32;2,94;12,24;-9,55;-2,01;-2,97;3,95;-0,56;-0,82;5,96;-3,85;8,3;-1,7;4,74;-2,9;1,9;0,16
9,52;8,55;-6,59;-9,88;2,46;0,64;21,69;-4,04;11,13;10,59;-24,49;-15,85;-1,24;-9,66;-3,9;2,12;0,66;10,72;22,69;24,51;8,4;3,26;-8,06;-6,13;1,75;-1,47;1,74;-14,35;-2,94;7,05;-0,19;-6,84;-6,46;-0,48;2,79;-0,42;3,62;-11,46;-1,28;2,36;5,43;-0,9;-2,2;1,02;-1,55;4,47;5,06;4,85;-0,32;3,63;2,66
3,68;12,38;-5,95;-0,3;-6,65;0,49;13,97;-8,08;4,29;13,59;-10,95;-7,73;0,09;-0,79;-0,55;2,49;7,14;1,98;9,72;13,93;6,56;3,52;-4,75;-2,13;2,7;-8,63;5,37;-6,9;0,98;0,71;-3,18;-6,44;-4,34;-1,23;-0,93;1,84;9,86;-0,49;-6,46;-8,4;-1,7;5,55;-9,3;1,88;-8,29;10,75;14,78;3,79;1,16;7,04;2,78
6,15;1,31;-1,05;-2,61;2,27;3,31;11,67;6,17;-1,15;12,67;-10,54;-14,71;-5,57;-8,13;-4,37;0,25;0,22;5,1;8,98;16,36;4,05;1,84;-10,22;-10,15;5,39;-8,79;0,82;-16,15;1,47;1,43;10,44;8,32;-1,97;2,24;2,11;3,33;-1,47;1,23;-5,52;-8,55;4,37;1,24;0,33;-6,11;-4,18;3,25;-2,93;1,48;-1,62;1,46;-0,22
5,35;6,71;-4,88;-0,48;-4,85;-4,97;16,65;-3,13;0,85;12,53;-10,6;-20,33;1,64;-4,45;-3,09;-5,91;5,09;2,58;7,15;18,1;5,58;4,81;-9,14;-1,57;-1,21;-11,96;-2,33;-17,48;-4,45;1,87;-5,44;-3,6;-4,18;-4,42;3,08;1,21;8,09;-5,52;3,59;-0,82;5,17;-1,58;-0,31;7,29;-4,9;10,04;3,33;1,17;-2,16;1,02;-0,92
2,02;4,58;-0,79;-1,94;-1,29;-2,22;13,79;0,6;5,21;4,23;-8,51;-16,55;6,74;-7,11;1,16;-2,58;-2,97;0,89;7,39;16,74;13,22;0,56;-4,5;-5,93;-0,81;2,91;-1,99;-9,06;-0,48;4,58;15,14;-1,69;5,18;2,82;1,46;6,34;7,05;-6,1;-12,03;0,48;1,14;2;6,4;3,96;2,52;3,97;-6,86;2,15;1,36;4,03;3,84
7,47;2,02;1,51;1,51;-2,83;-0,01;16,48;1,77;0,87;7,58;-17,98;-19,21;-0,46;-7,6;-3,52;2,64;1,74;1,76;11,93;22,83;0,15;0,42;-10,68;-6,25;8,31;-2,96;3,7;-11,92;0,91;0,42;6,56;-0,86;-6,34;-2,47;6,8;1,62;3,74;-2,67;-3,97;0,8;1,54;-5,31;-1,39;-1,86;1,85;5,17;7,29;3,08;-1,49;5,17;2,01
5,53;1,98;3,35;-2,87;-3,99;3,61;16,47;-3,29;1,18;2,36;-16,76;-11,84;8;-4,24;2,01;-3,97;0,46;5,62;14,77;26,12;1,44;2,7;-8,95;-2,66;-8,76;-2,61;-0,68;-6,55;0,82;2,47;9,05;-4,64;-0,64;-4,04;6,76;5,86;12,39;-7,23;-1,1;5,96;-1,47;-3,22;11,66;15,12;1,78;9,84;-7,55;-1,88;-5,47;-1,4;4,62
7,4;10,42;-5,79;0,68;-2,15;-2,45;7,65;-3,47;-6,48;8,15;-8,11;-5,05;-5,84;-1,62;-5,43;-2,7;5,35;1,5;5,23;12,57;8,1;4,96;-8,07;-4,16;13,33;-9,09;4,77;-9,19;4,7;4,51;7,02;0,47;-3,6;-2,85;-0,48;2,18;-1,87;8,92;-12,89;-6,54;2,75;1,43;-4,92;1,82;-7,08;9;7,23;5,17;-3,28;11,39;1,9
5,66;-0,62;1,65;-7,13;-0,77;4,28;15,77;-4,48;10,6;0,82;-11,48;-11,45;5,19;-3,73;2,8;-7,38;3,68;7,24;15,91;15,06;0,3;-0,58;-4,05;-6,89;-14,6;-2,02;4,63;-14,42;4,18;4,38;9,93;-2,66;2,13;1,16;-0,28;2,85;11,81;-7,76;-6,31;0,01;-3,91;1,97;-2,37;8,47;1,14;8,33;3,72;6,28;-1,68;4,18;3,43
6,47;1,63;1,07;-3,41;2,73;-1,15;12,47;-4,3;5,63;3,39;-4,5;-10,95;-0,4;-7,03;-7,58;-3,74;-5,3;5,36;10,5;8,16;2,7;2,78;-8,52;-2,75;-0,44;-7,63;0,84;-12,56;-2,58;8,93;-1,99;6,32;2,16;-6,01;7,24;-1,34;0,93;-2,8;-0,86;6,79;4,71;-9,8;3,05;5,03;3;2,76;1,61;-3,67;-7,11;2,33;0,14
22,25;6,73;-1,45;-9,05;-9,95;5,23;36,52;-11,5;8,67;9,59;-39,05;-40,02;-3,08;-9,02;-1,46;-4,26;11,36;13,07;30,55;47,51;9,38;-1,77;-29,59;-7,46;-5,93;-13,65;2,44;-43,66;-0,51;3,08;19,98;-6,97;-11,94;-3,74;-1,84;5,95;16,01;-14,52;-11,73;-1,79;5,1;4,44;3,62;12,11;-8,35;15,62;-4,65;4,04;-2,37;3,78;-0,1
6,79;3,53;1,26;-2,11;1,44;-2,4;14,43;2,07;11,86;0,6;-14,25;-20,26;4,87;-12,31;-1,37;-1,01;3,62;5,49;13,32;18,95;-4,08;-0,9;-8,46;-4,73;-0,01;-4,08;5,59;-11,56;0,88;-0,93;5,8;7,54;4,11;0,31;2,58;-0,39;4,44;-11,11;-4,92;-6,08;-1,69;-2,69;-7,6;-1,55;2,32;5,2;8,66;2,42;0,13;5,74;1,63
10,96;2,98;0,07;-8,27;1,53;9,05;25,43;-2,39;-1,58;0,18;-22,66;-16,1;-6,73;-4,97;0,19;-7,8;1,2;6,86;18,78;34,53;4,06;4,95;-21,62;-0,28;-8,53;1,13;-0,78;-27,77;-2,37;8,42;-5,06;-1,19;-0,71;-4,41;2,7;2,1;1,72;-0,77;0,56;9,5;8,59;-11,64;3,03;7,17;1,6;1,33;-1,21;-1,38;-2,11;-1,08;0,72
-3,19;3,11;-0,88;4,31;-0,35;1,86;0,81;-0,91;1,65;15,86;0,96;-5,4;2,63;-7,93;-0,94;5,06;5,86;-4,22;-1,02;-0,6;6,39;0,36;-0,95;-9,65;3,65;-9,42;5,19;1,79;3,74;-4,67;13,08;-1,9;-8,01;-2,2;5,16;5,33;-2,85;-1,52;-10,5;-5,78;2,63;4,35;-3,57;-0,53;-2,29;8,83;6,22;1,8;0,25;6,35;2,04
14,16;2,04;7,61;-4,15;-6,25;1,46;20,34;1,14;8,21;-0,04;-26,54;-10,98;-4,53;-4,44;5,32;-2,97;6,06;11,62;22,01;27,99;1,16;-5,18;-10,5;-5,15;5,97;-3,83;7,67;-18,62;4,55;-2,19;21,48;1,28;-2,54;-0,74;0,34;1,62;6,47;-8,5;-16,49;-1,44;0,55;-0,56;0,88;4,55;-0,09;6,63;1,82;0,59;-0,67;11,07;4,57
2,52;0,82;7,77;-5,61;-1,63;4,48;11,04;0,6;10,06;-0,1;-3,26;-0,03;6,96;-2,78;-5,27;-7,31;-1,28;5,14;13,27;8,05;8,87;-4,04;-0,61;-13,21;-11,97;-11,26;10,37;-3,92;7,38;5,47;22,84;14,04;8,56;-4,78;5,87;6,62;10,97;-3,04;-26,03;1,55;0,94;-12,24;-7,54;4,11;5,13;3,6;7,82;-4,47;-6,29;12,37;4,62
4,29;2,58;-2,25;-4,69;-3,76;-2,06;15,12;-0,08;9,54;8,78;-13,71;-15,33;3,99;-3,45;-3,46;-3,53;5,34;4,4;8,94;17,08;2,93;0,49;-3,6;-6,05;-1,73;-11,64;-1,46;-11,98;-2,08;2,01;2,89;7,22;-2,85;0,52;-1,01;-0,18;9,76;-9,58;-2,54;-10,63;1,16;-0,1;-2,76;-2,52;-5,41;8,41;1,74;4,57;-1,93;3,2;-0,37
-1,29;5,99;-1,41;0,34;5,67;-6,1;9,04;-2,41;2,59;3,27;4,47;-12,58;0,24;-7,99;-0,12;-10,52;1,29;-0,84;-2,77;2,68;1,61;-0,11;1,09;-2,32;3,81;-2,61;-1,26;-1,88;0,45;7,03;12,86;-6,19;-2,33;-1,63;0,67;2,48;1,75;-0,06;-5,05;3,04;1,95;-5,72;5,07;8,65;0,54;7,46;-1,22;6,1;-3,59;5,39;1,59
3,38;2,92;-3,49;3,03;-0,1;-4,74;13,75;2,62;4,64;-1,66;-3,07;-8,75;-3,29;-7,08;-2,73;-4,95;-1,32;0,6;2,38;8,67;-4,29;6,31;-5,12;-3,88;7,86;-1,69;-1,15;-4,44;1,46;12,67;0,77;9,42;7,58;-1,5;2,28;1,52;2,39;-2,76;5,05;1,83;5,02;-9,7;6,07;4,74;4,76;2,83;-5,43;-2,58;-3,56;-2,44;2,56
3,06;2;-2,5;-0,49;3;-2;13,85;2,15;2,92;7,23;-11,18;-16,9;1,66;-9,85;-4,43;0,59;4,47;2,69;5,07;18,97;0,88;6,03;-7,27;-3,86;0,41;-7,51;0,3;-7,36;-1,95;0,35;-4,66;7,93;-3,87;-0,01;0,28;-0,38;2,56;-8,8;5,59;-7,6;5,51;2,01;6,24;-0,8;-1,93;4,74;-7,58;0,88;-1,7;-3,56;-0,05
2,32;-1,73;6,28;-6,52;3,85;3,35;12,15;4,69;4,31;2,16;-4,37;-5,23;2,67;-5,02;-2,96;-1,79;2,05;5,58;12,18;12,36;5,8;-0,55;-5,57;-7,83;-9,51;-3,57;3,84;-5,83;3,03;2,76;13,04;-0,01;1,52;-1,31;5,2;7,63;5,61;-2,02;-9,74;-2,24;-0,32;-6,05;6,01;-1,08;4,72;5,42;-5,14;4,59;-1,98;2,5;3,62
3,7;6,41;-2,5;-5,29;3,57;2,25;12,42;1,14;-2,72;2,12;-0,83;-6,36;0,39;-1,59;-0,84;-5,06;2,28;3,81;7,37;13,9;3,59;-3,12;-10,99;-8,17;-7,15;-9,9;6,81;-5,72;2,77;1,9;8,58;6,68;0,89;-2,74;3,05;1,77;3,71;6;-14,04;-7,24;-4;-5,73;-15,15;1,82;1,33;8,82;15,44;3,01;-5,01;8,91;1,38
-2,45;1,68;-0,51;2,53;2,2;-6,69;4,05;-4,81;2,59;11,23;-1,54;-8,68;7,52;-5,54;-0,36;0,66;7,36;3,7;0,72;4,77;4,38;1,79;-0,88;-7,46;2,14;-7,42;1,45;4,07;1,35;-4,07;13,19;-2,87;-6,12;-1,58;1,15;3,49;2,85;-7,28;-1,83;-6,56;4,83;5,31;6,77;-1,21;-5,86;8,27;-5,41;3,44;2,99;0,27;1,79
10,92;-0,19;3,23;6,54;-2,24;-4,11;3,31;-3,82;-13,2;12,55;-13,9;2,4;-0,4;7,59;1,16;-0,51;6,41;7,6;-0,26;14,25;0,51;3,39;-4,57;-5,94;10,63;-10,77;1,41;0,03;3,19;-5,65;6,37;1,3;0,51;-1,37;-1,87;3,13;-1,36;0,86;-0,72;-13,94;-2,17;11,27;6,74;2,13;-7,01;11,43;-4,58;2,58;0,23;-0,21;3
20,98;6,75;-6,06;-16,17;-6,27;4,42;37,26;-2,53;5,71;4,79;-35,87;-26,48;-4,66;-4,4;1,85;1;6,91;16,46;31,92;44,58;8,39;4,53;-27,52;-2,17;-6,36;-8,03;-2,68;-37,29;1,01;-1,84;1,44;2,81;2,23;0,57;-1,3;3,61;10,7;-7,86;-3,53;-11,51;-4,2;4,62;-0,64;0,57;-2,93;10,41;4,34;2,64;0,57;2,51;1,16
2,09;2,99;-3,62;-9,11;-0,6;-2,37;12,67;2;-0,49;0,42;-8,54;-6,25;-5,2;2,1;-5,55;-5,01;-0,7;7,24;8,99;10,1;1,76;1,83;-0,37;-4,84;-1,6;0,58;6,81;-9,34;1,22;11,74;-4,84;3,26;-1,04;-0,81;4,72;0,06;5,79;0,73;-1,3;7,78;5,48;-13,73;-12,41;4,05;4,91;2,35;15,32;2,96;-4,32;3,78;2,31
0,59;0,79;4,43;2,62;-4,13;-5,2;0,87;-0,15;-0,15;5,11;-19,26;-5,56;5,57;10,25;-3,06;2,31;7,52;4,74;-0,15;8,74;3,36;-1,56;13,93;-3,52;-0,91;-13,58;3,79;4,06;1,55;-3,01;7,53;6,02;2,06;-1,58;-1,64;6,25;10,32;-14,86;-7,48;-19,64;-4,4;4,76;-3,47;-2,68;-3,91;12,08;6,71;3,59;-0,51;5,03;1,85
16,99;3,18;-8,06;-10,43;-3,87;0,51;28,34;-1,69;6,48;11,06;-27,29;-21,73;-5,08;-7,94;-2,68;2,32;6,02;10,42;23,98;33,56;0,76;-0,52;-16,11;-5,95;5,91;-11,75;3,17;-25,73;0,68;1,79;3,27;2,62;-3,59;0,74;-0,4;-0,59;6,94;-4,64;-3,03;-12,19;-0,21;2,91;-12,73;-3,36;-7,5;8,39;12,38;2,12;-0,25;4,14;0,59
3,75;-0,28;1,19;8,51;-1,89;-7,99;7,15;-5,37;-4,97;11,37;-0,46;-10,67;6,62;-3,75;-1,52;-8,88;1,34;0,89;-1,65;9,96;3,62;-3,29;-7,16;-4,61;4,96;-6,96;-2,75;0,98;-2,17;6,46;13,97;-6,49;-4,56;-2,69;4,27;3,48;1,83;-2,92;-3,05;2,12;1,17;-3,5;1,92;8,65;-2,65;9,7;3,27;4,47;-3,85;2,84;1,19
-0,41;-1,28;5,05;0,54;1,28;-3,79;8,19;-1,69;-4,98;7,09;-1,64;-6,45;1,7;0,05;-3,07;3,9;2,71;2,45;2,12;11,53;5,72;2,3;-2,29;-6,39;-2,56;-5,18;5,34;-4,02;9,38;-2,12;17,61;3,74;-3,76;-1,35;1,84;5,94;7,03;1,8;-15,19;-4,96;0,65;-1,32;6,22;-2,63;-2,53;4,58;-5,9;0,58;-0,2;6,46;2,76
16,43;4,21;1,09;-16,51;-8,42;8,08;41,18;-7,1;23,28;19,89;-43,57;-41,59;-2,06;-19,71;-0,15;2,79;10,34;10,93;42,17;49,05;2,23;-2,86;-23,33;-2,45;-7,56;-7,42;-0,3;-44,03;0,12;-6,87;15,65;-6,87;-9,42;-0,24;-0,33;5,17;16,84;-14,88;-9,19;-11,21;-1,05;8,71;3,51;-1,16;-11,55;12,32;-2,92;7,23;4,31;4,62;0,44
11,56;3,08;1,38;-11,22;-3,46;2,6;15,62;7,62;-7,04;4,38;-20,8;-0,66;-5,42;2,05;-5,11;-0,22;-5,29;8,92;20,37;23,96;6,85;1,08;-10,06;-1,2;4,47;3,14;-2,35;-9,98;3,57;5,28;9,28;7,91;6,64;1,99;9,54;5,99;0,92;6,28;-8,88;3,46;7,49;-9,84;4,52;-7,69;7,92;-3,28;-2,58;0,33;2,05;2,86;5,73
6,6;4,07;-0,51;-20,64;1,35;6,29;20,55;-1,71;17,52;1,15;-24,13;-15,06;-5,47;-4,84;-1,04;0,01;2,24;8,68;27,78;19,5;3,31;1,7;-4,23;-4,86;-10,57;-12,71;-0,56;-23,54;0,58;6,22;5,81;11,68;10,11;-0,01;1,41;2,89;7,61;-4,8;-6,53;-6,9;-6,96;-3,48;-1,77;8,44;-2,03;9,92;5,68;-6,15;-5,71;4,68;1,21
8,65;-2,84;6,73;1,28;1,92;-4,53;16,25;-1,05;8,39;7,3;-11,38;-17,6;-1,01;-10,79;-0,78;0,47;0,33;4,14;9,56;14,47;10,47;-4,48;-8,76;-10,4;4,68;-2,1;3,78;-12,67;5,64;1,62;23,68;0,58;-0,52;0,86;-0,23;7,38;3,2;-7,87;-18,39;-4,14;1,77;4,71;0,66;4,76;-3,26;5,68;-1,46;0,24;-0,75;6,77;2,72
-3,33;3,4;0,94;-7,15;2,2;5,47;14,66;-1,67;13,57;3,27;-14,63;-16,22;3,61;-14,37;-4,39;-3,59;4,21;0,11;13,24;16,73;3,06;1,06;-6,42;-4,73;-2,55;-9,25;3,24;-10,71;6,09;9,31;10,48;2,23;2,62;0,69;-1,47;4,8;3;-7,5;-11,96;-5,39;0,31;-0,91;-5,21;5,15;-2,19;9,8;6,99;3,6;-1,65;7,35;1,9
6,85;1,23;3,12;-3,03;-1,62;-7,68;10,81;4,63;4,99;2,93;-9,36;-3,29;2,13;2,8;0,86;-6,74;1,13;7,16;5,83;8,23;8,1;-2,04;5,63;-9,72;1,69;-0,08;4,33;-5,71;6,49;2,08;22,41;5,03;4,46;1,64;-0,39;4,18;6,92;-6,13;-17,74;-6,23;4,27;-1,74;1,7;0,17;-2,07;2,21;-1,81;1,47;0,14;7,81;4,95
-3,82;6,85;1,94;4,36;4,39;-0,36;1,51;-0,7;-1,78;13,84;3,88;-4,05;10,07;-6,94;-3,07;1,21;0,38;-2,86;-4,63;3,94;10,6;-0,63;0,05;-6,36;0,77;-7,45;5,04;10,82;6,69;-2,55;22,92;-1,2;-1,7;-1,1;-0,95;8,16;-0,7;-3,28;-16,81;-12,52;4,16;13,02;5,09;-1,15;-6,55;7,83;-1,85;2,86;0,98;6,93;4,55
4,46;1,29;4,88;-6,97;-1,75;7,98;15,18;-3,47;4,93;1,71;-21,37;-13,12;-4,23;-7,03;-4,07;-1,24;7,99;2,2;16,89;22,71;8,23;-4,66;-7,07;-7,59;-0,96;-6,76;3,35;-16,24;3,15;4,67;18,31;1,47;-5,33;-2,09;0,59;6,56;2,81;-2,55;-17,48;-1,42;1,87;-4,33;-4,81;1,69;-3,89;6,32;7,19;3,35;-1,94;8,24;0,93
-1,6;1,02;1,28;3,26;2,03;-9,14;3,33;0,19;2,01;3,19;4,95;-12,4;9,84;-4,43;1,09;-6,03;5,11;-0,13;-3,35;-0,02;0,11;2,59;1,66;-2,88;-3,15;3,19;1,2;0,87;0;0,52;7,68;-8,09;-7,8;-2,8;2,99;-0,31;5,61;-4,71;2,02;4,56;8,09;-5,22;10,91;1,01;1,53;2,62;-7,81;6,59;1,1;0,13;1,74
5,37;4,56;1,62;-2,48;5,47;2,14;11,33;8,25;1,99;2,93;-11,74;-12,34;-3,42;-10,71;2,45;-0,95;5,56;0;4,21;17,42;6,37;6,19;-10,76;-4,07;6,51;-1,77;-0,92;-14,58;1,01;-4,67;3,82;5,16;10,12;2,18;3,71;6,61;-7,39;-0,04;-2,38;-12,41;-7,6;-2,02;9,11;-2,52;1,41;7,51;-5,16;3,01;2,7;1,11;1,89
4,53;4,64;-3,2;-4,02;-3,58;1,63;18,85;-2,12;9,81;6,78;-17,07;-10,24;5,46;-4,32;-0,76;1,15;9,36;8,74;17,06;21,99;2,36;-2,23;-7,21;-4,55;-7;-10,08;5,69;-9;2,33;-4,16;12,74;1,88;-5,57;1,22;-2,8;1,45;13,51;-8,92;-7,13;-13,84;-3,1;9,26;0,83;0,48;-7,6;10,91;-1,53;5,01;-0,4;3,15;2,72
12,26;5,98;-11,83;-6,73;-5,57;9,11;22,44;-1,57;2,01;-1,98;-18;-7,11;-1,1;-2,4;-1,14;-0,92;3,84;10,45;22,58;29,4;1,48;3,7;-14,19;0,75;-7,28;-8,55;-4,5;-18,99;-8,31;2,03;-14,31;7,82;3,75;-1,32;1,83;-3,25;8,73;-2,15;9,12;-5,8;-2,28;-2,23;-8,9;-0,68;1,34;5,94;10,99;0,18;-1,15;0,81;1,11
1,01;-1,45;0,81;-6,06;-2,95;4,63;14,51;6,1;7,04;1,39;-12,23;-14,4;4,54;-6,25;-2,43;-2,99;7,77;4,22;17,18;19,16;5,3;0,08;-7,1;-7,44;-9,63;-3,63;-0,13;-12,29;1,7;2,34;12,66;4,87;-3,85;1,94;-0,27;4,59;10,71;-5,23;-4,05;-5,15;4,76;-5,66;4,14;-2,92;-1,63;3,53;-4,2;4,42;0,31;1,15;2,12
5,68;-0,21;-0,03;-5,16;0,44;1,43;13,46;-3,03;4,64;3,6;-11,26;-12,96;0,12;-9,78;-2,46;-4,28;5,58;3,48;15,21;16,49;3,43;5,53;-9,65;-2,86;4,19;-8,82;-1,84;-11,63;-2,01;6,96;-0,69;0,44;-8,26;-2,28;-3,44;1,72;2,1;-0,33;2,67;-0,4;10,18;-3,85;9,88;6,89;-3,17;6,27;-9,15;0,07;-3,68;-0,72;0,74
1,99;2,23;3,28;-2,57;-2,1;-7,86;8,98;-10,85;3,31;10,82;-11,97;-9,2;-0,39;-2,19;-5,25;-0,42;6,84;2,27;10,55;8,86;-0,31;1,85;-1,56;-2,18;7,09;-15,33;0,08;-5,46;-1,09;3,19;8,47;-3,13;-8,47;-5,5;2,29;0,67;2,93;-1,69;-0,45;-4,49;5,09;2,87;13,25;2,32;-3,8;12,8;-8,3;5;-1,57;0,6;0,12
-1,44;4,07;5,74;14,88;1,51;-9,79;-10,23;0,94;-14,69;4,95;11,85;6,47;1,36;-0,67;-2,43;-2,95;4,36;-4,19;-13,01;-8,64;10,79;-0,78;1,17;-4;18,36;-6,53;3,48;15,12;1,43;4,4;12,98;7,1;-0,95;0,92;-3,11;4,11;-9,12;8,07;-12,48;-5,48;7,4;-1,21;4,11;1,32;-3,32;3,92;0,21;-0,63;-1,08;7,97;2,96
-1,31;-1,3;3,96;3,47;0,47;-3,62;1,18;3,06;0,69;0,01;2,54;3,11;2,59;2,76;1,32;-4;-0,98;-1,59;-3,52;-1,34;6,67;-1,76;3,55;-5,33;-1,86;4,51;-2,32;3,43;3,07;0,66;16,8;1,18;8,6;-2,11;6,42;6,25;2,67;3,39;-10,35;3,63;0,17;-7,58;6,86;3,62;6,15;2,39;-9,7;-0,48;1,54;3,52;4,25
9,68;-2,87;8,32;-12,4;-3,09;6,65;24,21;-4;5,6;3,99;-23,75;-27,58;-0,54;-9,34;-3,82;-2,05;3,74;9,33;21,5;33,28;11,81;-4,3;-18,8;-14,86;-8,78;-6,18;4;-28,22;12,74;1,75;38,96;6,1;2,19;-1,15;-1,48;12,27;10,09;-7,81;-29,83;-6,93;1,69;4,08;0,54;2,86;-3,02;6,67;-2,5;1,72;-2,6;12,13;1,87
-3,12;1,75;-4,03;3,56;1,03;-2,97;-0,17;-3,68;-3,91;13,88;-0,76;2,56;7,39;-0,13;-5,07;-2,34;6,08;0,41;-2,17;5,64;2,31;2,15;1,3;-2,63;0,81;-13,87;0,36;10;-1,09;6,88;-0,38;-4,37;-5,89;-4,56;2,46;-0,35;4,36;1,59;2,41;-4,17;3,05;-5,35;1,98;4,9;-6,92;11,65;-1,15;1,95;-2,23;0,87;1,47
3,55;3,88;-2,25;-8,78;-0,61;-3,85;17,41;2,68;10,94;-1,49;-11,58;-15,07;-0,79;-11,76;-2,54;1,83;-0,4;5,57;20,44;12,26;1;0,48;-7,27;-4,17;3,95;-5,28;0,09;-13,42;-0,97;2,54;3,66;10,71;7,54;-0,84;1,11;1,21;6,63;-2,26;-0,89;-9,05;-0,18;-0,73;-2,81;-0,08;0,28;3,26;5,27;-4,08;-1,18;1,73;1,76
-4,66;0,78;5,09;1,62;-1,63;-2,74;13,54;2,09;12,33;8,55;-7,89;-17,18;8,98;-12,01;4,9;-10,85;1,36;-0,82;8,28;13,64;7,22;-0,87;2,1;-11,39;-1,2;-1,61;5,04;-3,1;4,01;1,64;12,73;-0,37;-4,75;-0,7;5,45;8,52;11,28;-11,34;-13,9;4,09;8,93;0,93;-5,43;2,67;3,17;5,21;7,74;5,25;0,21;4,92;4,31
7,93;1,1;3,39;-4,42;-6,39;-2,18;13;-6,34;0,7;7,8;-16,98;-1,43;-0,79;6,51;-1,07;-5,6;6,78;6,69;8,83;17,76;3,34;-3,17;3,43;-8,26;-0,03;-6,31;4,33;-6,76;6,31;4,81;22,26;-8,71;-7,87;-4,62;-1,32;5,03;9,61;-3,86;-12,68;0,97;5,58;0,01;1,55;13,1;-3,79;10,78;-0,01;2,87;-2,38;7,5;4,38
13,2;-0,64;4,92;-10,29;-8,38;-3,32;22,43;-7,74;15,61;10,41;-22,49;-19,16;3,45;-3,78;1,64;-3,98;7,34;13,16;28,9;21,28;2,34;-4,2;-4,15;-5,65;-4,5;-6,91;4,14;-21,82;4,52;-6,05;18,52;-6,71;-5,58;-2,72;0,85;4,76;18,88;-11,49;-9,76;-3,34;-2,37;5,79;0,22;8,44;-3,41;11,81;1,37;4,7;-0,51;6,18;3,72
-1,42;-0,56;-1,97;1,47;1,88;-2,99;12,41;-2,03;3,98;-3,69;-0,47;-10,23;3,56;-5,54;-0,87;-3,52;2,28;1,11;7,11;7,3;2,1;4,14;-3,8;-3,17;-5,5;0,69;3,78;-2,45;4,08;6,67;0,08;0,83;9,19;-0,87;4,83;2,84;8,25;-2,63;-2,32;3,05;-3,89;-7,53;-4,47;2,72;5,42;5,47;1,96;4,13;-0,73;3,42;2,96
6,63;10,03;-17,24;-0,45;-2,95;-2,29;17,69;0,34;8,53;7,73;-19,81;-15,82;7,08;-3,89;2,14;-5,55;8,25;8,59;15,7;20,47;3,38;4,57;-1,78;-1,13;-3,8;-6,75;-4,07;-9,68;-10,19;-3,9;-15,2;-0,17;-0,26;0,05;-1,21;-5,96;12,86;-12,53;10,18;-8,22;0,71;3,5;-13,78;3,06;-2,3;10,01;16,65;5,85;0,37;2,07;0,82
3,48;6,73;2,12;5,75;-1,24;-5,01;11,99;2,08;0,79;0,89;-10,15;-14,22;2,31;-7,17;-2,74;1,14;3,34;0,53;1,48;13,06;6,03;2,53;-3,4;-5,22;7,42;-9,57;4,8;-5,39;9,47;3,65;13,38;14,7;6,45;1,25;-1,45;5,95;0,38;-7;-18,08;-11,73;2,54;0,66;-3,1;-4,84;-1,19;4,07;5,52;-1,56;-0,42;11,34;2,81
-1,42;4,99;-5,97;1,5;2,93;-3,93;4,38;-4,86;-1,91;4,36;2,12;-4,75;7,1;-1,64;3,81;-6,36;7,08;1;-0,11;3,35;3,99;4,68;-2,22;4,23;-2,04;-7,23;-2,16;4,2;-2,12;-0,83;-6,52;1,66;0,42;1,46;-4,35;0,42;4,29;-0,39;0,38;-8,52;-6,6;2,6;-0,73;2,75;-6,32;8,24;-0,75;5,41;-0,41;2,88;0,13
-1,92;4,62;-0,23;2,3;-0,05;-0,21;8,57;3,06;2,51;2,24;2,1;-2,63;11,81;-5,54;-0,45;-0,02;5,97;-2,24;6,54;9,02;12,64;2,56;-7,15;-7,96;-8,32;-10,29;-3,16;4,82;1,03;0,11;15,06;11,83;5,98;-2,07;1,62;7,18;6,43;0,98;-12,74;-10,14;-3,39;-1,63;3,61;5,38;-0,97;9,96;-3,73;-3,47;-3,08;6,79;4,15
1,81;2,84;-0,21;-6,54;3,97;2,63;14,32;-1,32;5,43;8,72;-10,85;-15,39;-0,06;-8,35;2,56;-5,26;9,77;1,4;8,67;15,38;2,98;3,47;-5,51;0,58;-1,31;-0,85;0,53;-10,73;2,9;-5,31;5,1;-9;-12,37;1,73;-1,53;3,37;2,19;-2,45;-7,15;-3,53;2,92;5,59;3,25;0,82;-2,69;9,16;-2,47;12,52;2,42;5,23;1,84
0,73;3,21;3,27;-3,88;2,33;-1,85;7,75;2,65;5,31;0,88;-4,35;-6,34;6,04;-0,93;-2,19;1,26;5,18;4,06;4,99;5,2;4,76;2,07;5,67;-6,64;-4,85;-8,29;3,73;-1,89;8,74;-4,51;20,07;11,38;4,05;0,33;1,72;8,27;5,76;-7,02;-14,97;-11,73;-4,32;0,5;8,84;-6,3;3,9;6,87;-6,83;5,1;-1,26;5,22;4,03
12;-2,21;9,41;-12,61;-2,68;8,68;32,22;-1,64;12,87;5,06;-32,13;-33,65;-2,48;-15,15;3,62;-9,75;4,21;8,61;31,99;42,67;-1,02;2,84;-22,38;-9,16;-6,76;-10,72;8,29;-37,21;12,45;-0,2;13,96;4,62;5,16;0,14;-4,74;4,51;12,58;-8,43;-15,79;-10,85;-4,1;4,24;2,1;6,94;-5,95;9,86;-2,54;1,52;-2,92;8,03;0,79
-6,21;6,05;-3,74;-0,34;2,19;-3,48;4,12;-5,25;8,29;11,43;2,04;-11,46;6,89;-7,54;-3,23;-7,85;5,27;-1,35;0,95;0,13;-0,06;7,42;5,48;0,92;-1,85;-9,35;-4,76;0,59;-2,26;4,09;-3,42;-7,08;-7,27;-5,17;2,33;3,01;6,97;-5,7;8,34;2,27;6,56;-1,45;10,64;10,55;-2,74;11,66;-9,21;4,2;-3,15;-3,43;0,63
6,77;4,8;-2,56;-2,45;-3,37;-0,48;22,09;3,47;8,21;2,43;-16,78;-20,24;5,16;-7,02;-0,43;-4,82;-1,61;7,81;15,15;26,37;1,81;2,03;-10,79;2,11;-4,63;-6,31;-1,24;-13,44;0,99;-1,05;0,61;9,06;7,89;-3,23;3,11;1,71;14,49;-10,26;-4,16;-7,54;-2,64;-2,15;0,16;6,45;1,53;7,17;3,9;-2,1;-4,86;5,15;2,39
-1,78;0,27;4,1;-12;3,53;1,54;17,97;-4,27;20,58;10,71;-10,85;-19,92;3,2;-13,01;0,12;-4,67;5,22;2,93;17,56;12,69;0,35;-1,67;-0,58;-7,73;-11,64;-7,48;2,69;-12,8;2,21;1,4;20,05;-2,86;-6,96;-2,19;2,37;8,57;8,76;-12,8;-6,7;3,12;4,51;-1,79;5,75;8,75;0,82;8,77;-1,36;1,44;-2,06;0,63;2,37
2,95;-0,02;1,03;-2,6;-4,42;4,59;13,15;1,26;-4,37;2;-8,29;-11,13;0,58;-2,77;2,81;0,24;4,13;2,5;9,06;21,48;2,66;-2,03;-7,77;-8,3;-2,6;-3,61;8,66;-12,79;5,35;-0,58;15,15;8,55;15,15;2,73;1,2;2,68;8,59;1,77;-13,52;-13,37;-6,08;2,73;-6,46;-4,94;1,62;6,19;6,05;1,4;4,13;8,62;3,31
1,76;1,46;6,02;-8,72;-1,11;7,72;17,46;-2,93;8,34;5,69;-15,95;-13,9;4,95;-10,16;2,63;-3,28;4,69;4,04;15,88;22,5;9,52;2,06;-9,96;-5,3;-7,56;-7,49;0,87;-12,33;2,12;1,11;15,43;1,55;7,47;2,36;-1,5;5,53;7,49;-4,28;-8,28;-8,47;-4,96;3,65;15,34;2,06;-2,7;8,58;-17,22;2,9;1,72;0,51;3,2
8,02;-3,14;10,43;-4,25;-1,18;1,37;17,45;-3,02;2,42;5,19;-13,61;-11,52;2,47;-6,06;-0,83;2,46;8,48;5,59;17,71;20,55;0;1,66;-11,03;-7,61;-5,71;-10,68;3,26;-13,14;11,43;-4,24;17,46;6,45;-3,09;1,4;-0,13;6,58;6,31;0,68;-14,92;-11,5;-4,32;2,77;5,65;-0,2;-2,63;10,18;-4,28;3,52;-0,64;8,43;3,43
8,1;6,38;-5,61;-4,03;0,58;-0,89;15,95;1,46;4,22;3,99;-12,58;-19,87;-3,71;-7,65;-3,42;2,7;10,14;4,86;12,26;18,13;1,03;-1,75;-12,74;-7,62;1,12;-14,81;6,14;-19,44;0,49;-7,78;6,51;13,51;-0,55;1,32;-0,06;0,82;3,98;-3,15;-7,77;-17,91;-8,71;1,95;-16,06;-7,12;-0,13;9,63;17,52;5,97;-2,24;8,5;-1,3
9,98;1,33;9,13;-1,7;-5,97;-2,84;15,17;-1,9;4,92;14,69;-12,13;-9,93;6,51;2,21;-2,01;1,95;6,71;7,62;13,8;17,17;8,58;-3,85;-7,69;-7,57;-9,24;-6,96;5,73;-10,88;6,13;-2;27,41;-4,32;-10,05;3,09;-5,27;7,19;14,51;-5,81;-20,24;-14,67;0,88;11,26;7,84;-2,23;-12,09;8,44;-4,84;7,37;0,7;9,37;4,12
10;4,22;0,47;-13,22;1,35;0,3;16,18;-5,04;5,24;13,66;-12,75;-5,44;-1,29;-1,77;0,54;-3,81;3,18;11,77;18,98;16,35;3,51;1,7;-7,19;-2,07;-2,94;-9,1;-2,32;-10,9;-0,45;-1,37;7,81;3,31;3,05;-1,32;-0,15;1,56;5,77;-0,21;-2,37;-10,88;-4,81;7,92;8,03;2,33;-6,09;10,29;-5,09;4,76;-1,25;3,35;3,65
9,13;6,18;-5,29;-7,17;-2,54;1,01;21;-0,67;12,92;0,11;-20,53;-15,81;-2,24;-11,8;-1,98;-3,54;2,16;8,29;22,1;23,37;8,61;0,55;-9,32;-8,01;2,7;-4,75;0,08;-20,28;4,81;6,22;16,08;7,06;6,05;2,41;4,08;5,44;8,33;-5,33;-14,14;1,47;-2,82;-9,67;-2,37;-0,01;5,38;4,84;5,17;2,55;-0,5;7,59;3,3
-1,58;-0,03;0,63;1,8;3,48;-1,42;1,45;-3,58;-0,13;18,09;0,71;-0,16;0,71;2,03;-2,38;-4,57;5,48;0,63;-2,88;1,94;-6,2;6,1;2,64;3,47;0,62;-11,04;-5,98;3,34;-3,45;-2,68;-3,32;-8,32;-12,45;-4,7;1,04;1,19;1,55;-0,8;16,45;-5,24;2,51;2,52;18,04;5,14;-7,26;11,34;-14,42;5,96;-2,87;-7,46;0
0,6;-0,19;1,41;-1,99;-0,88;1,07;8,25;0,61;5,08;11,84;-10,3;-6,83;8,29;0,03;-0,54;5,04;10,28;5,07;4,95;12,33;6,88;0,74;6,37;-6,41;-5,22;-8,02;0,32;0,9;-1,63;-1,99;8,03;-5,34;-6,11;0,92;1,93;3,65;8,17;-11,28;-4,33;-8,02;1,58;4,04;6,01;-1,65;-2,22;10,35;-6,38;5,38;4,08;0,63;3,43
10,45;5,35;2,57;-15,27;-3,66;4,51;23,81;-2,49;6,82;0,45;-27,91;-23,67;-7,3;-5,16;2,08;-11,41;2,27;9,13;21,06;28,63;7,78;0,67;-10,7;-3,3;-3,32;-3,99;1,43;-30,19;3,71;5,33;11,94;1,4;-1,01;-2,59;0,3;5,86;5,75;-9,19;-13,31;2,76;3,18;-4,97;1,28;9,06;1,74;6,77;2,36;3,85;-4,69;7,82;0,66
2,59;4,99;-1,02;0,6;1,37;-8,6;8,98;-4,54;5,81;9,65;-5,41;-12,9;2,93;-10,53;-0,11;-5,36;-0,69;4,28;6,87;9,44;2,75;4,89;-2,35;-1,45;11,1;-4,32;-0,11;-3,38;2,41;4,85;7,59;-4,43;-0,11;-1,9;4,46;1,72;1,7;-6,57;-4,61;4,12;3,07;-2,07;8,6;7,22;-0,56;7,16;-7,57;1,1;-1,25;3,4;3,06
1,02;4,3;-3,9;-0,65;2,43;2,9;4,78;-2,08;-4,5;16,37;-3,54;2,62;-4,12;-2,43;0,03;-5,9;4,96;2,36;2,12;7,91;2,95;0,4;-2,83;-3,38;3,79;-13,82;2,16;-2,08;-1,2;-3,49;5,71;7,21;1,53;-0,01;1,41;0,58;-2,83;2,63;-2,33;-9,65;2,3;8,35;-0,42;1,35;-3,4;10,86;0,83;3,32;0,09;3,39;2,54
18,1;4,21;-0,69;-9,46;-3,65;4,14;28,58;4,88;5,48;3,35;-25,31;-21,96;-2,59;-8,08;-7,49;5,02;-1,57;13,98;26,72;37,33;2,5;7,56;-18,71;-6,98;-2,98;-11,16;1,57;-27,56;4,68;4,25;6,45;20,54;14,59;2,5;2,25;2,14;9,76;-6,78;-6,96;-13,18;-3,76;-3,58;4,4;-8,42;1,02;2,31;-5,13;-3,87;-2,33;3,45;2,82
0,69;-0,48;3,92;-11,31;3,89;6,64;22,57;-6,98;17,37;9,32;-19,35;-24,6;4,3;-16,44;-2,47;-4,59;4,16;3,95;24,48;23,94;8,12;0,61;-7,22;-6,15;-7,7;-6,02;0,11;-16,83;1,05;3,42;14,08;-5;-1,78;-2,73;1,09;7,31;6,38;-9,49;-6,85;-1,02;2,36;-1,3;6,84;5,81;-4,21;7,86;-6,1;2,98;-0,13;2,54;1,51
3,56;10,49;-6,91;2,8;1,82;-3,56;10,67;0,3;6,95;1,09;-6,04;-12,2;0,46;-12,9;-1,75;0,43;-1,86;-0,53;7,47;10,91;2,55;3,19;-10,5;0,58;11,34;1,73;1,21;-7,23;-7,17;0,08;-9;6,44;8,94;0,2;5,57;-3,3;-1,06;-0,53;3,94;1,15;-1,17;-2,58;-0,3;0,32;4,5;1,8;3,6;-1,11;0,52;1,33;2,16
7,81;4,25;0,42;-0,49;-5,04;2,22;17,62;-2,7;4,15;4,74;-19,38;-14,54;3,33;-4,64;2,39;-3,18;4,53;8,1;14,28;23,04;8,96;0,45;-10,94;-8,8;-6,27;-4,03;5,22;-14,28;5,82;1,21;14,09;3,35;3,01;0,2;1,49;6,31;9,51;-12,12;-15,13;-2,21;1,66;-0,15;-1,39;2,04;0;5,53;-0,75;1,57;0,81;5,71;2,71
8,66;-1,58;4,83;-2,92;0,11;-6,75;17,6;-0,07;3,05;7,89;-11,7;-18,51;1,83;-4,48;-1,64;-0,27;2,05;6,69;9,37;17,26;6,95;1,49;-9,58;-8,64;2,66;-8,31;0,27;-12,65;8,67;4,19;26,69;7,39;2,17;1,61;-0,05;7,58;5,74;-5,42;-13,72;-8,49;-1,27;0,36;13,41;0,29;-5,82;5,38;-12,7;-0,96;-2,27;5,4;3,04
14,02;6,84;0,22;-17,16;-5,92;-0,84;33,72;-8,03;12,93;14,04;-25,53;-23,51;1,54;-6,57;-3,64;1,27;7,62;14,26;32,44;34,87;1,02;0,73;-12,18;-4,54;-9,16;-14,01;2,9;-27,14;-2,56;-0,67;3,02;-5,2;-6,37;-3,57;4,96;-1,51;17,76;-9,97;-0,96;0,22;2,14;1,06;1,13;5,35;-1,76;13,21;1,52;2,43;-0,17;1,7;3,01
4,66;-0,88;4,47;2,18;2,77;0,65;8,95;-4,61;-0,91;11,34;-2,73;-4,55;5,32;-4,91;-1,03;-6,6;11,61;4,54;4,24;12,6;2,78;-1,76;-9,05;-11;-3,15;-18,52;4,37;-2,83;2,22;2,73;21,77;2,05;-9,16;0,47;-5,57;5,02;3,65;-2,92;-7,35;-15,53;1,08;6,53;5,73;1,39;-10,01;15,12;-5,06;8,72;-1,82;3,02;2,11
12,88;3,7;-3,56;-6,15;-5,28;-1,52;20,76;-8,22;11,22;9,58;-26,78;-21,66;4,7;-4,21;1,78;8,3;12,29;12,5;20,27;26,96;1,58;0,65;-3,96;-4,81;-3,99;-11,79;0,92;-17,74;-6,87;-6,97;4,51;-1,38;-4,46;0,43;-1,61;-4,74;14,69;-15,45;4,94;-12,32;-1,91;13,04;7,53;0,44;-5,06;12,77;-4,24;2,68;2,57;0,6;1,52
7,68;7,43;-1,86;-4,92;-1,52;-1,11;14,97;-1,83;12,55;16,34;-20,78;-14,63;1,53;-4,29;0;-1,92;6,48;7,34;13,41;20,73;1,56;-0,76;-3,45;-1,58;-1,73;-6,13;2,83;-12,86;1,35;-6;3,31;-3,8;2,14;3,52;1,84;2,78;8,29;-13,84;-8,13;-7,77;-2,59;7,22;-8,61;-1,12;1,48;11,25;10,42;9,78;6,05;6,95;3,72
-2,77;2,04;0,43;-1,12;-0,77;-0,7;1,9;6,94;2,13;-5,52;-4,44;-3,99;0,8;-5,06;2,8;-6,13;-0,3;-0,71;5,35;5,06;-3,8;-4,05;2,7;-5,29;4,91;1,81;8,61;-0,32;4,52;4,93;11,07;14,5;14,41;2,94;-1,52;0,92;0,5;-0,8;-12,05;-5,35;-2,16;-8,73;-13,5;-2,83;3,2;-1,91;16,32;-2,09;0,83;10,92;2,4
9,7;6,83;0,62;-4,18;-8,35;0,59;22,47;-2,35;3,26;0,58;-17,18;-16,11;0,11;-3,52;-5,07;4,25;3,35;7,86;16,04;27,7;3,67;-1,69;-12,03;-4,16;-1,88;-12,01;3,87;-20,34;4,83;4,36;13,73;9,76;1,9;-3,27;6,65;5,53;11,72;-5,62;-10,14;0,43;0,2;-10,32;0,22;-0,82;4,26;4,29;4,99;-4,9;-2,37;4,39;2,37
1,17;0,16;4,03;-7,02;-2;1,4;18,99;0,17;20,2;-1,32;-14,36;-23,18;3,54;-12,37;-3,94;-6,58;-0,21;3,97;15,04;17,29;2,88;3,49;-1,54;-4,15;-7,9;-3,91;-3,49;-16,65;-0,51;8,46;4,23;9,02;3,98;0,01;0,98;6,53;16,7;-14,61;4,56;0,39;4,17;-7,24;11,46;2,57;2,77;2,6;-6,66;1,34;-3,75;-3,41;1,82
11,71;3,96;-0,49;-8,4;-4,75;3,11;17,42;5,03;6,14;-2,74;-18,68;-16,13;0,69;-3,95;-2,61;1,07;3,23;10,4;18,98;24,41;2,27;3,94;-9,82;-2,32;-4,23;-8,06;1,55;-21,49;-0,1;1,3;1,24;14,21;7,37;-1,75;1,48;0,17;10,12;-6,94;0,25;-11,09;1,67;0,9;5,44;-5,86;2,01;4,91;-1,41;1;-1,61;1,72;2,15
6,71;5,47;5,87;-5,94;-3,61;-1,44;16,11;-0,33;3,16;4,37;-21,87;-0,8;4,45;1,7;-0,54;-4,76;1,95;5,85;15,92;19,96;3,11;1,76;-3,15;1,45;-1,32;-3,79;0,42;-0,31;1,09;1,77;4,56;7,76;8,56;-0,47;0,24;0,37;4,28;-4,54;-8,07;-6,14;3,91;-2,07;9,82;0,54;-1,63;3,54;-5,34;-1,19;0,99;5,35;4,64
9,28;-0,58;5,41;-3,13;-2,44;0;17,65;4,15;4,33;-3,38;-18,27;-13,48;2,1;-2,79;-1,78;0,57;2,74;6,21;12,43;22,66;5,91;-3,15;-9,39;-8,72;-3,48;-7,49;0,28;-12,94;3,71;-5,92;23,52;12,87;4,95;-2,19;1,25;7,05;8,19;-6,85;-17,99;-16,44;-3,67;0,23;-0,9;-8,83;3,46;3,53;2,48;3,42;-1,28;7,92;1,17
4,79;0,66;4,14;7,93;-0,75;-2,59;7,23;-5,02;-12,59;13,36;-2,85;-14,44;-0,44;-0,17;2,2;2,16;8,72;-2,68;-3,22;13,69;3,48;1,17;-16,6;-3,13;3,62;-9,62;-0,04;-8,52;2,88;-2,06;11,03;-2,22;-7,29;2,43;-1,72;4,02;-0,63;5,42;-3,82;-10,15;2,54;8,54;8,52;0,95;-8,21;11,09;-4,91;2,78;2,12;3,59;0,35
4,45;5,11;-2,86;-14,66;3,77;1,04;21,17;-4,75;13,31;17,85;-15,19;-16,7;3,64;-11,58;1,32;2,37;10,05;7,29;21,81;21,15;3,42;3,82;-7,1;-0,31;-4,37;-11,82;-1,71;-11,87;0,1;-8,58;-1,23;-2,49;-3,15;1,06;-1,98;0,81;7,52;-4,45;-0,68;-17,35;-7,67;9,99;0,55;-1,33;-9,74;13,67;0,52;5,96;2,57;3,72;1,47
19,68;1,78;3,78;-13,17;-8,47;4,95;34,97;-1,43;17,36;1,46;-34,93;-27,38;-1,91;-7,39;-2,07;-11,26;-3,79;14,93;32,88;40,25;7,1;0,41;-18,36;-7,74;-5,63;-0,72;5,6;-35,6;5,71;10,36;19,19;6,37;8,84;-1,34;0,66;6,85;16,23;-14,16;-11,89;5,79;4,36;-6,2;3,88;9,32;3,86;1,87;-2,36;-0,61;-4,6;6,87;5,26
1,25;2,08;-3;5,52;-4,79;-3,75;2,04;1,48;-2,68;-2,87;-0,81;1,28;4,12;3,48;0,53;0,59;-0,26;1,12;1,24;2,14;-5,38;3,95;-1,32;5,88;0,66;2,27;-0,05;1,96;-2,55;5,27;-16,71;9,85;9,24;2,79;1,77;-3,3;6,28;1,38;7,53;1,45;-1,84;-5,19;-3,54;4,71;4,07;2,26;6,5;-3,17;-0,77;2,01;3,44
11,61;4,53;-2,4;-10,01;2,01;0,4;14,58;2,35;-5,1;0,32;-19,38;-5,25;-6,2;0,46;-3,08;-2,05;-0,3;10,99;18,97;21,09;1,95;4,05;-14,58;3,48;0,06;1,71;-3,98;-15,42;-4,56;6,05;-1,73;-1,5;2,17;1,1;3,03;-1,24;0,03;5,39;4,03;2,25;0,07;-6,42;9,8;3,51;3,87;3,38;-7,89;2,74;-1,89;0,27;1,95
1,97;5,28;-6,1;-4,56;5,01;1,77;17,41;0,6;10,34;2,43;-11,75;-14,69;-0,75;-13,97;3,12;0,84;5,32;-0,65;10,05;17,46;-4,71;2,21;-9,97;-0,26;1,24;-2,29;-0,58;-10,65;-4,53;-0,65;-4,47;2,79;0,88;5,6;-0,2;-2,19;0,75;-1,97;7,71;-7,42;-8,54;0,83;-0,58;-0,88;2,77;7,67;3,18;6,38;1,67;-1,04;0,97
1,77;4,29;2,81;9,4;3,15;-12,33;-1,27;0,4;-4,61;5,53;5,56;-4,09;2,39;-1,53;-2,35;0,03;4,76;-1,6;-10,05;-4,69;1,8;3,75;0,17;-2,75;15,32;-4,84;1,6;7,27;1,28;-3,66;0,91;1,37;-0,83;-1,44;2,67;1,42;-3,17;0,97;-2,87;-5,15;1,84;-0,59;3,65;-2,9;0,34;5,66;-0,71;3,91;1,09;3,35;1,53
-1,53;1,41;0,73;8,57;-1,06;-8,65;-1,71;-5,61;-7,29;11,85;6,99;1,25;2,77;4,92;-0,93;-6,08;6,3;-2,73;-7,79;-3,15;4,68;-0,63;-0,44;-9,76;6,16;-9,87;4,15;8,01;-0,29;2,24;10,13;0,09;2,07;-3,34;3,16;4,6;1,55;5,84;-5,45;-0,21;1,52;-1,47;-1,95;7,53;-5,25;10,1;4,46;0,85;-2,08;0,87;2,32
8,72;-1,17;-1,11;-9;0,71;1,8;15,78;2,63;5,37;7,67;-21,78;-9,69;-4,51;0,16;-6,43;-5,08;-1,44;7,3;15,24;19,7;-3,39;2,86;-5,45;-6,81;-0,28;-12,56;3,62;-14,92;-2,76;5,2;-5,2;7,65;-2,07;-3,96;2,88;0,13;0,29;-5,35;7,66;-6,31;4,82;-5,38;-0,45;0,96;-0,9;5,54;0,78;0,62;-6,29;-4,86;-0,49
-1,42;1,64;-5,42;6,9;0,61;-0,96;1,87;-1,9;-0,94;4,74;2,91;0,62;9,54;-3,1;-3,18;-1,99;7,36;-0,07;-1,79;3,97;-4,64;3,47;-3,35;1,74;1,17;-8,57;0,49;10,86;-4,71;8,41;-15,13;7,93;6,51;2,68;-1,41;-4,17;3,46;-2,91;11,52;-5,61;-0,02;-2,55;-4,94;3,23;-4,19;8,69;6,9;1,26;-0,58;-1,73;2,1
9,61;-2,64;1,13;-18,68;0,28;5,71;38,36;-3,54;31,65;8,61;-31,19;-45,13;2,69;-22,52;-5,31;0,48;5,68;11,06;37,35;38,28;-0,5;4,3;-17,73;-9,18;-11,54;-11,16;-2,78;-38,93;6,36;2,14;15,27;1,29;-9,45;-0,1;-0,71;5,76;18,13;-19,28;-4,57;-9,46;0,27;0,41;7,43;-0,98;-7,25;8,74;-7,2;5,18;-3,26;1,9;-1
5,84;-0,99;8,21;-8,59;3,26;-3,54;10;4,71;-3,34;4,3;-6,3;-16,6;-1,4;1,16;-1,15;-9,19;-3,09;2,94;4,53;9,35;6,79;0,3;-1,57;-4,55;-3,99;-1,1;1,53;-14,47;6,92;9,6;22,33;6,4;3,88;-0,91;3,06;7,19;0,07;0,67;-11,09;-1,81;0,65;-11,78;16,04;0,8;3,56;2,52;-13,63;2,5;-3,69;4,31;2,08
4,96;-4,03;1,39;-1,13;-0,45;1,64;11,94;2,56;2,38;-1,94;-11,4;-15,59;0,97;-8,21;-0,9;-1,88;1,64;2,23;8,99;20,63;10,28;-4,2;-10,56;-11,46;3,28;2,61;4,56;-12,93;3,65;2,95;17,94;1,47;7,51;-0,22;4,05;9,83;4,95;-0,24;-13,34;-0,74;-3,23;-4,67;-7,53;3,53;5,89;4,89;6,33;2,65;1,28;4,53;3,29
17,2;-4,96;3,97;-13,71;-2,59;0,08;32,38;2;16,79;6,09;-28,56;-31,58;0,05;-11,51;-4,71;-1,86;-0,67;12,25;29,58;34,36;3,35;-0,89;-17,9;-14,53;-5,2;-10,94;3,23;-33,84;-0,72;0,6;16,64;10,02;3,2;-1,21;4,01;1,78;13,13;-11,7;-4,31;-9;-1,54;-3,68;6,44;-8,15;-0,1;2,67;-9,42;1,96;-1,99;-1,62;-1,24
8,51;-1,13;3,21;-3,81;-0,77;-1,06;12,21;6,01;-8,17;4,37;-15,88;-9,44;-7,07;2,87;1,22;-4,3;0,46;3,32;1,12;17,89;5,31;-1,12;-3,57;-10,56;6,19;0,49;10,79;-11,65;6,34;0,21;9,19;2,27;3,42;0,53;3,47;4,35;-3,53;-1,28;-12,46;-5,54;-1,34;-2,11;-8,6;0,98;2,93;5,38;5,86;3,54;-0,01;6,83;1,68
-0,69;1,54;4,79;0,77;-0,25;-2,41;10,21;-3,99;2,52;2,89;-5,62;-10,52;5,07;-1,86;3,88;-8,02;3,25;-0,8;2,02;11,13;13,72;-0,87;-3,55;-10,91;-3,64;1,25;-0,56;-2,99;5,52;1,35;26,84;-9,69;2,47;-0,15;2,27;10,83;6,31;-5,24;-17,98;3,5;-3,6;1,03;7,68;12,36;1,45;8,77;-7,41;4,4;-0,67;6,48;4,19
5,43;4,03;0,72;-3,23;-1,41;0,1;13,63;-2,02;-0,44;9,7;-7,35;-9,6;3,89;-3,02;1,62;-4,15;5,99;7,32;12,59;17,03;5,09;1,59;-10,5;-5,08;-6,5;-5,97;3,07;-9,45;8,04;-6,39;12,62;-3,97;2,23;-0,51;-0,28;7,12;7,04;-1,82;-16,98;-11,26;-1,78;10,69;-5,07;3,18;-2,66;11,89;4,45;6,75;2,28;8,49;3,5
13,32;0,92;4,26;-8,86;-2,11;0,41;25,38;-3,26;6,95;7,77;-23,29;-24,96;-1,22;-8,64;-3,16;-4,39;0,77;8,18;20,07;31,79;7,1;3,28;-14,47;-6,46;1,33;-5,37;1;-24,3;3,14;5;10,35;1,48;-1,05;-1,95;1,6;6,52;7,77;-6,85;-9,2;0,4;6,41;-0,23;7,47;2,15;-0,76;3,39;-6,39;1,23;-1,74;3,27;2,41
-2,22;4,77;-5,03;2,34;5,96;2,08;1,97;3,44;-1,25;3,65;3,57;-5,36;2,87;-4,04;-9,58;6,27;0,4;-3,13;-6,38;0,89;3,96;-5,91;-0,53;-5,15;-0,93;-12,5;8,83;1,91;0,76;4,71;6,54;13,06;5,39;0,07;2,71;1,2;-3,1;1,16;-11,65;-13,57;4,66;0,31;-22,64;-8,6;0,18;4,34;25,31;-2,17;0,36;11,42;0,49
20,53;7,8;-0,1;-9,78;-5,72;-3,64;25,52;-1,89;1,9;7,82;-25,63;-18,82;-1,53;-1,08;-1,27;-3,71;2,36;14,66;22,93;33,16;5,32;3,06;-18,28;-9,43;2,68;-4,18;3,97;-27,29;2,47;3,34;7,94;3,37;3,24;-0,24;-0,21;2,79;8,56;-5;-10,31;-2,91;4,86;0,99;-3,35;2,47;-3,15;4,27;7,45;0,89;-0,29;3,85;3,53
5,17;-0,62;0,81;-3,59;2,06;-2,28;9,72;-2,27;1,43;10,8;-10,32;-6,57;-1,31;-0,49;-3,38;0,91;0,97;2,8;3,6;13,14;1;3,57;-0,39;-4,69;3,57;-4,77;-1,66;-3,84;-0,91;3,34;5,6;-0,49;-2,41;1,25;-0,56;2,55;-0,47;-2,01;4,17;-5,02;2,67;4,55;10,5;1,94;-3,83;6,68;-9,47;2,81;0,37;-2,87;2,25
7,53;2,13;4,19;-6,14;0,51;2,61;18,33;1,65;2,98;16,16;-16,51;-22,26;-1,81;-11,01;-4,38;2,72;3;7,33;15,85;24,3;11,54;-3,13;-17,68;-6,11;0,48;-9,82;1,52;-19,41;2,24;-5,05;21,57;2,33;-8,29;0,11;0,23;5,54;3,08;-5,34;-15,51;-12,37;3,22;5,57;5,67;-8,9;-7,66;4,65;-5,26;4,71;0,25;5,95;0,03
0,07;9,54;-2,13;-2,43;3,02;-6,67;11,98;-2,63;12,28;4,79;-1,76;-13,39;7,23;-8,47;-2,87;1,59;0,86;1,46;8,42;6,11;8,29;-3,47;-0,51;-3,87;-1,55;-8,14;2,59;-0,6;-1,64;4,74;16,44;0,59;3,04;-3,51;9,08;0,32;7,95;-6,79;-12,2;2,35;-5,23;-5,05;4,85;7,44;7,53;11,57;-1,3;1,18;-4,66;6,53;3,71
7,41;1,67;-7,27;-2,8;-6,42;-0,12;21,54;-0,05;7,31;9,34;-20,28;-15,56;2,51;-4,38;3,08;-6,51;4,35;5,09;16,86;24,95;-0,5;5,43;-12,34;-2,94;-1,47;-3,9;1,73;-15,03;-7,64;2,75;-16,69;3,05;5,73;2,49;-2,28;-5,5;10,25;-7,22;9,86;-7,9;-1,07;0,28;-5,8;3,45;-5,99;6,51;4,1;1,87;0,47;-2,32;-0,4
4,01;0,75;2,88;-1,06;-3,9;-3,26;14,92;-3,57;9,38;3,62;-8,36;-15,87;4,43;-6,5;-3,12;-4,95;9;3,94;10,36;12,79;4,6;-1,23;-0,59;-3,17;-2,13;-10,99;4,53;-9,69;2,88;-0,06;7,91;6,45;-0,08;-0,35;-0,54;5,72;11,54;-8,59;-8,35;-9,68;-4,22;-3,27;-1,18;-1,46;-3,66;9,45;1,52;6,88;-0,45;3,95;1,44
7,36;9,06;-7,04;-8;-1,39;4,43;17,46;0,79;6,45;2,64;-22,69;-10,14;-1,32;-4,96;-3,45;2,9;6,23;6,56;17,75;24,47;2,01;7,6;-5,36;-3,75;-0,76;-12,51;3,34;-14,69;2,48;4,16;-5,23;8,45;0,51;2,95;-2,25;0,22;1,59;-5,37;-2,29;-14,41;-4,4;1,36;-4,26;-2,39;-3,98;8,18;7,6;1,9;-1,94;3,4;1,4
1,79;1,43;1,4;1,79;1,45;-4,66;14,63;2,04;9,62;5,42;-5,45;-15,39;7,78;-10,46;-4;-4,56;-2,07;2,31;7,17;11,6;10,26;-3,09;-4,11;-7,35;0,37;-2,25;0,18;-3,6;2,55;9,59;19,54;3,71;2,7;-0,51;1,55;7,67;10,31;-8,38;-11,59;2,89;8,38;-5,69;2,06;6,03;0,16;1,47;0,94;-2,93;-3,29;3,93;3,8
9,09;1,35;3,42;-0,64;-2,68;-1,5;15,75;-2,7;2,26;10,65;-13,43;-17,61;1,86;-7,4;-3,03;4,03;4,33;7,03;9,69;23,18;2,36;2,21;-10,85;-5,41;4,17;-9,7;0,54;-14,36;-0,55;3,06;7,42;3,76;-6,29;3,39;-3,87;3,65;8,22;-7,88;-1,22;-9,44;4,66;8,54;6,32;0,26;-6,89;6,62;-3,21;0,56;0,4;-1,17;1,46
10,57;-1,28;3,37;1,05;-4,57;-0,57;12,41;-3,71;-5,95;16,79;-13,35;-18,28;-6,15;-0,14;-1,21;2,37;8,98;5,23;8,42;20,58;-0,49;2,71;-12,6;-0,19;4,99;-12,31;-2,29;-18;0,58;-3,69;4,04;-1,69;-7,54;1,46;-1,2;5,03;4,9;0,6;2,93;-13,25;2,38;8,13;10,76;-3,1;-8,34;11,19;-5,53;5,59;2,65;-1,28;0,66
7,96;1,25;3,75;1,08;-2,6;-6,54;19,61;-3,51;5,01;8,76;-9,96;-18,13;3,42;-3,7;0,12;0,08;7,71;3,34;4,52;17,25;5,51;-1,8;-7,5;-4,13;2,81;-8,95;4,61;-11,43;3,39;-3,44;13,77;-1,62;-3,91;-1,25;1,77;3,93;11,31;-7,29;-11,89;-6,62;-5,46;2,63;4,81;4,35;-3;12,85;-5,11;5,35;-1,26;4,65;2,07
-0,36;-1,01;4,32;5,42;-2,84;-6,41;11,26;-1,61;4,82;3,45;-6,61;-17,52;8,76;-9,29;-0,41;-6,01;-0,38;-0,1;3,41;16,37;7,63;-2,22;-3,62;-6,33;1,72;-2,82;-0,49;-4,19;6,19;4,63;23,12;-2;5,75;-1,28;2,46;7,82;9,57;-9,99;-14,98;-1,1;-1,14;-1,33;4,19;7,09;2,95;6,93;-6,51;2,33;-0,51;5,72;3,6
3,89;2,11;7,73;3,14;1,9;-0,1;13,3;-7,44;-3,17;6,92;-8,91;-18,1;5,08;-5,27;0,33;-5,26;7,32;3,49;0,94;18,7;4,5;1,37;-9,79;-3,69;-2,3;-2,39;-2,21;-8,07;2,78;3,09;17,97;-8,6;-2,63;-2,15;3,07;5,04;4,75;-7,58;-8,34;1,83;-1,12;0,04;16,21;8,15;-0,25;11,4;-14,81;7,9;-0,39;1,88;2,66
13,55;1,08;3,81;-8,24;-5,84;-5,41;26,66;-6,18;6,19;16,7;-25,31;-21,42;-2,94;-0,89;0,42;1,98;10,86;11,15;23,09;31,48;5,08;0,41;-13,81;-2,35;-0,84;-14,78;1,49;-24,49;1,27;-5,69;5,18;0,15;-13,46;3,05;-5,64;1,88;14,11;-7,52;-6,93;-15,95;-0,38;15,57;1,51;0,23;-10,33;14,56;0,6;8,29;-0,65;4,72;1,86
6,55;6,87;-2,14;-8,68;1,28;-2,85;8,06;1,49;14;6,55;-14,77;-1,52;4,7;2,86;-1,26;-3,74;8,69;9,9;11,69;5,24;8,45;3,32;7,87;-4,15;-6,86;-9,04;2,34;-3,49;1,39;1,59;5,82;4,83;-4,28;1,2;-1,73;2,41;8,31;-10,72;-6,52;-9,19;-0,22;0,27;4,21;-0,18;-4,56;9,15;-3,45;5,97;-0,1;2,77;3,84
3,12;2,38;-2,88;5,38;-4,93;-3,32;6,06;-5,18;-3,11;13,48;1,75;-3,76;3,05;0,74;-2,1;3,62;8,5;-0,04;-0,43;6,32;7,04;3,74;-0,75;-3,79;-0,84;-11,3;0,97;-1,45;-1,4;-0,11;-0,96;1,89;-3,65;3,76;-5,65;-0,7;6,88;-2,18;-2,61;-16,49;-0,19;11,24;-0,02;-2,89;-10,58;12,1;1,45;6,29;1,49;3,51;1,87
10,41;3,05;-3,53;-7,46;2,62;-4,61;19,52;-2,25;-0,26;9,63;-12,46;-17,66;-2,13;-8,33;-6,35;7,59;12,64;7,96;14,57;19,64;5,92;0,66;-15,33;-5,53;5,69;-12,91;2,79;-15,8;2,53;-3,65;7,51;-2,51;-5,36;-3,31;-3,33;-0,88;-0,38;-0,17;-8,17;-18,59;1,91;7,03;-2,62;0,01;-7,62;14,16;2,68;3,42;1,78;4,96;0,16
1,04;-3,05;0,47;-3,64;2,04;-6,8;10,78;-2,84;9,92;11,2;-6,43;-12,45;7,67;-2,99;-1;-0,71;7,09;3,47;5,58;7,19;-4,02;6,62;4,82;2,92;-3,44;-10,53;-3,25;-3,39;-0,54;-1,16;-12,58;-0,28;-6,36;1,91;-2,05;-1,51;8,92;-9,78;3,66;-12,51;-2,13;8,11;1,26;2,45;-6,54;12,43;-2,99;6,74;-1,05;2,87;0,26
4,63;4,56;-2,53;-5,98;-2,76;4,99;18,88;-4,29;14,94;10,9;-15,72;-15,02;4,08;-10,81;2,52;-0,18;8,4;3,43;20,14;20,59;1,59;-4,41;-8,05;-4,38;-5,23;-6,73;-0,29;-13,88;-1,39;-3,19;11,75;-3,48;-4,58;0,84;-4;2,23;11,49;-5,99;-7,5;-9,72;3,44;12,62;-7,27;4,01;-7,76;10,33;11,62;3,51;2,2;7,09;3,18
-2,06;1,3;0,15;-2,68;-5,56;-2,78;21,09;-5,13;20,89;3,14;-15,6;-21,2;10,55;-11,34;-0,99;-1,48;1,49;1,98;17,3;17,23;5,18;3,35;3,75;-3,35;-7,76;-3,16;-3,41;-9,33;-0,57;3,28;5,15;3,22;5,86;0,44;-0,26;4,18;18,16;-17,05;1,47;-3,12;-0,83;-0,13;13,13;2,56;-0,7;5,19;-14,62;0,96;0,23;-3,48;2,53
11,02;0,89;-1,44;0,58;-0,79;-3,88;17,15;-0,86;-1,12;4,17;-10,16;-13,16;-0,57;-4,09;-4,8;2,82;2,59;3,96;10,7;19,01;4,68;3,32;-16,57;-2,76;1,93;-5,78;-4;-13,5;-0,64;2,22;4,15;5,84;-2,26;-1,01;0,71;4,71;3,17;0,87;1,96;-5;1,77;0,79;7,26;-1,52;-2,2;3,09;-5,8;0,72;-3,15;-1,96;0,86
7,5;-3,65;5,69;-5,67;2,89;3,56;16,43;-3,32;0,52;9,16;-12,17;-19,66;-3,79;-11,72;-2,43;4,13;10,11;6,44;11,9;22,51;0,95;-1,3;-16,21;-2,2;2,11;-12,39;-0,43;-18,72;0,57;-4,55;15,31;4,83;-1,83;-1,46;-0,85;2,73;0,01;-0,92;-0,5;-15,2;-1,04;5,3;14,44;-4,36;-5,79;11,23;-10,85;4,36;1,47;-0,28;0,36
12,38;3,95;-1,22;-10,16;-4,03;2,89;21,21;-0,24;10,16;-1,63;-21,38;-20,1;-3,81;-1,48;-3,1;-7,51;1,78;9,44;18,52;23,61;1,47;2,39;-4,81;-2,56;-8,55;-4,25;3,85;-25,04;3,68;6,63;3,61;9,31;12,93;-2,13;1,43;2,64;12,3;-10,62;-5,91;-0,31;3,2;-6,07;-4,97;5,31;1,3;3,64;6,42;-3,14;-1,06;5,99;2,25
3,27;9,49;-7,18;-3,73;0,62;-2,61;4,41;3,7;-0,65;-0,33;-2,58;-3,45;-8,15;0,7;-6,23;1,67;7,32;0,48;-0,71;1,95;5,51;3,99;1,48;5,63;4,7;-8,62;-6,28;-7,43;-2,57;4,9;2,41;12,13;0,61;3,49;-4,97;3,64;-4,01;2,91;3,98;-13,44;2,31;-3,53;12,19;-6,34;-4,85;3,73;-8,04;1,54;0,45;-1,26;0,52
2,46;3,23;4,17;-0,65;5,65;-3,07;6,65;-0,22;5,55;1,17;-3,31;-11,12;6,65;-8,4;-3,36;1,23;3,21;2,02;4,7;7,7;4,02;-1,24;-4,08;-5,86;-0,29;-5,41;1,83;-2,09;-2,79;5,37;10,29;5,24;3,19;2,07;-2,71;0,38;1,41;-3,24;-4,94;-9,55;0,26;1,93;5,72;0,39;-1,89;6,41;-2,56;1,76;0,13;3,07;2,32
2,78;-2,67;5,7;4,74;0,77;1;7,05;-1,78;-3,15;8,48;-6,08;-8,09;6,4;-4,58;-2,18;-0,65;4,21;-0,7;1;11,34;7,55;2,66;-9,46;-3,99;-0,78;-5,74;-4,57;-0,41;1,51;-3,03;14,33;-3,7;-4,2;-4,93;5,25;9,16;0,38;1,01;-4,19;-2,54;0,77;0,12;18,68;-0,53;2,45;8,1;-18,07;6,31;-0,11;-1;2,63
9,58;-0,95;-2,3;-2,53;-6,66;1,62;24,05;-5,16;0,39;15,11;-25,09;-11,38;-0,52;-0,16;0,04;-3,8;6,79;8,28;17,93;31,8;1,92;1,41;-14,18;-3,55;-2,18;-11,49;1,84;-15,59;-1,99;-0,79;-3,93;-5,4;-7,67;-2,11;3,17;1,52;11,01;-6,04;3,83;0,44;4,81;3,15;-3,37;6,57;-3,69;11,8;5,14;2,99;-0,77;-0,65;2,3
0,52;3,62;4,34;-3,26;3,37;-0,35;14,62;-5,35;5,4;6,33;-4,71;-14,79;5,37;-8,51;-4,77;-2,01;3,14;0,83;7,14;14,13;9,35;-2,63;-7,28;-12,47;-6,86;-7,74;6,84;-4,59;6,32;7,55;26,51;3,22;0,36;0,48;-0,12;5,51;5,35;-3,94;-20,97;1,19;5,45;0,76;-0,97;4,85;-3,06;6,81;-1,33;0,43;-1,53;9,99;3,24
13,82;-2,81;-2,17;-2,03;-2,23;-2,29;16,19;-0,78;-2,38;5,92;-15,61;-11,82;-8,38;-2,15;-4,94;-2,87;2,01;6,26;8,81;19,25;6,95;-2,23;-13,5;-3,95;8,81;-1,9;-0,27;-17,85;-5,42;8,77;3,81;1,32;-0,01;-1,13;-1,5;-1,44;-1,46;-1;2,84;-3,13;6,21;-4,18;3,39;-0,83;-5,79;1,79;-4,15;2,62;-0,77;-0,08;-0,78
3,36;0,53;2,39;4,27;-1,09;-7,47;6,46;-8,75;2,94;18,14;-2,45;-8,35;-1,09;0,41;0,04;-0,62;5,59;0,59;-0,92;2,32;-4,66;4,16;1,77;-4,75;5,78;-15,09;4,44;-5,99;0,86;-0,32;-1,62;0,63;-7,17;-0,89;-4,29;0,91;2,59;-5,4;2,61;-11,02;4,98;8,73;2,7;6,22;-13,51;12,29;-2,37;-0,99;-1,51;-2,25;-0,51
-0,86;3,15;0,76;2,35;-1,43;-1,75;7,69;-0,08;6,62;16,94;-1,56;-3,45;3,33;-5,06;-3,65;-1,04;5,45;1,07;4,55;4,78;3,63;0,5;3,85;-4,53;-0,16;-3,7;3,62;0,27;4;-1,37;10,66;-8,13;-10,37;-0,18;0,88;3,63;8,58;-3,97;-11,5;-5,97;8,08;4,76;-4,77;-1,28;-6,43;7,26;6,34;7,67;3,5;8,5;3,89
20,64;1,74;-0,93;-12,88;-5,92;-4,41;30,78;0,88;6,69;5,15;-27,59;-21,89;-5,17;-2,71;-2,32;-1,46;5,85;15,88;28,69;33,74;-2,88;2,5;-17,95;1,19;-0,57;-5,4;-3,72;-31,62;-5,17;-0,87;-8,98;-2,74;1,53;0,07;3,37;0,22;11,72;-7,12;9,92;-6,79;-3,24;1,17;0,51;-0,62;1,98;9,34;4,2;8,02;1,48;-2,4;0,81
8,48;-0,43;0,38;-3,48;-2,62;-0,91;11,72;-0,75;-4,3;15,01;-13;-7,22;-3,2;3,37;-3,04;-5,29;2,46;5,26;4,76;16,85;-5,42;2,97;-3,66;-5,41;-0,38;-11,05;2,53;-9,09;1,55;2,54;7,21;2,47;-3,94;0,52;1,39;3,3;4,54;-0,95;2,74;-7,2;3,79;0,62;5,13;-3,55;-6,35;5,53;-5,31;5,08;-1,56;-3,87;0,52
-6,97;-2,78;7,55;-1,15;4,42;-1,5;2,06;4,52;11,49;16,13;2,8;1,04;5,43;-5,62;-6,09;3,99;6,18;-3,13;1,59;-5,72;2,4;-2,11;10,68;-9,08;-0,35;-16,33;3,98;7,91;4,24;-4,71;13,35;4,01;-4,09;-1,29;1,49;4,4;3,61;-3,14;-8,64;-21,35;-0,18;6,27;1,79;-9,74;-4,64;10,86;-0,35;6,86;-0,58;1,62;2,04
-3,87;6,11;-0,2;-5,47;7,04;6,76;15,46;1,68;22,1;-2,44;-12,76;-29,46;3,3;-14,38;-2;1,27;0,87;0,86;13,97;13,08;5,43;0,38;-4,87;-5,12;-18,99;-4,89;3,53;-19,79;4,37;7,2;14,58;11,95;12,01;2,72;-4,31;7,04;10,69;-15,41;-12,99;-10,59;-0,78;0,75;-3,61;-0,97;-1,38;2,9;6,89;-3,42;0,43;8,19;1,04
3,83;2,6;-1,25;0,95;-2,37;-6,47;12,5;2,38;4,5;0,23;-6,36;-14,52;2,62;-1,9;3,24;-17,73;-3,12;1,62;4,82;8,42;5,59;2,74;-2,18;-6,26;-1,23;3,81;2,43;-6,89;0,93;7,83;7,06;2,02;2,26;-2,14;4,08;2,41;7,08;-9,64;-2,01;16,37;10,98;-11,98;4,22;12,7;6,61;-1,37;-6,83;-2,15;-3,03;0,86;2,2
2,73;-0,32;8,09;-6,3;1,82;-4,02;11,82;0,23;14,23;10,89;-5,17;-2,59;5,84;-6,56;-4,2;2,42;5,73;6,72;10,87;5,3;5,6;-0,29;6,29;-3,92;2,63;-12,25;4,77;1,47;7,95;-1,03;14,26;4,76;-1,5;-1,5;3,27;5,69;6,33;-6,85;-14,57;-9,1;-1,65;-0,42;5,25;-1,9;0,68;10,02;-2,85;4,02;-2,29;7,32;6
7,36;1,34;-0,79;-1,48;0,72;-3,23;10,42;2,09;3,36;-1,82;-4,66;-8,05;0,19;-2,77;-3,41;6,06;3,01;7,65;10,44;11,32;0,14;1;-9,51;-2,08;0,68;-3,08;-0,16;-9,57;-3,87;-1,9;3,78;10,64;6,08;0,2;3;-0,56;5,85;-0,32;3,72;-3,13;-0,11;-5,82;7,15;-4,74;4,09;-0,16;-5,3;-4,31;1,46;-0,53;2,34
9,73;-1,21;3,28;-1,52;-5,06;-1,43;20,9;-5,07;10,6;11,6;-9,58;-16,79;2,66;-7,44;-0,19;6,22;10,43;5,7;18,75;19,86;11,89;-0,25;-16,14;-8,51;-0,61;-11,1;-0,12;-16,1;3,84;-7,89;17,93;-3,45;-4,33;0,72;2,77;5,5;13,43;-3,81;-11,83;-13,68;-8,64;7,04;7,61;-4,77;-2,06;13,55;-5,96;9,28;2,24;5,66;3,81
-6,8;4,02;4,9;6,93;2,24;-5,83;0,64;6,01;-5,37;-2,61;7,2;-2,34;2,76;-1,28;-2,98;2,61;2,87;-6,01;-10,52;-1,62;5,2;0,93;4,94;-6,34;6,73;-2,74;0,81;10,21;4,28;2,74;20,54;14,27;8,55;2,06;2,78;8,45;-0,61;1,01;-9,56;-7,38;-2,56;-7,31;12,39;-6,19;2,25;1,91;-8,66;-0,28;-0,96;3,3;4,28
-1,33;0,62;1,63;8,61;2,12;-7,11;6,02;-1,06;-2,41;4,31;2,86;-2,88;9,95;-0,61;-3,33;-1,45;2,71;-1,16;-4,99;7,12;-0,64;0,77;-1,56;-1,12;-1,28;-8,69;0,99;7,04;-1,39;3,08;1,89;9,45;6,18;-1,72;0,48;-2,87;6,36;-0,75;-2,56;-6,01;-0,58;-2,84;1,17;2,71;-2;5,99;1,93;-2,43;-2,68;5,24;2,48
2,88;3,8;1,41;4;1,41;-4,43;11,72;-6,01;0,7;7,69;-4,28;-16,61;6,45;-9,43;2,18;-5,68;3,24;1,59;4,22;12,46;-1,03;4,96;-12,4;-2,62;-2,13;-8,59;-1,86;-7,4;0,38;3,23;2,56;-2,26;-0,41;0,54;-4,78;1,55;2,66;-5,14;-0,49;-5,24;1,37;6,96;6,17;11,14;-5,11;9,77;-1,84;0,21;-2,76;1,65;0,64
3,26;-2,85;1,69;8,74;3,16;-12,97;-0,56;-0,43;-11,17;6,46;13,02;0,62;0,86;3,47;-5,53;-1,15;0,09;-1,29;-11,1;-4,2;8,91;-2,18;-3,15;-10,94;10,55;-5,7;0,66;6,47;2,39;3,23;20,57;2,35;-2,37;-2,62;0,16;4,89;-4,84;7,33;-9,38;-5,64;5,76;1,25;5,74;-0,65;-3,25;3,56;-9,98;1,86;-2,59;1,41;0,57
12,75;1,63;-1,05;-10,12;-1,66;-4,19;18,4;1,08;7,79;7,85;-13,22;-17,55;-4,05;-6,11;-0,81;-4;4,31;8,09;14,31;18,49;0,92;5,78;-10,92;-1,98;3,88;-3,38;4,03;-23,29;4,41;0,11;-5,8;0,87;1,28;0,65;0,91;-1,36;4,72;-3,57;-2,99;-2,82;0,26;-0,8;-4,21;3,52;-0,96;6,04;3,91;2,35;-0,23;5,15;0,8
4,14;8,35;-2,24;-1,32;-3,93;-5,44;10,68;2,02;8,65;4,97;-9,74;-8,13;5,51;-0,01;-4,62;-2,69;1,89;6,2;9,2;8,05;4,96;-0,46;3,54;-1,89;-0,61;-2,58;3,29;-0,34;-3,63;6,22;1,81;-0,24;0,57;1,64;-0,57;-0,43;13,03;-8,9;-5,04;-7,41;1,71;-3,28;-1,92;-0,61;-1,8;4,71;4,03;5,33;-0,47;3,41;3,4
12,7;2,42;4,41;-8,16;-2,56;1,49;21,51;1,17;-2,01;10,87;-15,81;-20,65;-2,44;-2,03;-2,94;7,11;5,41;7,94;15,9;25,89;2,15;-0,48;-12,24;-2,13;-4,97;-15,72;1,35;-22,17;2,66;-5,5;11,9;8,14;-0,03;2,52;-1,55;5,98;7,5;0,79;-4,01;-20,54;-6,57;9,09;5,4;-4,48;-7,46;10,73;-1,32;0,63;0,34;3,1;1,3
11,24;1,26;-1,94;-2,59;-9,03;0,82;20,32;-1,92;2,8;10,78;-24,08;-20,31;0,37;-3,26;-1,78;-2,16;5,13;4,83;16,71;29,16;3,91;1,55;-15,06;0,48;-0,09;-5,71;-2,67;-20,56;-2,92;-1,09;-2,72;-4,08;-5,04;-2,06;0,33;0,96;9,58;-6,55;0,82;-6,49;4,93;5,64;1,51;1,42;-4,05;8;0,05;5,43;0,49;0,89;0,29
4,81;4,62;0,19;1,35;-3,6;-1,64;6,55;2,53;2,76;-0,26;-10,72;-4,57;2,61;-0,74;-2,78;-8,79;5,8;2,25;5,08;8,23;10,76;-0,57;1,6;1,35;1,42;-4,97;2,68;-5,47;4,62;5,52;9,15;2,83;1,32;-3,2;4,04;5,68;4,47;-5,24;-12,79;1,05;1,85;-10,87;1,15;5,77;1,41;6,8;-0,87;2,52;-3,61;6,47;3,26
10,98;6,24;-3,78;7,19;-0,38;-8,76;5,88;-1,18;-12,63;7,75;-4,45;-2,4;-3,35;4,42;-5,38;2,74;4,35;4,5;-1,78;8,46;5,52;0,76;-11,86;-2,16;9,82;-5,78;-3,07;-4,38;-3,21;4,21;6,1;4,18;2,01;1,8;-0,9;3,51;-1,72;5,88;-3,44;-6,59;2,83;1,63;2,66;0,82;-5,65;5,28;-2,21;-0,4;0,2;1,86;2,12
-1,01;2,48;8,17;-0,96;3,06;4,05;8,64;3,61;-5,57;3,19;-2,12;-6,56;3,75;-2,09;-5,43;-1,13;-0,24;-0,07;3,51;12,8;7,18;-1,67;-7,63;-6,7;-9,42;-3,42;4,16;-4,04;8,06;5,83;18,07;15,85;9,82;4,13;-2,36;5,08;4,06;3,33;-22,06;-10,46;0,83;-2,25;-0,13;-5,78;-1,36;0,14;2,92;0,32;-0,52;11,34;3,09
3,86;-4,41;5,62;5,05;0,93;-7,51;2,64;-0,65;-9,34;13,85;2,3;2,8;0,89;6,62;-7,27;8,25;10,17;2,87;-3,71;0,87;5,77;-2,43;-0,81;-11,28;4,3;-23,32;5,83;7,61;6,62;-1,01;17,89;13,98;-3,32;4,01;-7,07;9,07;1,02;3,14;-15,08;-26,51;3,13;13,93;-0,5;-6,8;-12,81;11,83;-2,47;0;0,17;3,73;2,11
8,13;4,38;2,47;-2,15;0,02;-8,94;9,6;-5,6;1,76;12,48;-9,52;-6,2;2,39;3,04;-4,8;-1,74;2,27;7,55;3,86;7,75;13,53;0,56;3,85;-7,75;5,04;-13,54;1,19;-4,14;9,73;6,96;26,85;13,19;-6,97;0,55;-0,67;9,67;4,42;-7,35;-24,83;-0,05;9,01;-2,3;2,61;0,81;-4,85;2,51;-0,8;-3,64;-4,19;11,61;4,38
1,32;5,52;5,17;5,61;-0,1;-8,13;4,4;2,75;0,37;1,23;1,24;-4,93;8,18;2,7;0,3;-3,99;1,94;0,36;-5,79;-0,22;1,51;-2,45;5,72;-0,46;1,59;-2,88;4,95;6,21;4,28;2,8;10,28;4,25;2,24;0,39;2,53;1,97;6,2;-4,88;-14,39;0,17;1,21;-4,52;-0,85;3,01;2,65;3,82;4,08;0,75;-0,95;8,93;4,33
11,74;3,77;3,88;-2,24;-6,11;1,23;18,04;-1,09;-2,43;5,94;-23,89;-19,42;-6,5;-4,34;-3,04;3,2;4,27;5,46;13,96;29,05;3,39;-0,66;-15,21;-4,01;7,28;-13,46;4,59;-24,64;3,06;-2,57;5,83;6,7;-0,31;-2,41;3,69;3,93;3,89;-2,98;-10,71;-12,42;0,85;4,64;-6,7;-7,25;0,77;8,51;10,05;4,42;-1,32;6,38;0
3,41;5,35;1,23;-0,66;-0,59;-0,91;10,97;-5,58;0,65;1,85;-6,15;-7,8;-0,93;-7,17;2,01;-5,85;2,76;0,45;9,9;10,83;7,77;-3,85;-6,08;-2,39;4,67;0,15;3,82;-5,44;-2,02;1,75;8,93;-2,76;6,04;-0,57;0,16;3,08;1,37;2,89;-9,75;-0,44;-5,63;-1,31;-5,52;9,07;0,43;8,28;9,63;3,27;-0,13;8,99;3,53
6,13;-2,59;5,92;-5,73;-5,38;2,17;16,6;5,61;9,99;-2,59;-23,09;-17,13;-1,51;-6,95;-6,12;5,47;0,63;6,73;17,74;21,77;8,3;2,81;-6,2;-12,99;3,71;-4,39;2,4;-15,56;1,59;4,41;15,79;15,63;11,58;1,65;3,97;5,57;8,52;-8,52;-7,18;-7,85;-1,92;-7,34;10,56;-5,04;5,64;2,37;-11,52;-2,7;-1,54;0,32;2,44
9,14;1,91;5,95;-3,74;5,31;6,09;25,7;-1,7;7,19;12,37;-16,65;-30,86;-0,4;-17,57;-2,63;4,85;4,35;4,21;15;27,41;9,5;-0,23;-25,1;-8,53;-7,26;-12,47;4,65;-24,31;6,29;-4,05;19,73;13,88;3,85;1,17;-2,86;10,67;1,72;-7,44;-19,01;-15,22;-1,1;7,46;3,75;-3,65;-7,34;5,31;-1,76;-3,13;-0,4;6,22;0,82
5,4;-0,37;9,08;5,96;0,67;-7,4;0,17;4,98;-15,37;10,8;3,75;9,59;-2,44;9,38;-0,58;-4,53;0,19;3,02;-5,02;2,07;6,38;-1,64;-7,06;-6,26;2,34;-6,46;4,97;6,34;10,88;1,71;23,74;6,57;-2,63;-2,01;2,98;8,72;-3,22;7,87;-21,96;1,14;11,06;1,87;5,75;2,29;-0,27;3,17;-7,23;-2,67;-3,86;7,29;5,21
7,6;-0,24;3,41;2,81;2,17;-3,2;19,88;-2,98;1,38;3,03;-13,19;-19,54;0,67;-10,58;-1,37;-2,99;0,61;2;7,61;19,78;0,05;-1,44;-17,76;-9,9;7,24;-6,67;6,12;-12,02;3,76;4,21;17,82;6,94;5,34;-0,44;-2,98;4,17;-1,65;-3,76;-6,36;-7,01;-0,72;2,64;3,46;4,15;-3,08;5,2;-3,08;-1,25;-2,12;1,35;0,85
6,65;3,63;3,55;-3,67;-3,83;-1,32;16,85;1,37;-0,13;4,74;-14,08;-6,4;3,13;0,67;0,79;1,6;6,74;8,36;14,74;19,35;10,82;0,42;-10,95;-5,57;-3,5;-7,88;-0,02;-7,21;5,25;-6,89;20,73;7,38;4,68;-0,7;-1,79;10,05;8,77;-2,81;-16,58;-16,19;-2,56;9,05;6,45;-0,95;-1,09;8,8;-3,62;1,29;1,53;7,08;5,27
-0,4;5,34;2,14;1,65;2,7;-4,09;7,22;0,85;1,71;-0,86;4,8;-14,78;5,93;-8,3;0,62;2,37;3,74;-1,49;-2,22;5,7;11,43;-2,29;-6,92;-7;-0,22;-3,75;2,36;-3,05;4,46;-2,74;15,22;3,88;8;-2,44;5,03;4,45;3,4;-0,89;-18,84;-3,44;-3,34;-1,53;-4,3;3,66;5,67;7;8,98;-1,73;-0,17;10,44;3,35
10,81;0,15;5,02;-8,87;-0,87;-0,69;17,81;-4,16;7,22;4,93;-22,61;-17,67;-5,61;-2,23;-0,96;-1,71;0,59;8,73;13,27;19,87;10,37;0,18;-6,1;-9,04;-0,75;-6,23;2,98;-20,21;7,08;1,09;24,28;1,68;3,99;-0,66;0,18;11,13;4,61;-10,94;-15,27;-6,53;-3,62;3,96;8,51;3,57;0,43;8,53;-12,32;3,5;-1,7;3,34;1,42
3,82;-1,48;6,23;-6,14;0,03;2,39;10,61;0,73;7,66;9,26;-9,03;-5,91;3,86;-5,44;-4,85;7,9;0,82;3,11;11,1;11,48;8,53;-0,21;-5,42;-10,69;-6,68;-11,95;2,71;-8,9;5,17;-2,25;21,41;10,25;2,91;-1,67;3,25;7,19;2,63;-2,74;-10,73;-9,07;-0,35;2,02;9,6;-0,91;-0,87;5,94;-8,08;-5,27;-2,1;2,69;2,86
-5,04;0,71;-1,67;5,89;3,29;-5,26;-2,39;-7,44;-1,19;17,42;10,37;-0,47;3,09;-6,82;-2,39;6,75;11,61;-2,01;-3,95;-4,78;0,54;-3,11;1,14;-4,47;7,78;-18,5;2,87;6,2;-2,06;-4,18;7,79;-2,72;-9,88;0,98;-4,37;0,12;-2,99;2,56;0,82;-17,19;0,64;15,94;-1,5;-0,83;-10,64;15,32;4,56;5,2;2,13;1,09;0,72
9,82;-1;1,23;1,46;1,04;-3,15;7,33;-5,4;-9,01;3,65;-7,73;-4,31;-6,82;-2,83;-0,54;8,15;7,72;5,1;6,33;14,15;-1,27;0,5;-12,7;-1,4;12,56;-7,63;2,85;-9;0,41;-2,62;6,15;4,01;1,07;-0,77;3,71;0,48;-4,06;7,1;1,06;-4,92;-3,95;2,15;5,11;1,56;0,86;9,6;-2,91;-0,86;0,83;0,76;2,48
10,77;-3,53;5,06;-6,42;-5,74;0,74;25,12;6,85;10,21;-1,3;-30,02;-25,38;1,26;-12,82;-5,74;2,68;1,82;7,01;23,08;33,42;5,27;1,82;-14,65;-9,58;4,56;-4,66;-0,77;-20,9;6,31;4,8;18,33;8,27;4,49;-0,96;1,12;12,93;7,73;-10,57;-7,71;-9,51;2,49;-6,37;7,81;-5,11;1,16;1,37;-6,93;-0,94;-1,32;0,52;1,37
0,95;-1,63;3,83;7,16;-1,35;-9,2;10,32;5,41;2,27;1,57;1,14;-15,54;10,15;-5,07;0,21;2,2;1,99;2,48;4,6;7,62;1,31;-1,85;-8,2;-0,84;0,81;-1,54;-1,77;1,05;-1,51;-3,15;5,97;5,34;2,15;-0,79;5,32;2,11;11,46;-4,75;-2,46;-5,49;-4,25;-4,53;4,37;-1,7;5,8;5,18;-3,73;0,94;-0,71;1,67;2,21
-2,76;1,66;4,6;-4,97;3,51;-2,01;8,29;-1,47;10,56;11,66;-1,87;-9,21;6,99;-8,82;-2,18;-10,19;2,4;5,61;11,81;6,78;7,51;0,7;4,74;-10,52;-3,24;-4,7;1,67;-0,13;6,6;5,5;23,32;-4,81;0,02;-1,87;-0,1;7,96;9,26;-6,64;-12,84;-1,12;3,3;2,01;7,78;8,67;-4,22;9,92;-4,87;6,17;-3,36;4,35;5,53
8,13;3,28;0,49;-6,19;0,23;2,88;12,68;-2,43;3,19;7,06;-8,26;-7,25;3,41;-3,89;-3,56;2,88;4,89;9,65;9,41;18,15;5,11;-4,21;-8,96;-11,49;-3,96;-11,82;0,13;-10,16;1,19;-2,31;26,23;6,72;-2,86;-2,51;2,2;5,57;5,34;-6,22;-12,1;-10,11;-2,61;0,12;4,35;-1,38;-2,04;9,65;-2,52;2,24;-3;2,64;2,14
12,55;-3,86;11,47;-1,72;-2,95;-9,79;14,63;3,07;7,95;11,31;-7,36;-4,83;4,85;-2,49;-1,68;-2,22;2,29;12,5;12,9;11,61;6,46;-3,88;-3,51;-5,11;4,39;-5,76;1,54;-5,25;7,1;0,17;31,95;2,57;-3,22;-0,36;4,48;14,79;9,12;-7,43;-18,6;-0,78;5,3;-1,34;15,8;3,01;0,2;6,21;-16,34;0,18;-0,07;5,49;7,61
2,63;-1,04;1,97;-5,74;5,04;5,61;8,85;-0,18;4,59;1;-3,21;-18,02;-5,62;-6,52;-1;-5,5;3,27;1,86;8,09;10,06;6,33;-1,21;-6,43;-8,74;-3,48;-3,69;0,43;-18,86;1,13;3,35;20,5;2,77;1,12;-2,14;0,98;4,5;2,81;4,11;-8,65;1,47;4,13;-2,96;9,71;4,77;1,41;3,52;-9,21;1,07;-2,26;3;1,41
6,52;-0,94;6,3;-8,63;-5,96;-1,42;28;-1,86;23,48;2,82;-22,02;-34,11;3,21;-14,88;-0,88;-7,14;4,77;5,42;25,11;26,29;4,35;-2,37;-7,4;-7,21;-4,47;-3,88;2,94;-27,05;5,16;9,23;22,96;-1,95;-0,27;-0,23;-1,46;7,15;20,11;-15,48;-14,14;-0,6;1,81;-2,52;6,29;9,37;-3,99;8,34;-5,24;3,45;-3,32;5,75;2,77
7,72;0,45;-0,55;-15,57;-0,04;3,59;26,66;3,19;10,68;6,43;-20,1;-28,66;0,41;-11,17;-3,23;3,25;-1,43;7,94;22,5;31,34;8,15;-5,26;-15,3;-11,68;-11,73;-7,23;4,06;-27,79;0,61;-2,67;17,05;13,98;8,35;0,27;0,46;6,6;12,01;-8,06;-9,68;-14,91;-3,47;1,92;-7,2;-7,14;-0,53;2,28;6,29;-1,67;-0,74;2,86;-0,77
3,97;3,94;-2,39;-16,92;2,54;10,71;27,65;-6,14;11,26;5,83;-18,8;-21,91;0,77;-10,7;-4,25;-2,18;2,73;7,91;22,61;31,29;3;5,09;-13,59;-0,3;-17,65;-11,77;-1,99;-24,67;0,13;5,57;-1,04;0,57;-4,27;-3,02;3,35;2,67;9,73;-6,83;-1,43;2,37;2,5;0,04;3,38;8,68;1,42;11;-3,72;2,1;-5,27;1,34;1,04
15,1;1,55;4,43;-0,72;-7,07;-2,08;18,58;2,87;0,11;5,4;-22,51;-9,48;-1,6;1,32;-4,96;-8,82;-0,43;8,47;13,17;23,72;14,7;-3,1;-13,22;-9,15;3,36;-4,83;3,43;-15,97;4,08;10,41;26,38;8,29;2,51;0,27;2,72;7,17;6,64;-5,79;-19,32;1,36;7,77;-11,62;5,48;-1,17;0,55;1,31;-3,79;2,37;-2,82;8,46;4,08
7,49;2,96;4,18;-4,46;-4,28;-0,27;12,83;2,38;-3,82;8,06;-12,35;-8,67;0,04;0,71;-3,54;2,67;-1,17;4,92;10,25;18,64;2,96;-1,86;-10,56;-7,2;-0,92;-7,37;4,26;-10,56;3,14;0,15;19,91;5,75;2,94;-0,51;3,15;1,54;4,01;1,08;-13,31;-10,57;-2,11;1,48;2,31;-2,92;-3,37;5,52;-2,2;-0,49;-0,88;7,67;1,74
10,37;6,09;-1,58;-6,96;1,93;-5,32;14,62;4,77;7,72;1,42;-15,93;-3,71;0,51;-1,45;-6,83;-3,56;-0,2;12,79;17,89;16,63;9,57;5,45;-7,07;-6,02;3,29;-7,61;-1,79;-7,38;3,55;8,35;9,74;12,32;4,56;-1,02;2,75;5,3;4,02;-6,87;-11,56;0,7;7,79;-9,52;3,1;0,22;3,51;0,84;-0,31;-3,19;-3,57;4,56;4,96
4,35;-0,62;-2,11;-0,78;2,31;-2,66;6,59;3,19;-2,09;11,51;-1,83;-8,14;-0,58;-2,89;-0,45;0,32;2,86;3,15;3,95;7,56;0,76;7,19;-8,11;-2,44;0;-8,67;-1,51;-9,23;-2,33;-0,72;-4,89;5,5;-8,25;3,72;-4,52;1,1;1,56;2,03;2,76;-11,73;6,15;6,35;3,86;-3,24;-7,61;4,51;-3,95;1,88;-0,41;0,33;-0,27
0,45;7,22;-9,7;-1,58;-0,15;0,95;10,18;-0,66;9,25;1,66;1;-10,07;5,78;-3,61;1,18;-0,57;2,91;0,68;10,11;6,03;2,69;8,25;-4,47;-0,5;-13,67;-3,45;-5,66;-7,13;-8,75;4,61;-13,51;7,93;9,67;1,15;1,42;-2,45;12,02;-0,98;11,44;-1,92;0,37;0,67;2,47;4,66;2,03;5,28;-0,49;-2,65;0,44;-3,54;3,14
2,37;4,54;-1,65;2,78;7,46;-7,31;1,33;-5,94;0,43;10,47;3,8;-9,3;2,45;-3,59;-2,85;-4,15;3,75;-0,38;-1,71;-3,53;0,63;0,06;0,43;1,09;3,87;-8,47;2,16;0,36;0,13;2,78;3,36;-4,37;-5,66;-2,24;1,59;1,02;-2,13;1,77;-4,51;-0,49;3,72;0,92;-4,83;4,55;-4,69;8,86;8,16;4,05;-0,94;7,29;1,2
8,64;3,48;-2,08;-4,07;-1,3;-6,74;13,83;-2,87;9,79;4,6;-9,34;-10,96;-1,18;-6,8;-0,92;-4,3;8,92;7,64;14,21;11,44;5,08;3,37;-2,73;-5,9;8,78;-8,95;4,09;-8,88;-1,74;0,7;0,3;-2,65;-7,43;-2,54;-2,99;0,65;5,97;-6,01;-2,01;-5,49;7,01;3,89;-1,16;6,34;-3,13;11,33;1,86;4,71;-0,81;2,59;2,48
14,55;2,01;-0,28;-8,83;2,44;1,58;17,88;-0,17;7,15;1,66;-19,92;-18,75;-2,08;-5,55;-1,69;2,21;5,7;12,2;13,28;24,29;12,06;-1,08;-7,57;-9,59;-2,28;-4,47;0,26;-18,49;2,26;0,66;16,76;2,19;-1,52;-0,29;3,53;6,43;5,91;-11,11;-13,13;-1,39;0,86;-3,59;-2,28;-0,2;2,7;5,55;6,54;1,99;0,08;7,19;2,99
7,4;2,99;-1,35;-2,22;-1,32;-5,72;12,01;1,39;7,6;11,68;-8,24;-14,46;7,81;-2,53;-2,62;-4,24;6,12;9,88;8,35;11,98;5,26;1,66;0,31;-4,29;-4,07;-11,66;-0,44;-6,28;4,29;4,25;17,57;6,48;-0,81;3,47;-3,62;6,49;10,9;-13,33;-5,67;-16,07;0,68;3,38;10,59;-3,45;-8,56;9,27;-11,62;6,32;-0,64;-0,15;2,48
2,57;1,93;-0,71;7,58;4,5;-6,31;4,88;-2,55;1,89;5,56;3,94;-12,97;6,34;-10,21;-3,57;-2,35;4,39;-1,57;-0,82;2,76;0,29;-0,5;-7,99;-5,81;3,84;-8,95;1,7;-0,07;-3,82;4,76;3,2;7,55;0,58;-0,84;-3,31;0,41;-1,06;-1,95;0,62;-8,1;4,19;-0,47;-0,38;0,24;-5,63;4,92;1,95;-0,24;-1,29;0,07;-0,77
-0,77;4,7;-3,07;8,21;3,23;-11,06;-0,77;3,77;0,55;2,54;7,83;-2,95;6,15;-1,66;-0,64;-2,54;1,7;-0,78;-7,23;-6,01;3,09;-0,73;6,6;-0,77;5,37;0,14;2,03;8,07;2,27;-1,28;2,51;3,75;2,1;-1,04;-1,05;2,12;2,62;-1,64;-6,38;-7,74;5,69;-1,19;-7,76;-1,49;-0,85;2,75;11,27;2,15;0,77;6,89;2,72
-0,27;3,12;-2,5;-3,3;0,71;3,82;15,04;-2,2;1,84;6,15;-11,63;-8,35;0,67;-3,59;-6,62;-6,66;1,71;1,47;10,14;18,25;-3,3;3,24;-6,04;-0,1;-4,31;-7,34;0,65;-5,1;-2,84;11,17;-9,47;3,77;-0,54;-1,46;0,63;-7,31;7,37;-0,77;4,28;-0,46;3,21;-8,93;-2,06;8,25;-5,32;6,73;5,36;-0,26;-5,1;5,15;0,62
9,62;2,78;-1,11;-3,13;-1,64;-4,95;13,17;-4,74;-1,05;7,2;-8,29;-8,33;0,5;-0,32;-1,84;-8,16;3,22;6,42;10,46;13,58;8,13;0,83;-9,48;-4,99;-0,38;-4,13;-1,01;-9,96;0,42;7,9;9,56;-3,1;2,62;-1,32;-0,1;4,5;1,93;-1,38;-7,51;1,21;5,52;-4,72;1,3;6,68;-2,88;6,07;-0,48;2,24;-0,57;4,55;2,23
7,69;-2,24;1,75;0,81;-4,25;-10,68;13,33;-4,5;6,81;7,02;-6,08;-14,19;-2,62;-1,65;0,09;-0,29;6,96;3,95;8,88;7,82;1,18;3,07;-3,74;-2,51;7,42;-10,84;-2,09;-13,97;-4,57;0,16;5,25;-4,01;-2,33;1,19;-1,32;1,11;8,23;-4,07;10,87;-12,59;-5,84;8,86;17,64;2,77;-2,54;15,1;-16,69;9,19;-0,46;-6,63;1,14
-2,62;6,95;-5,98;6,62;1,93;-0,23;-0,97;0,49;-12,13;6,72;4,17;3,18;1,73;0,53;-2,98;4,68;6,68;-1,65;-4,86;5,84;4,79;6,04;-5;2,63;5,55;-9,35;-1,23;7,65;-6,33;-1,39;-14,98;6,6;4,22;3,28;-3,46;-2,77;-1,21;8,89;5,31;-18,49;-5,38;5,19;-0,79;-5,19;-4,2;8,53;1,77;3,72;2,5;-0,25;1,19
9,36;6,27;-0,18;-3,09;-2,91;-1,03;17,1;-0,58;-3,68;2,72;-22,88;-17,25;-1,85;-2,38;0,18;3,36;6,19;4;7,12;27,42;6,85;0,28;-11,18;-3,4;3,91;-3,89;4,51;-14,52;4,07;-4,1;11,62;1,97;1,75;-0,9;5,03;3,49;2,07;-4,26;-13,75;-6,3;-3,37;3,16;-2,91;-3,66;3,38;8,24;5,48;5,58;1,35;8,08;2,11
11,75;7,76;-3,84;2,12;-8,02;-2,62;12,21;-4,14;-9,18;12,84;-10,17;-3,84;-3,02;6,05;-2,23;1,56;2,89;6,38;11,43;19,09;4,59;7,18;-12,54;-0,37;5,14;-7,15;-4,66;-12,24;-5,15;-0,84;-8,12;-3,63;-3,62;0,19;2,27;2,86;7,03;4,7;6,26;-5,41;0,35;7,36;3,98;1,84;-2,06;9,34;1,9;5,1;-0,51;-0,05;3,38
10,29;0,42;3,75;-5,61;-5,88;2,52;22,06;2,31;5;4,18;-27,79;-12,06;-4,63;-1,72;-1,92;3,94;4,59;6,59;19,47;29,25;9,34;0;-8,48;-7,93;5,1;-12,2;2,99;-16,13;6,2;-3,18;19,07;16,1;3,46;3,15;-4,17;4,76;7,5;-5,21;-16,46;-19,68;-3,4;6,53;3,73;-9,18;-6,82;4,7;-4,41;0,31;-0,54;6,99;2,17
12,7;1,44;-2,89;0,09;-1,53;-0,35;20,15;2,64;0,8;6,06;-16,45;-18,66;-5,93;-12,33;-3,63;-1,25;4,15;8,69;16,62;21,63;4,05;1,75;-18,64;-4,52;9,65;-6,12;0,91;-22,23;-2,19;6,31;0,53;6,97;0,71;2,17;-3,2;2,99;0,53;-2,01;-2,5;-7,35;5,96;0,44;-2,44;1,08;-3,89;4,5;-0,4;-0,04;-0,01;0,81;-0,07
12,44;1,24;-5,45;-8,64;3,75;-5,77;16,48;1,05;6,04;-1,98;-12,47;-20,09;-0,72;-5,06;-5,17;-5,92;4,45;11,14;12,23;16,69;-0,28;0,84;-8,82;-6,16;-0,51;-2,96;3,41;-18,31;2,89;7,16;0,52;6,17;-3,29;-1,3;0,74;2,75;5,85;-9,06;-1,96;0,32;9,07;-8,53;-10,3;0,46;0,42;2,15;11,38;2,68;-1,19;2,58;-0,14
3,78;3,65;-3,77;-7,03;3,73;3,58;13,26;-4,39;-0,62;4,38;-13,07;-14,2;-5,14;-5,79;-0,52;-0,24;6,57;3,61;12,01;17,26;9,21;3,04;-12,14;-4,9;1,95;-7,71;-2,67;-13,95;-1,09;-3,28;8,66;4,03;-2,37;-1,77;-2,24;0,19;-1,49;3;-5,83;-6,98;0,93;1,85;4,9;0,96;-4,28;6,45;-3,1;0,99;-1,47;4,81;-0,45
-1,67;3,75;-4,18;7,13;2,13;-7,46;-4,34;0,3;0,12;6,11;3,73;9,14;4,28;0,06;-2,42;-0,02;6,16;1,19;-8,29;-8,74;-3,63;1,82;8,13;-0,9;8,75;-7,39;2,79;14,3;-4,08;-1,54;-5,01;4,89;3,1;-0,64;3,74;-2,06;-3,16;-3,94;4,97;-6,94;-4,97;0,09;-3,39;2,54;0,85;9,51;7,73;2,73;-1,86;0,09;2,39
6,54;1,87;-1,62;-4,02;-0,93;-0,95;20,38;-0,25;7,5;4,6;-13,02;-18,68;-0,05;-8,34;0,74;1,82;5,95;5,49;13,57;21,42;-2,34;-0,26;-10,3;-5,42;1,2;-5,35;3,76;-17,2;0,45;-2,82;7,71;7,27;6,35;1,43;-1,29;0,9;8,34;-5,03;-2,33;-10,8;-4,18;3,8;-2,17;0,89;-4,38;6,97;3,68;-0,77;0,44;3,94;2,15
6,52;2,81;2,98;-11,43;6,19;3,26;16,3;2,63;7,29;0,59;-10,38;-18,53;-2,8;-10,87;0,72;-2,42;-0,56;8,99;14,14;16,56;7,54;3,45;-11,25;-5,02;-4,02;-2,55;0,15;-19,12;2,45;0,88;10,41;7,47;6,23;1,38;4,84;6,74;-0,51;-6,52;-9,31;0,99;-0,42;-1,66;5,65;1,36;7,24;4,31;-4,95;0,74;0,09;4,02;2,5
9,63;3,68;0,56;-2,28;-5,04;-0,81;19,39;1,26;10,35;5,77;-24,27;-23,74;3,71;-7,97;-1,57;-2,01;1,92;7,3;15,09;28,31;1,21;5,53;-10,76;-5,89;0,88;-4,13;2,04;-20,1;0,14;1,99;-3,72;3,98;6,44;-0,01;6,72;2,24;9,98;-14,8;-1,87;1,28;-0,15;-5,4;-0,76;-0,5;4,83;3,42;3,49;1,27;0,51;1,39;2,03
-3,63;5,2;1,2;-11,06;2,17;-4,86;9,96;0,76;5,66;7,14;-10,46;-9,47;4,78;-1,85;1,28;-6,96;3,5;2,84;8,83;10,72;5,13;2,4;2,64;-4,72;-0,87;-6,85;2,17;-1,79;4,82;0,17;11,88;3,34;2,51;0,31;-1,94;3,39;3,62;-4,44;-11,09;-8,55;0,11;2,46;1,65;4,19;-3,61;8,04;4,57;1,81;-1,03;8,9;2,99
9,37;3,41;-1,77;3,55;-3,87;-6,77;6,41;-1,14;-2,7;6,95;-5,12;3,8;-0,19;3,37;2,2;-1,63;2,65;8,95;7,46;7,21;8,67;1,35;-2,53;-7,15;3,97;-5,52;0,47;-0,33;1,77;-5,11;14,9;0,61;2,8;-1,97;3,89;3,5;5,11;-1,77;-8,87;-4,26;-3,35;3,74;5,71;4,43;2,1;9,33;-8,27;1,68;-1,2;3;4,65
5,16;4,38;-3,6;-10,49;2,69;3,34;19,38;2,05;7,67;2,3;-8,46;-16,22;-1,14;-8,7;-3,92;3,05;0,05;6,68;15,28;20,22;1,24;-1,72;-14,63;-0,99;-7,1;-7,36;1,62;-20,33;-7,01;2,42;-2,28;14,08;1,99;0,2;2,55;0,93;5,06;-1,75;2,91;-8,14;3,54;-1,31;-5,58;-7;-0,62;1,06;9,9;-1,58;-1,29;2,62;0,41
2,95;2,32;1,46;8,71;3,49;-1,59;6,83;-2,36;-5,9;3,75;0,57;-10,33;-4,91;-3,5;2,54;-10,56;-1,59;-2,39;-6,09;6,71;9,07;3,4;-10,54;-2,27;8,85;-0,96;0,42;-6,98;7,44;10,8;18,67;-4,7;-0,96;-0,78;0,65;12,26;-2,48;3,55;-8,41;7,87;4,12;-5,47;11,52;11,96;-0,23;3,52;-11,99;-0,22;-3,62;3,43;3,44
2,96;3,42;-4,16;0,78;4,52;-2,07;14,25;1,98;3,15;0,4;-6,71;-16,09;1,33;-8,78;-2,62;6,34;7,26;2,49;3,33;15,72;2,12;1,1;-7,52;-0,97;2,79;-8,86;2,88;-8,36;-4,71;-4,08;-9,11;16,42;4,71;-0,59;-1,07;-2,08;0,69;-6,59;3,83;-15,73;-0,09;2,08;-5,57;-8,53;-2,99;3,58;7,14;-1,46;0,64;0,93;-0,62
2,07;2,65;-4,09;-3,76;2,84;0,53;15,09;-5,46;6,86;3,47;-7,39;-7,17;-2,48;-12,33;3,82;-4,35;4,6;2,25;11,87;12,09;7,55;5,24;-6,39;-1,28;6,85;-4,32;-5,61;-6,03;-2,1;-2,54;1,45;-4,84;0,58;-0,69;-0,91;4,08;-0,32;-1,28;2,7;-7,25;-3,67;8,16;9,51;3,79;-1,21;11,57;-10,03;7,79;1,17;-2,11;2,09
2,74;7,62;-4,07;6,46;-3,79;-6,89;6,03;3,97;-1,72;4,09;-2;5,04;1,88;6,93;2,19;2,48;4,32;3,39;-0,07;4,95;3,23;5,32;1,98;-1,83;3,86;-9,27;0,23;4,28;-0,84;-4,13;-5,48;6,47;6,64;1,52;1,48;3,48;6,22;-3,85;-1,5;-17,09;-7,79;1,71;-2,55;-8,32;-1,01;6,53;6,76;1,38;3,86;1,21;2,99
9,68;-0,38;5,07;-7,81;0,97;-0,89;20,57;-1,72;4,56;3,58;-17,5;-25,81;-1,42;-8,52;-5,27;3,41;4,58;7,14;15,3;22,43;-3,5;4,98;-16,21;-7,36;-5,83;-9,04;2,5;-25,84;7,41;2,69;10,72;8,22;-0,52;-0,33;2,04;8,57;4,5;-5,42;-3,69;-6,98;2,46;-2,13;7,95;-3,63;-1,68;4,63;-5,21;-0,16;-1,23;1,23;-0,2
2,18;2,48;7,57;3,9;0,64;-0,27;7,11;0,7;-1,94;1,87;-7,07;-8,14;-4,53;-6,03;-1,4;-5,23;0,76;-0,24;-1,36;9,51;5,62;2,92;-1,77;-3,06;10,94;-3,5;1,95;-6,43;5,45;5,53;17,48;5,46;6,25;-1,35;1,09;8,5;-3,96;-2,1;-9,11;-4,71;1,45;-7,1;16,84;-0,33;-2,36;2,57;-12,43;0,04;-0,56;3,02;2,34
0,84;-2,41;6,21;-2,67;1,38;-2,95;11,65;-0,96;4,11;10,94;-8,22;-13,4;-0,1;-9,08;-5,53;-0,81;3,53;-1,49;8,41;12,33;8,08;-5,2;-6,3;-16,24;5,87;-13,05;5,85;-5,51;5,36;5,16;29,59;6,22;-5,67;-0,13;-4,34;8,38;-0,78;-0,96;-19,68;-11,11;7,88;3,45;-2,35;0,45;-11,3;6,4;2,61;-0,89;-4,01;6,6;0,65
7,62;4,27;-0,76;5,07;-6,52;-5,46;17,01;-7,85;6,96;9,49;-15,07;-16,32;3,41;-4,12;0,97;-3,55;8,22;2,9;8,65;16,62;4,01;3,79;-1,75;-5,45;4,84;-13,25;1,26;-8,75;0,18;0,96;5,44;-2,89;-5,94;-1,93;-2,88;-0,65;11,56;-8,21;-0,56;-5,58;-1,76;4,01;6,8;10,54;-6,5;14,46;-3,4;3,1;-3,11;3,36;2,48
3,76;2,5;1,81;-0,42;1;-3,23;5,05;-3,49;-6,31;5,83;-3,25;-3,58;3,68;3,33;-2,69;-9,19;0,76;0,58;1,71;10,73;5,35;-1,16;-4,94;-2,62;-0,31;-2,5;5,57;-2,82;0,21;11,56;4,39;-2,74;-7,09;0,95;-1,34;0,16;1,08;6,05;-7,37;3,67;11,1;-4,78;-1,81;4,77;-5,04;3,24;2,18;3,91;-2,53;5,74;2,03
5,33;4,32;2,1;5,56;4,35;-6,61;2,77;-1,52;-4,15;7,38;1,66;-3,61;-0,8;-4,83;0,88;-3,64;6,85;0,88;-4,97;2,01;-1,59;1,46;-8,77;-1,58;12,35;-10,55;1,43;-0,96;1,94;-0,81;3,66;6,79;2,72;0,19;-3,54;1,63;-8,03;3,53;-4,63;-12,29;2,44;3,01;-0,18;-0,6;-6,07;6,51;2,3;0,12;1,27;4,29;0,7
8,66;2,8;-1;-5,96;-2,52;-0,33;21,4;-0,29;10,46;10,52;-23,74;-21,25;4;-4,06;-0,88;-7,36;6,19;7,15;17,42;25,35;7,72;-3,44;-5,26;-8,26;-8,52;-7,74;8,53;-19,52;2,81;-4,63;13,54;-6,94;-5,57;-3,18;2,31;4,1;12,81;-13,42;-13,29;-8,2;-0,62;1,4;-8,86;0,59;-1,94;10,25;5,92;9,39;0,79;7,42;0,93
-1,79;2,05;0,71;3,72;-4,17;-5,92;7,63;-0,46;1,09;10,3;-1,86;-4,51;5,9;2,35;-0,71;-3,47;7,15;-0,55;-2,36;3,57;4,76;0,36;10,68;-7,66;-3,21;-10,22;3,71;4,02;3,42;0,69;13,01;1,99;-8,25;-0,29;0,42;3,67;10,5;-7,02;-9,81;-5,81;4,49;2,82;-1,32;5,76;-3,74;12,19;2,77;3,97;-2;6,97;3,84
0,21;2,29;-1,18;6,96;-1,41;-7,94;5,34;0,62;-5,41;5,7;-0,13;-8,37;3,58;2,15;-1,11;-0,11;4,25;-0,12;-6,22;4,82;6,25;2,09;0,2;0,14;-0,08;-7,76;-1,69;-0,1;-1,59;-1,43;1,35;-1,72;-3,28;-2,12;-1,1;3,21;6,29;-2,03;0,27;-16,55;-3,25;5,17;7,26;-4,73;-4,19;8,86;-7,57;8,15;-0,97;-0,52;-0,89
0,95;2,5;0,11;-9,71;4,96;-0,06;17,94;-3,11;14,14;7,14;-8,83;-13,4;0,89;-10,07;2,03;0,64;6,99;3,41;12,9;13,95;6,64;-2,8;-3,13;-4,06;-4,97;-4,41;2,99;-11,25;0,09;4,06;13,32;-4,21;-4,78;0,57;-0,51;1,11;5,39;-4,71;-8,34;-6,16;-0,52;4,94;0,79;4,17;-5,04;9,9;-0,07;3,85;-0,52;5,43;2,94
13,63;2,24;-3,85;-12,1;-3,18;4,15;33,15;2,93;16,04;-0,16;-26,38;-34,03;-4,28;-11,94;-0,44;-2,52;3,44;9,91;29,64;31,91;0,13;9,1;-15,14;-3,4;-10,33;-4,81;3,62;-36,85;2,61;-1,86;-7,13;3,29;4,56;-0,26;3,33;2,31;16,73;-8,23;0,45;-8,34;-6,72;-2,95;-1,2;-1,26;5,34;8,02;-2,08;6,3;-1;0,84;0,46
2,74;3,12;-3,1;1,92;-4,33;-8,54;6,55;-4,2;2,06;1,44;-7,68;1,7;6,5;2,7;0,72;-10,35;0,95;7,84;6,63;6,25;3,19;2,52;4,35;-4,44;0,83;-2,13;-1,14;3,35;0,01;7,83;9,68;-1,39;4,55;-2,52;2,47;4,23;8,46;-7,36;-1,19;5,57;0,25;-7,04;7,26;10,96;1,08;6,96;-5,66;1,67;-2,66;-0,29;4,65
13,43;6,85;-2,98;-2,54;-4,04;-4,02;11,4;-0,62;-5,21;3,93;-12,61;-7,26;1,07;0,9;-2,11;-5,08;4,72;11,09;10,01;19,72;13,16;1,08;-10,37;-3,82;1,7;-9,07;-1,13;-11,5;-2,06;5,51;15,15;3,31;-0,12;0,07;-0,61;4,49;5,61;-2,2;-10,83;-5,6;-1,79;-3,18;8,45;5,06;-3,4;9,74;-10,75;2,92;-2,43;4,48;2,4
3,71;0,86;4,72;-9,88;2,67;2,39;17,05;-8,17;10,34;13,16;-19,93;-17,79;0,69;-11,85;-3,13;3,37;11,6;6,3;19,04;21,29;4,79;0,61;-5,88;-6,35;1,94;-18,51;-1,04;-14,17;1,75;-1,38;13,87;0,33;-10,45;-0,79;-1,51;5,95;4,25;-5,17;-6,1;-10,74;2,25;6,95;7,4;2,27;-7,09;14,97;-5,05;4,13;-1,33;1,85;1,56
-8,33;2,83;1,63;10,2;2,7;-8,57;-5,33;0,84;-5,38;4,02;11,55;-0,35;3,27;-4,47;-1,2;2,29;8,29;-10,35;-14,23;-8,41;5,17;-0,46;3,81;-7,43;14,59;-8,25;1,9;15,16;3,1;0,06;16,7;4,81;-2,53;-1,08;-0,48;4,92;-6,61;5,02;-11,41;-7,91;3,17;0,14;2,6;-4,39;-0,6;5,09;-2,68;0,95;1,35;4,97;1,33
2,08;0,62;2,94;5,72;6,27;-9,03;-8,83;3,2;-13,14;11,91;14,92;9,66;-1,73;2,53;-3,22;2,23;4,42;0,82;-10,44;-9,99;8,84;-1,53;-0,07;-3,27;14,3;-12,52;0,96;11,65;4,78;-1,16;17,91;5,01;-4,91;-1,29;1,19;6,03;-7,52;10,84;-12,6;-13,68;3,6;3,13;7,47;-5,33;-5,06;7,54;-8,25;1,47;0,41;6,36;2,88
9,14;2,16;-7,68;-12,48;-0,91;6,73;22,22;-5,58;7,31;5,9;-21,89;-16,88;-3,09;-7,29;2,36;5,4;11,99;9,72;24,23;28,02;2,92;1,36;-15,35;-2,52;-7,83;-15,76;-1,77;-24,91;-1,17;-9,48;6,62;8,14;-0,15;1,32;-4,52;1,56;7,62;-2,32;1,17;-22,47;-10,04;11,92;2,14;-5,93;-6,79;13,67;-1,78;5,19;1,79;1,58;-0,65
4,08;1,79;-1,35;-1,94;0,54;1,26;14,3;0,52;6,19;6,25;-14,14;-18,98;3,76;-5,44;-7,96;0,74;5;2,85;8,1;19,29;4,9;2,33;-10,06;-3,98;-8,88;-12,14;0,74;-15,81;4,43;3;11,37;5,08;-2,16;-2,5;0,41;2,93;5,22;-10,65;-9,44;-12,46;1,5;-0,75;4,08;-3,99;-7,35;6,79;-3,76;2,59;-2,93;4,28;-1,5
7,82;1,05;-2,96;-0,49;2,89;-2,43;11,64;0,69;3,68;10,3;-6,94;-14,07;1,29;-6,13;-5,21;2,99;9,34;6,12;7;13,7;-1,46;7,3;-10,14;4,67;0,91;-13,14;-7,31;-8,98;-8,54;-3,99;-18,84;11,59;-4,03;1,64;-2,66;-3,25;3,34;-4,32;17,96;-16,38;0,33;3,76;10,58;-6,42;-4,65;8,52;-6,34;4,68;-0,48;-5,88;-0,58
5,66;5,44;-5,54;-2,51;-4,71;1,98;14,4;-3,55;5,41;4,9;-19,47;-16,42;4,96;-5,6;0,68;-2,75;7,31;6,02;15,15;22,99;4,09;5,6;-7,81;-1,57;-5,1;-5,87;-0,85;-13,9;2,26;-1,82;1,99;0,18;-6,95;1,18;-0,78;1,77;10,55;-8,51;-2,99;-3,79;-2,45;4,03;0,98;5,06;0,53;10,73;2,42;7,73;-2,12;4,01;2,61
-4,27;0,64;3,87;-4,55;2,56;-1,84;10,91;6,77;8,39;17,57;-7,96;-7,13;2,85;-0,48;-5,27;6,24;5,69;4,21;6,91;8,16;6,1;0,15;7,33;-6,69;-5,67;-11,58;-0,89;-1,57;-2,41;-6,19;10,26;15,12;1,87;0,33;4,1;4,21;9,59;-7,87;-4,55;-19,85;2,32;4,4;1,98;-15,87;-3,7;5,43;5,78;3,02;3,28;6,27;4,06
6,41;2,97;4,28;-1,97;1,2;-0,41;5,41;1,48;-9,15;-1,07;-0,1;3,17;-1,25;3,08;-2,88;6,76;1,9;5,34;1,48;7,92;11,11;-2,66;-5,53;-5,67;1,66;-3,14;2,37;-0,09;5,28;0,18;20,84;9,5;6,56;1;-0,94;10,64;-1,81;4,92;-15,46;-11,66;-1,67;4,09;4,36;-4,17;-0,01;2,82;-4,65;-1,31;0,36;6,28;4,27
7,15;0,27;-0,63;-3,35;-1,45;-5,77;10,54;-4,9;5,72;11,51;-10,58;-6,4;-2,05;4,21;-4,32;-4,44;7,79;6,57;8,12;7,99;7,31;-0,95;-1,51;-5,37;0,27;-14,6;-0,9;-10,08;-0,83;1,75;8,71;5,65;-0,55;-1,43;-4,04;2,19;8,68;-3,53;-4,06;-12,68;-1,58;1,5;1,74;3,69;-10,33;11,85;-1,09;3,09;-3,52;3,38;0,82
17,06;5,73;-7,39;-6,69;-4,98;0,75;25,34;-3,38;-0,04;15,98;-27,59;-14,21;-1,99;-0,06;-1,41;-6,42;7,83;12,62;18,77;34,18;-0,33;1,89;-15,05;0,2;-0,18;-4,89;0,01;-19,27;-2,73;-3,61;-2,5;-6,96;-6,66;-4,29;1,59;-0,59;7,52;-5,98;5,35;-1,37;4,09;2,96;-1,87;8,03;-4,43;11,29;2,38;6,75;-0,54;-1,04;2,02
16;-3,24;5,23;8,28;1,43;-7,56;5,93;-0,58;-14,87;7,63;-4,7;-7,93;-8,51;3,21;-1,86;3,37;9,49;4,22;-5;10,51;0,93;0;-16,44;-11,93;13,12;-3,72;2,95;-12,24;0,51;-1,81;7,36;3,72;2,12;2,16;-4,89;3,66;-7,68;5,08;-5,48;-10,08;2,46;4,04;-0,47;-3,23;-8,17;5;-1,09;1,09;5,6;0,05;-0,39
4,41;6,18;-4,09;-13,87;0,76;1,6;19,41;-4,09;12,6;7,23;-14,41;-9,19;4,32;-7,28;0,15;-3,1;8,52;10,16;20,28;16,37;10,98;5,34;-3,8;-1,28;-7,79;-7,48;-4,75;-9,3;0,91;-1,47;6,08;-3,75;0,85;-4,58;-0,31;5,07;10,31;-6,08;-6,36;-8,95;1,63;4,39;13,16;4,98;-4,65;13,06;-14,27;4,64;-0,33;-0,34;3,61
8,1;-1,62;6,58;0,37;1,9;-0,42;17,36;4,72;1,24;-0,18;-3,12;-19,72;-0,74;-12,14;-6,13;1,87;0,68;3,42;7,23;18,68;3,07;-4,3;-20,16;-7,13;0,46;-9,45;6,72;-17,25;7,3;6,61;17,3;16,03;3,46;0,88;1,64;4,84;3,47;0,55;-15,9;-5,75;3,45;-6,26;-6,4;-5,91;1,22;0,12;6,72;-3,53;-2,67;10,89;1,4
10,13;0,23;5,06;0,09;0,34;-4,52;12,13;0,97;-3,66;14,91;-8,68;-19,19;-1,93;-3,8;-4,72;15,18;6,11;5,4;2,92;17,49;2,8;-2,09;-10,96;-8,77;1,73;-14,48;6,25;-19,61;4,69;-8,67;15,33;3,34;-5,92;0,9;1,6;4,2;4,19;-2,73;-12,7;-22,32;0,13;13,09;-2,25;-14,71;-3,71;9,52;1,42;4,05;3,86;7,31;0,17
7,85;0,75;-1,67;-11,43;2,79;7,14;25,1;4,33;10,66;8,31;-19,13;-28,5;-1,83;-13,28;-2,85;-1,12;5,36;5,25;20,11;29,73;1,45;4,32;-20,09;-4,12;-8,74;-11,03;-0,96;-28,09;-2,37;-3,89;-0,59;4,8;-2,41;0,2;0,31;-1,47;4,6;-4,93;-0,5;-13,46;-2,05;2,69;1,89;-1,95;-3,38;8,75;-1,84;3,92;-2,28;2,42;-2,73
-8,23;1,09;4,23;-0,68;4,05;-4,1;6,24;7,26;2,79;-0,57;-1,24;-9,57;7,95;-3,28;-4,12;-14,31;-6,54;-2,39;-0,92;3,74;0,06;0,43;7,09;-6,48;-3,95;-4,22;3,19;6,99;5,24;9,77;14,13;11,63;7,23;-1,7;3,75;4,14;5,23;-5,18;-9,38;3,68;2,67;-12,28;2,15;5,79;4,64;0,04;1,26;-0,89;-7,68;4,41;1,69
8,58;6,26;-4,3;-1,35;0,76;0,36;18,59;-3,07;3,49;5,97;-12,35;-24,45;-3,19;-13,32;-0,8;1,1;6,11;2,87;12,47;21,19;3,49;3,11;-17,31;-3,01;1,52;-6,65;-0,68;-23,34;-2,43;-2,94;-2,2;-4,63;-7,29;-1,41;-3,97;1,94;1,83;-3,09;-2,88;-13,98;-0,55;7,65;-2,43;-0,93;-7,92;9,18;8,41;6,56;0,15;3,95;-2,15
5,7;-0,97;1,65;4;-0,56;-7,36;8,35;2,63;2,17;6,15;3,13;-12,34;8,31;-5,69;1,9;-7,77;4,12;5,91;3,78;7,64;-1,13;3,61;-4,37;-3,11;4,2;-4,32;-1,87;1,11;3,97;0,1;8,8;5,33;3,55;-0,79;1,66;2,63;7,85;-3,95;-2,99;-6,41;3,51;-0,12;6,81;1,43;-1,21;6,38;-7,54;2,95;-1,1;1,55;3,69
